CLUES,NOMBRE DE LA UNIDAD,NOMBRE COMERCIAL,REGION,NOMBRE DE LA INSTITUCION,CLAVE DE LA ENTIDAD,ENTIDAD,MUNICIPIO,LOCALIDAD,CLAVE DE LA JURISDICCION,JURISDICCION,NOMBRE TIPO ESTABLECIMIENTO,CLAVE TIPO DE VIALIDAD,TIPO DE VIALIDAD,VIALIDAD,NUMERO EXTERIOR,NUMERO INTERIOR,CLAVE TIPO DE ASENTAMIENTO,TIPO DE ASENTAMIENTO,ASENTAMIENTO,CODIGO POSTAL,REFERENCIAS DEL DOMICILIO,TELEFONO 1 DEL ESTABLECIMIENTO,NIVEL ATENCION,CLAVE ESTRATO UNIDAD,ESTRATO UNIDAD,CLAVE TIPO OBRA,TIPO OBRA,CLAVE PROPIEDAD DEL INMUEBLE,PROPIEDAD DEL INMUEBLE,OBSERVACIONES AL REGISTRO,LATITUD,LONGITUD
CSIMB000011,LAS BRISAS,LAS BRISAS,TAPACHULA,SERVICIOS DE SALUD IMSS BIENESTAR ,7,CHIAPAS,ACACOYAGUA,LAS BRISAS,7,TAPACHULA,DE CONSULTA EXTERNA,5,CALLE,CENTRAL CHIAPAS PONIENTE,SIN NÚMERO,,3,BARRIO,15 DE ENERO,30590,A DOS CUADRAS DE LA ESC. PRIM. VICENTE GUERRERO,9612556965,PRIMER NIVEL,1,RURAL,6,SIN MODIFICACION,1,PROPIO,"ESTABLECIMIENTO QUE PERTENECÍA A SECRETARIA DE SALUD DEL ESTADO, SE TTRANSFIERE A SERVICIOS DE SALUD IMSS BIENESTAR.",15.341651,-92.680193
CSIMB000023,H. B. C. MANUEL VELASCO SUAREZ ACALA,H. B. C. MANUEL VELASCO SUAREZ ACALA,ACALA,SERVICIOS DE SALUD IMSS BIENESTAR ,7,CHIAPAS,ACALA,ACALA,1,TUXTLA GUTIERREZ,DE HOSPITALIZACIÓN,3,AVENIDA,MORELOS,SIN NÚMERO,,7,COLONIA,CRUZ MISION,29374,"AV. MORELOS S/N, ACALA",9616932973,SEGUNDO NIVEL,2,URBANO,6,SIN MODIFICACION,1,PROPIO,"ESTABLECIMIENTO QUE PERTENECÍA A SECRETARIA DE SALUD DEL ESTADO, SE TTRANSFIERE A SERVICIOS DE SALUD IMSS BIENESTAR.",16.556405,-92.815191
CSIMB000035,VILLA DE ACALA,VILLA DE ACALA,ACALA,SERVICIOS DE SALUD IMSS BIENESTAR ,7,CHIAPAS,ACALA,ACALA,1,TUXTLA GUTIERREZ,DE CONSULTA EXTERNA,3,AVENIDA,MARIANO NANGO,10,,3,BARRIO,CANDELARIA,29372,"AV. MARIANO NANGO NO. 10, BARRIO CANDELARIA",9611170109,PRIMER NIVEL,2,URBANO,6,SIN MODIFICACION,5,OTRO,"ESTABLECIMIENTO QUE PERTENECÍA A SECRETARIA DE SALUD DEL ESTADO, SE TTRANSFIERE A SERVICIOS DE SALUD IMSS BIENESTAR.",16.5592,-92.805065
CSIMB000040,CENTRO DE SALUD ACAPETAHUA,CENTRO DE SALUD ACAPETAHUA,TAPACHULA,SERVICIOS DE SALUD IMSS BIENESTAR ,7,CHIAPAS,ACAPETAHUA,ACAPETAHUA,7,TAPACHULA,DE CONSULTA EXTERNA,3,AVENIDA,1A SUR PONIENTE,SIN NÚMERO,,25,PUEBLO,ACAPETAHUA,30580,A UNA CUADRA DEL MERCADO,9621072019,PRIMER NIVEL,2,URBANO,6,SIN MODIFICACION,5,OTRO,"ESTABLECIMIENTO QUE PERTENECÍA A SECRETARIA DE SALUD DEL ESTADO, SE TTRANSFIERE A SERVICIOS DE SALUD IMSS BIENESTAR.",15.280536,-92.690452
CSIMB000052,BARRA DE ZACAPULCO,BARRA DE ZACAPULCO,TAPACHULA,SERVICIOS DE SALUD IMSS BIENESTAR ,7,CHIAPAS,ACAPETAHUA,BARRA ZACAPULCO,7,TAPACHULA,DE CONSULTA EXTERNA,5,CALLE,SIN NOMBRE,SIN NÚMERO,,27,RANCHERÍA,BARRA ZACAPULCO,30586,A LADO DE LA AGENCIA COMUNITARIA,9627077504,PRIMER NIVEL,1,RURAL,6,SIN MODIFICACION,5,OTRO,"ESTABLECIMIENTO QUE PERTENECÍA A SECRETARIA DE SALUD DEL ESTADO, SE TTRANSFIERE A SERVICIOS DE SALUD IMSS BIENESTAR.",15.19506,-92.884743
CSIMB000064,EJIDO LAS MURALLAS,EJIDO LAS MURALLAS,TAPACHULA,SERVICIOS DE SALUD IMSS BIENESTAR ,7,CHIAPAS,ACAPETAHUA,LAS MURALLAS,7,TAPACHULA,DE CONSULTA EXTERNA,23,CAMINO,SIN NOMBRE,SIN NÚMERO,,13,EJIDO,LAS MURALLAS,30587,A UN COSTADO DEL DOMO,9622113045,PRIMER NIVEL,1,RURAL,6,SIN MODIFICACION,5,OTRO,"ESTABLECIMIENTO QUE PERTENECÍA A SECRETARIA DE SALUD DEL ESTADO, SE TTRANSFIERE A SERVICIOS DE SALUD IMSS BIENESTAR.",15.267016,-92.847315
CSIMB000076,BIENES COMUNALES LA LAGUNA,BIENES COMUNALES LA LAGUNA,OXCHUC,SERVICIOS DE SALUD IMSS BIENESTAR ,7,CHIAPAS,ALTAMIRANO,LA LAGUNA,9,OCOSINGO,DE CONSULTA EXTERNA,23,CAMINO,BIENES COMUNALES LA LAGUNA,SIN NÚMERO,,13,EJIDO,SIN NOMBRE,30194,A UN COSTADO DEL JARDÍN DE NIÑOS,9611321658,PRIMER NIVEL,1,RURAL,6,SIN MODIFICACION,1,PROPIO,"ESTABLECIMIENTO QUE PERTENECÍA A SECRETARIA DE SALUD DEL ESTADO, SE TTRANSFIERE A SERVICIOS DE SALUD IMSS BIENESTAR.",16.691625,-91.949688
CSIMB000081,CENTRO DE SALUD GUADALUPE VICTORIA,CENTRO DE SALUD GUADALUPE VICTORIA,SIMOJOVEL,SERVICIOS DE SALUD IMSS BIENESTAR ,7,CHIAPAS,AMATAN,GUADALUPE VICTORIA,5,PICHUCALCO,DE CONSULTA EXTERNA,5,CALLE,ADOLFO LOPEZ MATEOS,SIN NÚMERO,,13,EJIDO,GUADALUPE VICTORIA,29704,FRENTE A LA CASA EJIDAL,9321067414,PRIMER NIVEL,1,RURAL,6,SIN MODIFICACION,5,OTRO,"ESTABLECIMIENTO QUE PERTENECÍA A SECRETARIA DE SALUD DEL ESTADO, SE TTRANSFIERE A SERVICIOS DE SALUD IMSS BIENESTAR.",17.36899,-92.87236
CSIMB000093,UNIDAD MEDICA MOVIL EL LIMON,UNIDAD MEDICA MOVIL EL LIMON,SIMOJOVEL,SERVICIOS DE SALUD IMSS BIENESTAR ,7,CHIAPAS,AMATAN,EL LIMON,5,PICHUCALCO,DE CONSULTA EXTERNA,24,CARRETERA,SIN NOMBRE,SIN NÚMERO,,13,EJIDO,EL LIMON,29703,CASA EJIDAL DE LA COMUNIDAD,9196866781,PRIMER NIVEL,1,RURAL,6,SIN MODIFICACION,1,PROPIO,"ESTABLECIMIENTO QUE PERTENECÍA A SECRETARIA DE SALUD DEL ESTADO, SE TTRANSFIERE A SERVICIOS DE SALUD IMSS BIENESTAR.",17.3087,-92.819002
CSIMB000105,CENTRO DE SALUD REFORMA Y PLANADA,CENTRO DE SALUD REFORMA Y PLANADA,SIMOJOVEL,SERVICIOS DE SALUD IMSS BIENESTAR ,7,CHIAPAS,AMATAN,REFORMA Y PLANADA,5,PICHUCALCO,DE CONSULTA EXTERNA,3,AVENIDA,GUADALUPE,SIN NÚMERO,,13,EJIDO,REFORMA Y PLANADA,29700,CERCA DE LA ESCUELA PRIMARIA LAS 3 GARANTIAS,9611757993,PRIMER NIVEL,1,RURAL,6,SIN MODIFICACION,5,OTRO,"ESTABLECIMIENTO QUE PERTENECÍA A SECRETARIA DE SALUD DEL ESTADO, SE TTRANSFIERE A SERVICIOS DE SALUD IMSS BIENESTAR.",17.386312,-92.865177
CSIMB000110,FRANCISCO I. MADERO,FRANCISCO I. MADERO,EL PORVENIR,SERVICIOS DE SALUD IMSS BIENESTAR ,7,CHIAPAS,AMATENANGO DE LA FRONTERA,FRANCISCO I. MADERO,10,MOTOZINTLA,DE CONSULTA EXTERNA,5,CALLE,SIN NOMBRE,SIN NÚMERO,,3,BARRIO,FRANCISCO I. MADERO,30930,CERCA DE LA CASA DE DOÑA LEONOR AGUILAR,9622930639,PRIMER NIVEL,1,RURAL,6,SIN MODIFICACION,5,OTRO,"ESTABLECIMIENTO QUE PERTENECÍA A SECRETARIA DE SALUD DEL ESTADO, SE TTRANSFIERE A SERVICIOS DE SALUD IMSS BIENESTAR.",15.513769,-92.088463
CSIMB000122,PACAYAL FRONTERA,PACAYAL FRONTERA,EL PORVENIR,SERVICIOS DE SALUD IMSS BIENESTAR ,7,CHIAPAS,AMATENANGO DE LA FRONTERA,EL PACAYAL,10,MOTOZINTLA,DE CONSULTA EXTERNA,5,CALLE,SAN ISIDRO,SIN NÚMERO,,13,EJIDO,PACAYAL FRONTERA,30940,"AL LADO DEL CAMPO DE FUTBOL, PACAYAL.",9621272451,PRIMER NIVEL,2,URBANO,6,SIN MODIFICACION,5,OTRO,"ESTABLECIMIENTO QUE PERTENECÍA A SECRETARIA DE SALUD DEL ESTADO, SE TTRANSFIERE A SERVICIOS DE SALUD IMSS BIENESTAR.",15.6030623,-92.0481612
CSIMB000134,RÍO GUERRERO,RÍO GUERRERO,EL PORVENIR,SERVICIOS DE SALUD IMSS BIENESTAR ,7,CHIAPAS,AMATENANGO DE LA FRONTERA,RIO GUERRERO,10,MOTOZINTLA,DE CONSULTA EXTERNA,24,CARRETERA,A 20 DE NOVIEMBRE,SIN NÚMERO,,13,EJIDO,RIO GUERRERO,30930,SOBRE EL CAMINO AL 20 DE NOVIEMBRE,9627079898,PRIMER NIVEL,1,RURAL,6,SIN MODIFICACION,5,OTRO,"ESTABLECIMIENTO QUE PERTENECÍA A SECRETARIA DE SALUD DEL ESTADO, SE TTRANSFIERE A SERVICIOS DE SALUD IMSS BIENESTAR.",15.579278,-92.151047
CSIMB000146,20 DE NOVIEMBRE,20 DE NOVIEMBRE,EL PORVENIR,SERVICIOS DE SALUD IMSS BIENESTAR ,7,CHIAPAS,AMATENANGO DE LA FRONTERA,VEINTE DE NOVIEMBRE,10,MOTOZINTLA,DE CONSULTA EXTERNA,24,CARRETERA,A RIO GUERRERO,SIN NÚMERO,,13,EJIDO,20 DE NOVIEMBRE,30930,"CONOCIDO, 20 NOVIEMBRE.",9613688097,PRIMER NIVEL,1,RURAL,6,SIN MODIFICACION,5,OTRO,"ESTABLECIMIENTO QUE PERTENECÍA A SECRETARIA DE SALUD DEL ESTADO, SE TTRANSFIERE A SERVICIOS DE SALUD IMSS BIENESTAR.",15.562712,-92.078731
CSIMB000151,H. B. C. DE ÁNGEL ALBINO CORZO,H. B. C. DE ÁNGEL ALBINO CORZO,VILLAFLORES,SERVICIOS DE SALUD IMSS BIENESTAR ,7,CHIAPAS,ANGEL ALBINO CORZO,JALTENANGO DE LA PAZ (ANGEL ALBINO CORZO),4,VILLAFLORES,DE HOSPITALIZACIÓN,5,CALLE,QUINTA ORIENTE NORTE,SIN NÚMERO,,3,BARRIO,JALTENANGO DE LA PAZ CENTRO,30370,CARRETERA SALIDA PALESTINA S/N,9926550332,SEGUNDO NIVEL,2,URBANO,6,SIN MODIFICACION,1,PROPIO,"ESTABLECIMIENTO QUE PERTENECÍA A SECRETARIA DE SALUD DEL ESTADO, SE TTRANSFIERE A SERVICIOS DE SALUD IMSS BIENESTAR.",15.872464,-92.71695
CSIMB000163,NUEVA INDEPENDENCIA,NUEVA INDEPENDENCIA,VILLAFLORES,SERVICIOS DE SALUD IMSS BIENESTAR ,7,CHIAPAS,ANGEL ALBINO CORZO,NUEVA INDEPENDENCIA,4,VILLAFLORES,DE CONSULTA EXTERNA,5,CALLE,SIN NOMBRE,SIN NÚMERO,,13,EJIDO,NUEVA INDEPENDENCIA,30389,FTE.A LA ESCUELA TELESEC.BARRIO S.JOSÉ,2001238473,PRIMER NIVEL,1,RURAL,6,SIN MODIFICACION,5,OTRO,"ESTABLECIMIENTO QUE PERTENECÍA A SECRETARIA DE SALUD DEL ESTADO, SE TTRANSFIERE A SERVICIOS DE SALUD IMSS BIENESTAR.",15.672622,-92.575166
CSIMB000175,HOSPITAL GENERAL JUÁREZ ARRIAGA,HOSPITAL GENERAL JUÁREZ ARRIAGA,TONALA,SERVICIOS DE SALUD IMSS BIENESTAR ,7,CHIAPAS,ARRIAGA,ARRIAGA,8,TONALÁ,DE HOSPITALIZACIÓN,4,BOULEVARD,FRANCISCO SARABIA,SIN NÚMERO,,7,COLONIA,NUEVA ESPERANZA,30453,BOULEVARD FRANCISCO SARABIA S/N,9666620508,SEGUNDO NIVEL,2,URBANO,6,SIN MODIFICACION,1,PROPIO,"ESTABLECIMIENTO QUE PERTENECÍA A SECRETARIA DE SALUD DEL ESTADO, SE TTRANSFIERE A SERVICIOS DE SALUD IMSS BIENESTAR.",16.241557,-93.887718
CSIMB000180,ARRIAGA,ARRIAGA,TONALA,SERVICIOS DE SALUD IMSS BIENESTAR ,7,CHIAPAS,ARRIAGA,ARRIAGA,8,TONALÁ,DE CONSULTA EXTERNA,5,CALLE,2DA. SUR,SIN NÚMERO,,5,CIUDAD,CENTRO,30450,2A. SUR Y 3A. PTE. S/N CENTRO,9661140327,PRIMER NIVEL,2,URBANO,6,SIN MODIFICACION,5,OTRO,"ESTABLECIMIENTO QUE PERTENECÍA A SECRETARIA DE SALUD DEL ESTADO, SE TTRANSFIERE A SERVICIOS DE SALUD IMSS BIENESTAR.",16.2335417,-93.9027056
CSIMB000192,LA AZTECA,LA AZTECA,TONALA,SERVICIOS DE SALUD IMSS BIENESTAR ,7,CHIAPAS,ARRIAGA,AZTECA (LA PUNTA),8,TONALÁ,DE CONSULTA EXTERNA,5,CALLE,2DA. NORTE PONIENTE,SIN NÚMERO,,13,EJIDO,LA AZTECA,30461,A UN COSTADO DE LA AGENCIA MUNICIPAL,9631717182,PRIMER NIVEL,1,RURAL,6,SIN MODIFICACION,5,OTRO,"ESTABLECIMIENTO QUE PERTENECÍA A SECRETARIA DE SALUD DEL ESTADO, SE TTRANSFIERE A SERVICIOS DE SALUD IMSS BIENESTAR.",16.21726,-93.945139
CSIMB000204,PESQUERÍA LA GLORIA,PESQUERÍA LA GLORIA,TONALA,SERVICIOS DE SALUD IMSS BIENESTAR ,7,CHIAPAS,ARRIAGA,LA GLORIA,8,TONALÁ,DE CONSULTA EXTERNA,5,CALLE,NUEVO POBLADO LA GLORIA,SIN NÚMERO,,7,COLONIA,PESQUERÍA LA GLORIA,30463,NUEVO POBLADO LA GLORIA,9611149515,PRIMER NIVEL,1,RURAL,6,SIN MODIFICACION,5,OTRO,"ESTABLECIMIENTO QUE PERTENECÍA A SECRETARIA DE SALUD DEL ESTADO, SE TTRANSFIERE A SERVICIOS DE SALUD IMSS BIENESTAR.",16.1497701,-94.0927731
CSIMB000216,LÁZARO CÁRDENAS,LÁZARO CÁRDENAS,TONALA,SERVICIOS DE SALUD IMSS BIENESTAR ,7,CHIAPAS,ARRIAGA,LAZARO CARDENAS,8,TONALÁ,DE CONSULTA EXTERNA,24,CARRETERA,SIN NOMBRE,SIN NÚMERO,,13,EJIDO,LÁZARO CÁRDENAS,30455,JUNTO AL PARQUE Y LA BIBLIOTECA,9661057822,PRIMER NIVEL,1,RURAL,6,SIN MODIFICACION,5,OTRO,"ESTABLECIMIENTO QUE PERTENECÍA A SECRETARIA DE SALUD DEL ESTADO, SE TTRANSFIERE A SERVICIOS DE SALUD IMSS BIENESTAR.",16.2895279,-93.9770273
CSIMB000221,PESQUERÍA LA LÍNEA,PESQUERÍA LA LÍNEA,TONALA,SERVICIOS DE SALUD IMSS BIENESTAR ,7,CHIAPAS,ARRIAGA,LA LINEA,8,TONALÁ,DE CONSULTA EXTERNA,5,CALLE,SIN NOMBRE,SIN NÚMERO,,7,COLONIA,PESQUERÍA LA LÍNEA,30464,A UN COSTADO DE LA ESCUELA PRIMARIA,9666650551,PRIMER NIVEL,1,RURAL,6,SIN MODIFICACION,5,OTRO,"ESTABLECIMIENTO QUE PERTENECÍA A SECRETARIA DE SALUD DEL ESTADO, SE TTRANSFIERE A SERVICIOS DE SALUD IMSS BIENESTAR.",16.132684,-94.0336663
CSIMB000233,NICOLÁS BRAVO,NICOLÁS BRAVO,TONALA,SERVICIOS DE SALUD IMSS BIENESTAR ,7,CHIAPAS,ARRIAGA,NICOLAS BRAVO (EL HONDO),8,TONALÁ,DE CONSULTA EXTERNA,5,CALLE,CENTRAL  ,26,,25,PUEBLO,NICOLÁS BRAVO,30457,CENTRO MZA.26 C.1,9661122745,PRIMER NIVEL,1,RURAL,6,SIN MODIFICACION,5,OTRO,"ESTABLECIMIENTO QUE PERTENECÍA A SECRETARIA DE SALUD DEL ESTADO, SE TTRANSFIERE A SERVICIOS DE SALUD IMSS BIENESTAR.",16.2661571,-93.9161948
CSIMB000245,OJO DE AGUA CENTRO,OJO DE AGUA CENTRO,EL PORVENIR,SERVICIOS DE SALUD IMSS BIENESTAR ,7,CHIAPAS,BEJUCAL DE OCAMPO,OJO DE AGUA CENTRO,10,MOTOZINTLA,DE CONSULTA EXTERNA,23,CAMINO,SIN NOMBRE,SIN NÚMERO,,13,EJIDO,OJO DE AGUA CENTRO,30955,"CONOCIDO, OJO DE AGUA CENTRO.",9621662225,PRIMER NIVEL,1,RURAL,6,SIN MODIFICACION,5,OTRO,"ESTABLECIMIENTO QUE PERTENECÍA A SECRETARIA DE SALUD DEL ESTADO, SE TTRANSFIERE A SERVICIOS DE SALUD IMSS BIENESTAR.",15.4961,-92.1731
CSIMB000250,BELLAVISTA,BELLAVISTA,EL PORVENIR,SERVICIOS DE SALUD IMSS BIENESTAR ,7,CHIAPAS,BELLA VISTA,BELLA VISTA,10,MOTOZINTLA,DE CONSULTA EXTERNA,5,CALLE,CENTRAL PONIENTE,SIN NÚMERO,,3,BARRIO,BELLA VISTA,30130,SECTOR 2 MZA. 17,9622176484,PRIMER NIVEL,2,URBANO,6,SIN MODIFICACION,5,OTRO,"ESTABLECIMIENTO QUE PERTENECÍA A SECRETARIA DE SALUD DEL ESTADO, SE TTRANSFIERE A SERVICIOS DE SALUD IMSS BIENESTAR.",15.58309,-92.2463
CSIMB000262,NUEVO PACAYAL,NUEVO PACAYAL,EL PORVENIR,SERVICIOS DE SALUD IMSS BIENESTAR ,7,CHIAPAS,BELLA VISTA,NUEVO PACAYAL,10,MOTOZINTLA,DE CONSULTA EXTERNA,5,CALLE,CENTRAL ,SIN NÚMERO,,13,EJIDO,NUEVO PACAYAL,30133,"CONOCIDO, NUEVO PACAYAL.",9612767638,PRIMER NIVEL,1,RURAL,6,SIN MODIFICACION,5,OTRO,"ESTABLECIMIENTO QUE PERTENECÍA A SECRETARIA DE SALUD DEL ESTADO, SE TTRANSFIERE A SERVICIOS DE SALUD IMSS BIENESTAR.",15.6614,-92.3169
CSIMB000274,SAN JOSÉ LAS CHICHARRAS,SAN JOSÉ LASCHICHARRAS,EL PORVENIR,SERVICIOS DE SALUD IMSS BIENESTAR ,7,CHIAPAS,BELLA VISTA,SAN JOSE LAS CHICHARRAS,10,MOTOZINTLA,DE CONSULTA EXTERNA,24,CARRETERA,COMALPA - BELLAVISTA,SIN NÚMERO,,3,BARRIO,SAN JOSE LAS CHICHARRAS,30134,"CONOCIDO, SAN JOSÉ CHICHARRAS.",9621447949,PRIMER NIVEL,1,RURAL,6,SIN MODIFICACION,5,OTRO,"ESTABLECIMIENTO QUE PERTENECÍA A SECRETARIA DE SALUD DEL ESTADO, SE TTRANSFIERE A SERVICIOS DE SALUD IMSS BIENESTAR.",15.6412288,-92.20438
CSIMB000286,LAS CHICHARRAS,LAS CHICHARRAS,EL PORVENIR,SERVICIOS DE SALUD IMSS BIENESTAR ,7,CHIAPAS,BELLA VISTA,LAS CHICHARRAS,10,MOTOZINTLA,DE CONSULTA EXTERNA,5,CALLE,COMALAPA- CHICOMUSELO,SIN NÚMERO,,7,COLONIA,LAS CHICHARRAS,30134,CALLE PRINCIPAL,9631261201,PRIMER NIVEL,1,RURAL,6,SIN MODIFICACION,5,OTRO,"ESTABLECIMIENTO QUE PERTENECÍA A SECRETARIA DE SALUD DEL ESTADO, SE TTRANSFIERE A SERVICIOS DE SALUD IMSS BIENESTAR.",15.672779,-92.2109965
CSIMB000291,CENTRO DE SALUD OJO DE AGUA CÁRDENAS,CENTRO DE SALUD OJO DE AGUA CÁRDENAS,EL PORVENIR,SERVICIOS DE SALUD IMSS BIENESTAR ,7,CHIAPAS,BELLA VISTA,CARDENAS OJO DE AGUA,10,MOTOZINTLA,DE CONSULTA EXTERNA,24,CARRETERA,CARDENAS OJO DE AGUA ,SIN NÚMERO,,13,EJIDO,CARDENAS OJO DE AGUA ,30135,"CONOCIDO, OJO DE AGUA CÁRDENAS.",9612454971,PRIMER NIVEL,1,RURAL,6,SIN MODIFICACION,5,OTRO,"ESTABLECIMIENTO QUE PERTENECÍA A SECRETARIA DE SALUD DEL ESTADO, SE TTRANSFIERE A SERVICIOS DE SALUD IMSS BIENESTAR.",15.615,-92.1839
CSIMB000303,CENTRO DE SALUD URBANO BERRIOZABAL,CENTRO DE SALUD URBANO BERRIOZABAL,TUXTLA,SERVICIOS DE SALUD IMSS BIENESTAR ,7,CHIAPAS,BERRIOZABAL,BERRIOZABAL,1,TUXTLA GUTIERREZ,DE CONSULTA EXTERNA,3,AVENIDA,PRIMERA SUR ORIENTE,SIN NÚMERO,,3,BARRIO,LINDA VISTA,29130,,9611721171,PRIMER NIVEL,2,URBANO,6,SIN MODIFICACION,5,OTRO,"ESTABLECIMIENTO QUE PERTENECÍA A SECRETARIA DE SALUD DEL ESTADO, SE TTRANSFIERE A SERVICIOS DE SALUD IMSS BIENESTAR.",16.797861,-93.2662795
CSIMB000315,CENTRO DE SALUD EL BOSQUE,CENTRO DE SALUD EL BOSQUE,SIMOJOVEL,SERVICIOS DE SALUD IMSS BIENESTAR ,7,CHIAPAS,EL BOSQUE,EL BOSQUE,5,PICHUCALCO,DE CONSULTA EXTERNA,5,CALLE,PROGRESO,SIN NÚMERO,,3,BARRIO,SAN RAMON,29840,PROGRESO S/N. ATRAS DE LA ESCUELA FEDERA,9191307457,PRIMER NIVEL,2,URBANO,6,SIN MODIFICACION,5,OTRO,"ESTABLECIMIENTO QUE PERTENECÍA A SECRETARIA DE SALUD DEL ESTADO, SE TTRANSFIERE A SERVICIOS DE SALUD IMSS BIENESTAR.",17.063288,-92.719797
CSIMB000320,CENTRO DE SALUD CHAVAJEVAL,CENTRO DE SALUD CHAVAJEVAL,SIMOJOVEL,SERVICIOS DE SALUD IMSS BIENESTAR ,7,CHIAPAS,EL BOSQUE,CHABAJEBAL,5,PICHUCALCO,DE CONSULTA EXTERNA,5,CALLE,SIN NOMBRE,SIN NÚMERO,,3,BARRIO,CENTRO,29840,A LADO DE LA CASA EJIDAL,9612500279,PRIMER NIVEL,1,RURAL,6,SIN MODIFICACION,5,OTRO,"ESTABLECIMIENTO QUE PERTENECÍA A SECRETARIA DE SALUD DEL ESTADO, SE TTRANSFIERE A SERVICIOS DE SALUD IMSS BIENESTAR.",17.047466,-92.685221
CSIMB000332,UNIDADE MEDICA MOVIL LAS DELICIAS,UNIDADE MEDICA MOVIL LAS DELICIAS,SIMOJOVEL,SERVICIOS DE SALUD IMSS BIENESTAR ,7,CHIAPAS,EL BOSQUE,LAS DELICIAS,5,PICHUCALCO,DE CONSULTA EXTERNA,24,CARRETERA,PUERTO CATE A SIMOJOVEL 079,SIN NÚMERO,,7,COLONIA,UNION TIERRA TZOLTZIL,29844,CASA EJIDAL DE LA COMUNIDAD,9621058725,PRIMER NIVEL,1,RURAL,6,SIN MODIFICACION,1,PROPIO,"ESTABLECIMIENTO QUE PERTENECÍA A SECRETARIA DE SALUD DEL ESTADO, SE TTRANSFIERE A SERVICIOS DE SALUD IMSS BIENESTAR.",17.014393,-92.78493
CSIMB000344,PLAYAS DE CATAZAJÁ,PLAYAS DE CATAZAJÁ,PALENQUE,SERVICIOS DE SALUD IMSS BIENESTAR ,7,CHIAPAS,CATAZAJA,CATAZAJA,6,PALENQUE,DE CONSULTA EXTERNA,3,AVENIDA,TUXTLA GUTIERREZ,SIN NÚMERO,,7,COLONIA,CENTRO,29980,AV. TUXTLA GUTIÉRREZ S/N,9161261821,PRIMER NIVEL,2,URBANO,6,SIN MODIFICACION,5,OTRO,"ESTABLECIMIENTO QUE PERTENECÍA A SECRETARIA DE SALUD DEL ESTADO, SE TTRANSFIERE A SERVICIOS DE SALUD IMSS BIENESTAR.",17.723576,-92.011952
CSIMB000356,BOCA DEL RÍO CHICO,BOCA DEL RÍO CHICO,PALENQUE,SERVICIOS DE SALUD IMSS BIENESTAR ,7,CHIAPAS,CATAZAJA,BOCA DEL RIO CHICO,6,PALENQUE,DE CONSULTA EXTERNA,23,CAMINO,SIN NOMBRE,SIN NÚMERO,,13,EJIDO,BOCA DEL RIO CHICO,29984,A LA PAR DEL RIO,9631090702,PRIMER NIVEL,1,RURAL,6,SIN MODIFICACION,1,PROPIO,"ESTABLECIMIENTO QUE PERTENECÍA A SECRETARIA DE SALUD DEL ESTADO, SE TTRANSFIERE A SERVICIOS DE SALUD IMSS BIENESTAR.",17.877759,-91.959715
CSIMB000361,C.S. VILLA FRACCIONAMIENTO EL ROSARIO,C.S. VILLA FRACCIONAMIENTO EL ROSARIO,PALENQUE,SERVICIOS DE SALUD IMSS BIENESTAR ,7,CHIAPAS,CATAZAJA,EL ROSARIO,6,PALENQUE,DE CONSULTA EXTERNA,5,CALLE,SIN NOMBRE,SIN NÚMERO,,13,EJIDO,EL ROSARIO,29984,AL LADO DE LA IGLESIA,9686842809,PRIMER NIVEL,1,RURAL,6,SIN MODIFICACION,5,OTRO,"ESTABLECIMIENTO QUE PERTENECÍA A SECRETARIA DE SALUD DEL ESTADO, SE TTRANSFIERE A SERVICIOS DE SALUD IMSS BIENESTAR.",17.8064,-92.1001
CSIMB000373,H. B. C. DE CINTALAPA DE FIGUEROA,H. B. C. DE CINTALAPA DE FIGUEROA,CINTALAPA,SERVICIOS DE SALUD IMSS BIENESTAR ,7,CHIAPAS,CINTALAPA DE FIGUEROA,CINTALAPA DE FIGUEROA,1,TUXTLA GUTIERREZ,DE HOSPITALIZACIÓN,4,BOULEVARD,RODULFO FIGUEROA,SIN NÚMERO,,7,COLONIA,URBANA,30400,BLVD. RODULFO FIGUEROA Y AV. MIGUEL HIDALGO,9612334514,SEGUNDO NIVEL,2,URBANO,6,SIN MODIFICACION,1,PROPIO,"ESTABLECIMIENTO QUE PERTENECÍA A SECRETARIA DE SALUD DEL ESTADO, SE TTRANSFIERE A SERVICIOS DE SALUD IMSS BIENESTAR.",16.681323,-93.730085
CSIMB000385,FCO. I. MADERO,FCO. I. MADERO,CINTALAPA,SERVICIOS DE SALUD IMSS BIENESTAR ,7,CHIAPAS,CINTALAPA DE FIGUEROA,FRANCISCO I. MADERO,1,TUXTLA GUTIERREZ,DE CONSULTA EXTERNA,5,CALLE,FRANCISCO I. MADERO,SIN NÚMERO,,7,COLONIA,FRANCISCO I. MADERO,30429,AV. CENTRAL Y 13 OTE. SUR S/N,9611167741,PRIMER NIVEL,1,RURAL,6,SIN MODIFICACION,5,OTRO,"ESTABLECIMIENTO QUE PERTENECÍA A SECRETARIA DE SALUD DEL ESTADO, SE TTRANSFIERE A SERVICIOS DE SALUD IMSS BIENESTAR.",16.8028,-93.7571
CSIMB000390,CS. 1 NUEVA TENOCHTITLAN,CS. 1 NUEVA TENOCHTITLAN,CINTALAPA,SERVICIOS DE SALUD IMSS BIENESTAR ,7,CHIAPAS,CINTALAPA DE FIGUEROA,NUEVA TENOCHTITLAN (RIZO DE ORO),1,TUXTLA GUTIERREZ,DE CONSULTA EXTERNA,5,CALLE,SIN NOMBRE,SIN NÚMERO,,7,COLONIA,NUEVA TENOCHTITLAN (RIZO DE ORO),30425,"NUEVA TENOCHTITLAN, CINTALAPA",9611932736,PRIMER NIVEL,1,RURAL,6,SIN MODIFICACION,5,OTRO,"ESTABLECIMIENTO QUE PERTENECÍA A SECRETARIA DE SALUD DEL ESTADO, SE TTRANSFIERE A SERVICIOS DE SALUD IMSS BIENESTAR.",16.4769,-94.0829
CSIMB000402,POMPOSO CASTELLANOS,POMPOSO CASTELLANOS,CINTALAPA,SERVICIOS DE SALUD IMSS BIENESTAR ,7,CHIAPAS,CINTALAPA DE FIGUEROA,POMPOSO CASTELLANOS,1,TUXTLA GUTIERREZ,DE CONSULTA EXTERNA,3,AVENIDA,SEGUNDA NORTE PONIENTE,SIN NÚMERO,,7,COLONIA,POMPOSO CASTELLANOS,30417,AV. 2A. NTE. PONIENTE ENTRE CALLE CENTRAL NTE.,9612008632,PRIMER NIVEL,1,RURAL,6,SIN MODIFICACION,5,OTRO,"ESTABLECIMIENTO QUE PERTENECÍA A SECRETARIA DE SALUD DEL ESTADO, SE TTRANSFIERE A SERVICIOS DE SALUD IMSS BIENESTAR.",16.59213,-93.86714
CSIMB000414,ELOY BORRAS AGUILAR,ELOY BORRAS AGUILAR,CINTALAPA,SERVICIOS DE SALUD IMSS BIENESTAR ,7,CHIAPAS,CINTALAPA DE FIGUEROA,INGENIERO ELOY BORRAS AGUILAR,1,TUXTLA GUTIERREZ,DE CONSULTA EXTERNA,5,CALLE,CUARTA PONIENTE,420,,7,COLONIA,ELOY BORRAS,30417,CONOCIDO,9612336322,PRIMER NIVEL,1,RURAL,6,SIN MODIFICACION,1,PROPIO,"ESTABLECIMIENTO QUE PERTENECÍA A SECRETARIA DE SALUD DEL ESTADO, SE TTRANSFIERE A SERVICIOS DE SALUD IMSS BIENESTAR.",16.634095,-93.94177
CSIMB000426,VISTAHERMOSA,VISTAHERMOSA,CINTALAPA,SERVICIOS DE SALUD IMSS BIENESTAR ,7,CHIAPAS,CINTALAPA DE FIGUEROA,VISTA HERMOSA,1,TUXTLA GUTIERREZ,DE CONSULTA EXTERNA,5,CALLE,VISTA HERMOSA,SIN NÚMERO,,7,COLONIA,VISTA HERMOSA,30420,PENDIENTE,9612449692,PRIMER NIVEL,1,RURAL,6,SIN MODIFICACION,5,OTRO,"ESTABLECIMIENTO QUE PERTENECÍA A SECRETARIA DE SALUD DEL ESTADO, SE TTRANSFIERE A SERVICIOS DE SALUD IMSS BIENESTAR.",16.518611,-93.961944
CSIMB000431,PIMIENTA BERLÍN,PIMIENTA BERLÍN,CINTALAPA,SERVICIOS DE SALUD IMSS BIENESTAR ,7,CHIAPAS,CINTALAPA DE FIGUEROA,PIMIENTA BERLIN,1,TUXTLA GUTIERREZ,DE CONSULTA EXTERNA,5,CALLE,CUARTA PONIENTE,420,,7,COLONIA,PIMIENTA BERLIN,30400,4TA. PONIENTE Y 5TA. SUR NO. 420,9617717678,PRIMER NIVEL,1,RURAL,6,SIN MODIFICACION,1,PROPIO,"ESTABLECIMIENTO QUE PERTENECÍA A SECRETARIA DE SALUD DEL ESTADO, SE TTRANSFIERE A SERVICIOS DE SALUD IMSS BIENESTAR.",16.75014,-93.666927
CSIMB000443,EMILIANO ZAPATA,EMILIANO ZAPATA,CINTALAPA,SERVICIOS DE SALUD IMSS BIENESTAR ,7,CHIAPAS,CINTALAPA DE FIGUEROA,EMILIANO ZAPATA,1,TUXTLA GUTIERREZ,DE CONSULTA EXTERNA,24,CARRETERA,SAYULA,SIN NÚMERO,,13,EJIDO,EMILIANO ZAPATA,30424,EMILIANO ZAPATA CINTALAPA CHIAPAS,9632526272,PRIMER NIVEL,1,RURAL,6,SIN MODIFICACION,5,OTRO,"ESTABLECIMIENTO QUE PERTENECÍA A SECRETARIA DE SALUD DEL ESTADO, SE TTRANSFIERE A SERVICIOS DE SALUD IMSS BIENESTAR.",16.867102,-93.685196
CSIMB000455,LIC. BUENAVISTA MATA SANOS,LIC. BUENAVISTA MATA SANOS,TUXTLA,SERVICIOS DE SALUD IMSS BIENESTAR ,7,CHIAPAS,COAPILLA,BUENAVISTA (MATASANOS),1,TUXTLA GUTIERREZ,DE CONSULTA EXTERNA,5,CALLE,SIN NOMBRE,SIN NÚMERO,,7,COLONIA,BUENAVISTA MATASANOS,29653,NO DISPONIBLE,9613534031,PRIMER NIVEL,1,RURAL,6,SIN MODIFICACION,5,OTRO,"ESTABLECIMIENTO QUE PERTENECÍA A SECRETARIA DE SALUD DEL ESTADO, SE TTRANSFIERE A SERVICIOS DE SALUD IMSS BIENESTAR.",17.1093,-93.0671
CSIMB000460,HOSPITAL GENERAL MARÍA IGNACIA GANDULFO COMITAN,HOSPITAL GENERAL MARÍA IGNACIA GANDULFO COMITAN,COMITAN,SERVICIOS DE SALUD IMSS BIENESTAR ,7,CHIAPAS,COMITAN DE DOMINGUEZ,COMITAN DE DOMINGUEZ,3,COMITÁN,DE HOSPITALIZACIÓN,5,CALLE,9A. SUR ORIENTE,11,,3,BARRIO,SAN SEBASTIÁN,30029,,9611064003,SEGUNDO NIVEL,2,URBANO,6,SIN MODIFICACION,1,PROPIO,"ESTABLECIMIENTO QUE PERTENECÍA A SECRETARIA DE SALUD DEL ESTADO, SE TTRANSFIERE A SERVICIOS DE SALUD IMSS BIENESTAR.",16.246124,-92.129627
CSIMB000472,COMITÁN DE DOMÍNGUEZ,COMITÁN DE DOMÍNGUEZ,COMITAN,SERVICIOS DE SALUD IMSS BIENESTAR ,7,CHIAPAS,COMITAN DE DOMINGUEZ,COMITAN DE DOMINGUEZ,3,COMITÁN,DE CONSULTA EXTERNA,3,AVENIDA,7A. SUR ORIENTE,3,,3,BARRIO,SAN SEBASTIAN,30029,7A.SUR ORIENTE NO. 3,9191312814,PRIMER NIVEL,2,URBANO,6,SIN MODIFICACION,1,PROPIO,"ESTABLECIMIENTO QUE PERTENECÍA A SECRETARIA DE SALUD DEL ESTADO, SE TTRANSFIERE A SERVICIOS DE SALUD IMSS BIENESTAR.",16.24791,-92.131491
CSIMB000484,PRIMERO DE MAYO,PRIMERO DE MAYO,COMITAN,SERVICIOS DE SALUD IMSS BIENESTAR ,7,CHIAPAS,COMITAN DE DOMINGUEZ,PRIMERO DE MAYO,3,COMITÁN,DE CONSULTA EXTERNA,23,CAMINO,SIN NOMBRE,SIN NÚMERO,,13,EJIDO,PRIMERO DE MAYO,30107,NO DISPONIBLE,9621424427,PRIMER NIVEL,1,RURAL,6,SIN MODIFICACION,1,PROPIO,"ESTABLECIMIENTO QUE PERTENECÍA A SECRETARIA DE SALUD DEL ESTADO, SE TTRANSFIERE A SERVICIOS DE SALUD IMSS BIENESTAR.",16.283906,-92.03085
CSIMB000496,STA. ROSALÍA,STA. ROSALÍA,COMITAN,SERVICIOS DE SALUD IMSS BIENESTAR ,7,CHIAPAS,COMITAN DE DOMINGUEZ,SANTA ROSALIA,3,COMITÁN,DE CONSULTA EXTERNA,5,CALLE,SIN NOMBRE,SIN NÚMERO,,27,RANCHERÍA,SANTA ROSALÍA,30101,NO DISPONIBLE,2227701662,PRIMER NIVEL,1,RURAL,4,REHABILITACION,1,PROPIO,"ESTABLECIMIENTO QUE PERTENECÍA A SECRETARIA DE SALUD DEL ESTADO, SE TTRANSFIERE A SERVICIOS DE SALUD IMSS BIENESTAR.",16.474987,-92.247488
CSIMB000501,NUEVA CONCORDIA,NUEVA CONCORDIA,VILLAFLORES,SERVICIOS DE SALUD IMSS BIENESTAR ,7,CHIAPAS,LA CONCORDIA,LA CONCORDIA,4,VILLAFLORES,DE CONSULTA EXTERNA,5,CALLE,PRIMERA ORIENTE,SIN NÚMERO,,7,COLONIA,CENTRO,30360,1A. ORIENTE Y 2A. NORTE S/N CENTRO,9612132133,PRIMER NIVEL,2,URBANO,6,SIN MODIFICACION,5,OTRO,"ESTABLECIMIENTO QUE PERTENECÍA A SECRETARIA DE SALUD DEL ESTADO, SE TTRANSFIERE A SERVICIOS DE SALUD IMSS BIENESTAR.",16.117606,-92.687422
CSIMB000513,BENITO JUÁREZ,BENITO JUÁREZ,VILLAFLORES,SERVICIOS DE SALUD IMSS BIENESTAR ,7,CHIAPAS,LA CONCORDIA,BENITO JUAREZ,4,VILLAFLORES,DE CONSULTA EXTERNA,24,CARRETERA,INDEP. - JALTENANGO,SIN NÚMERO,,7,COLONIA,BENITO JUAREZ,30363,CARR.INDEP.-JALTENANGO ENTRADA A LA COL.,9612030104,PRIMER NIVEL,2,URBANO,6,SIN MODIFICACION,5,OTRO,"ESTABLECIMIENTO QUE PERTENECÍA A SECRETARIA DE SALUD DEL ESTADO, SE TTRANSFIERE A SERVICIOS DE SALUD IMSS BIENESTAR.",16.044372,-92.816966
CSIMB000525,DOLORES JALTENANGO,DOLORES JALTENANGO,VILLAFLORES,SERVICIOS DE SALUD IMSS BIENESTAR ,7,CHIAPAS,LA CONCORDIA,DOLORES JALTENANGO,4,VILLAFLORES,DE CONSULTA EXTERNA,5,CALLE,SIN NOMBRE,SIN NÚMERO,,13,EJIDO,DOLORES JALTENGO,30365,CALLE PRINCIPAL S/N A UN COSTADO DEL PQU,9613212801,PRIMER NIVEL,1,RURAL,6,SIN MODIFICACION,5,OTRO,"ESTABLECIMIENTO QUE PERTENECÍA A SECRETARIA DE SALUD DEL ESTADO, SE TTRANSFIERE A SERVICIOS DE SALUD IMSS BIENESTAR.",15.89712,-92.77776
CSIMB000530,GUADALUPE VICTORIA,GUADALUPE VICTORIA,VILLAFLORES,SERVICIOS DE SALUD IMSS BIENESTAR ,7,CHIAPAS,LA CONCORDIA,GUADALUPE VICTORIA,4,VILLAFLORES,DE CONSULTA EXTERNA,3,AVENIDA,SEGUNDA SUR ORIENTE,SIN NÚMERO,,25,PUEBLO,GUADALUPE VICTORIA,30362,LADO ORIENTE DE LA COLONIA,9611505198,PRIMER NIVEL,1,RURAL,6,SIN MODIFICACION,5,OTRO,"ESTABLECIMIENTO QUE PERTENECÍA A SECRETARIA DE SALUD DEL ESTADO, SE TTRANSFIERE A SERVICIOS DE SALUD IMSS BIENESTAR.",16.013208,-92.897191
CSIMB000542,REFORMA,REFORMA,VILLAFLORES,SERVICIOS DE SALUD IMSS BIENESTAR ,7,CHIAPAS,LA CONCORDIA,REFORMA,4,VILLAFLORES,DE CONSULTA EXTERNA,3,AVENIDA,1A. SUR,SIN NÚMERO,,27,RANCHERÍA,REFORMA,30369,FRENTE AL PARQUE CENTRAL DE LA COLONIA,9931320847,PRIMER NIVEL,1,RURAL,6,SIN MODIFICACION,5,OTRO,"ESTABLECIMIENTO QUE PERTENECÍA A SECRETARIA DE SALUD DEL ESTADO, SE TTRANSFIERE A SERVICIOS DE SALUD IMSS BIENESTAR.",15.918657,-92.664423
CSIMB000554,DIAMANTE DE ECHEVERRÍA,DIAMANTE DE ECHEVERRÍA,VILLAFLORES,SERVICIOS DE SALUD IMSS BIENESTAR ,7,CHIAPAS,LA CONCORDIA,EL DIAMANTE DE ECHEVERRIA,4,VILLAFLORES,DE CONSULTA EXTERNA,5,CALLE,SIN NOMBRE,SIN NÚMERO,,25,PUEBLO,DIAMANTE DE ECHEVERRIA,30362,FRENTE AL PARQUE CENTRAL,9631335028,PRIMER NIVEL,1,RURAL,6,SIN MODIFICACION,5,OTRO,"ESTABLECIMIENTO QUE PERTENECÍA A SECRETARIA DE SALUD DEL ESTADO, SE TTRANSFIERE A SERVICIOS DE SALUD IMSS BIENESTAR.",16.112019,-92.880067
CSIMB000566,EL ÁMBAR DE ECHEVERRÍA,EL ÁMBAR DE ECHEVERRÍA,VILLAFLORES,SERVICIOS DE SALUD IMSS BIENESTAR ,7,CHIAPAS,LA CONCORDIA,EL AMBAR (EL AMBAR DE ECHEVERRIA),4,VILLAFLORES,DE CONSULTA EXTERNA,5,CALLE,SIN NOMBRE,SIN NÚMERO,,25,PUEBLO,EL AMBRA DE ECHEVERRIA,30362,FRENTE AL PARQUE CENTRAL,9651172811,PRIMER NIVEL,2,URBANO,6,SIN MODIFICACION,5,OTRO,"ESTABLECIMIENTO QUE PERTENECÍA A SECRETARIA DE SALUD DEL ESTADO, SE TTRANSFIERE A SERVICIOS DE SALUD IMSS BIENESTAR.",16.097748,-92.832956
CSIMB000571,COPAINALÁ,COPAINALÁ,TUXTLA,SERVICIOS DE SALUD IMSS BIENESTAR ,7,CHIAPAS,COPAINALA,COPAINALA,1,TUXTLA GUTIERREZ,DE CONSULTA EXTERNA,5,CALLE,SEGUNDA NORTE PONIENTE,6,,25,PUEBLO,SANTA ANA,29620,2A. NORTE PONIENTE NO. 7,9671179795,PRIMER NIVEL,2,URBANO,6,SIN MODIFICACION,5,OTRO,"ESTABLECIMIENTO QUE PERTENECÍA A SECRETARIA DE SALUD DEL ESTADO, SE TTRANSFIERE A SERVICIOS DE SALUD IMSS BIENESTAR.",17.093406,-93.212807
CSIMB000583,ICALUMTIC,ICALUMTIC,CHAMULA,SERVICIOS DE SALUD IMSS BIENESTAR ,7,CHIAPAS,CHAMULA,ICALUMTIC,2,SAN CRISTÓBAL DE LAS CASAS,DE CONSULTA EXTERNA,22,NINGUNO,SIN NOMBRE,SIN NÚMERO,,25,PUEBLO,ICALUMTIC,29329,FRENTE A LA ESCUELA PRIMARIA,6971559295,PRIMER NIVEL,1,RURAL,6,SIN MODIFICACION,5,OTRO,"ESTABLECIMIENTO QUE PERTENECÍA A SECRETARIA DE SALUD DEL ESTADO, SE TTRANSFIERE A SERVICIOS DE SALUD IMSS BIENESTAR.",16.864986,-92.659097
CSIMB000595,JOMALHO,JOMALHO,CHAMULA,SERVICIOS DE SALUD IMSS BIENESTAR ,7,CHIAPAS,CHAMULA,JOMALHO,2,SAN CRISTÓBAL DE LAS CASAS,DE CONSULTA EXTERNA,24,CARRETERA,LOS RANCHOS CORRALITO KM. 30,SIN NÚMERO,,7,COLONIA,JOMALHO,29325,CARRETERA PRINCIPAL,9671197501,PRIMER NIVEL,1,RURAL,6,SIN MODIFICACION,5,OTRO,"ESTABLECIMIENTO QUE PERTENECÍA A SECRETARIA DE SALUD DEL ESTADO, SE TTRANSFIERE A SERVICIOS DE SALUD IMSS BIENESTAR.",16.838782,-92.717868
CSIMB000600,RANCHO NARVÁEZ,RANCHO NARVÁEZ,CHAMULA,SERVICIOS DE SALUD IMSS BIENESTAR ,7,CHIAPAS,CHAMULA,NARVAEZ,2,SAN CRISTÓBAL DE LAS CASAS,DE CONSULTA EXTERNA,24,CARRETERA,ESTATAL RUMBO A IXTAPA,SIN NÚMERO,,21,PARAJE,NARVAEZ,29323,A 600 MTS. DE LA ESCUELA PREESCOLAR,9671382509,PRIMER NIVEL,1,RURAL,6,SIN MODIFICACION,5,OTRO,"ESTABLECIMIENTO QUE PERTENECÍA A SECRETARIA DE SALUD DEL ESTADO, SE TTRANSFIERE A SERVICIOS DE SALUD IMSS BIENESTAR.",16.799182,-92.755397
CSIMB000612,ROMERILLO,ROMERILLO,SAN CRISTOBAL DE LAS CASAS,SERVICIOS DE SALUD IMSS BIENESTAR ,7,CHIAPAS,CHAMULA,ROMERILLO,2,SAN CRISTÓBAL DE LAS CASAS,DE CONSULTA EXTERNA,5,CALLE,YACOLVE,SIN NÚMERO,,25,PUEBLO,ROMERILLO,29320,A UN COSTADO DE LA ESCUELA,9676795477,PRIMER NIVEL,1,RURAL,6,SIN MODIFICACION,5,OTRO,"ESTABLECIMIENTO QUE PERTENECÍA A SECRETARIA DE SALUD DEL ESTADO, SE TTRANSFIERE A SERVICIOS DE SALUD IMSS BIENESTAR.",16.765438,-92.568015
CSIMB000624,SACLAMANTÓN,SACLAMANTÓN,SAN CRISTOBAL DE LAS CASAS,SERVICIOS DE SALUD IMSS BIENESTAR ,7,CHIAPAS,CHAMULA,SACLAMANTON,2,SAN CRISTÓBAL DE LAS CASAS,DE CONSULTA EXTERNA,5,CALLE,SIN NOMBRE,SIN NÚMERO,,3,BARRIO,SACLAMANTÓN,29320,A UN COSTADO DE LA ESCUELA,9671277734,PRIMER NIVEL,1,RURAL,6,SIN MODIFICACION,5,OTRO,"ESTABLECIMIENTO QUE PERTENECÍA A SECRETARIA DE SALUD DEL ESTADO, SE TTRANSFIERE A SERVICIOS DE SALUD IMSS BIENESTAR.",16.788171,-92.634254
CSIMB000636,MAJOMUT,MAJOMUT,CHAMULA,SERVICIOS DE SALUD IMSS BIENESTAR ,7,CHIAPAS,CHAMULA,MAJOMUT,2,SAN CRISTÓBAL DE LAS CASAS,DE CONSULTA EXTERNA,24,CARRETERA,CHAMULA-CHENALHO,SIN NÚMERO,,7,COLONIA,MAJOMUT,29329,200 MTS DE LA CARR. PAVIMENTADA,9671340028,PRIMER NIVEL,1,RURAL,6,SIN MODIFICACION,5,OTRO,"ESTABLECIMIENTO QUE PERTENECÍA A SECRETARIA DE SALUD DEL ESTADO, SE TTRANSFIERE A SERVICIOS DE SALUD IMSS BIENESTAR.",16.848616,-92.659605
CSIMB000641,CHANAL,CHANAL,SAN CRISTOBAL DE LAS CASAS,SERVICIOS DE SALUD IMSS BIENESTAR ,7,CHIAPAS,CHANAL,CHANAL,2,SAN CRISTÓBAL DE LAS CASAS,DE CONSULTA EXTERNA,5,CALLE,JOSÉ MARIA MORELOS Y PAVÓN,SIN NÚMERO,,3,BARRIO,CHANAL CENTRO,29440,CONOCIDO (CONTIGUO A LA SUPERVISION ESC),9612363040,PRIMER NIVEL,2,URBANO,6,SIN MODIFICACION,5,OTRO,"ESTABLECIMIENTO QUE PERTENECÍA A SECRETARIA DE SALUD DEL ESTADO, SE TTRANSFIERE A SERVICIOS DE SALUD IMSS BIENESTAR.",16.658466,-92.261423
CSIMB000653,CHENALHÓ,CHENALHÓ,CHAMULA,SERVICIOS DE SALUD IMSS BIENESTAR ,7,CHIAPAS,CHENALHO,CHENALHO,2,SAN CRISTÓBAL DE LAS CASAS,DE CONSULTA EXTERNA,3,AVENIDA,MAXIMINO,SIN NÚMERO,,3,BARRIO,CHENALHO,29870,CERCA DE LA ESCUELA PRIMARIA,9602145991,PRIMER NIVEL,2,URBANO,6,SIN MODIFICACION,5,OTRO,"ESTABLECIMIENTO QUE PERTENECÍA A SECRETARIA DE SALUD DEL ESTADO, SE TTRANSFIERE A SERVICIOS DE SALUD IMSS BIENESTAR.",16.888723,-92.62729
CSIMB000665,BELISARIO DOMÍNGUEZ,BELISARIO DOMÍNGUEZ,CHAMULA,SERVICIOS DE SALUD IMSS BIENESTAR ,7,CHIAPAS,CHENALHO,BELISARIO DOMINGUEZ,2,SAN CRISTÓBAL DE LAS CASAS,DE CONSULTA EXTERNA,5,CALLE,BELISARIO DOMÍNGUEZ,SIN NÚMERO,,25,PUEBLO,BELISARIO DOMINGUEZ,29875,FRENTE A LA AGENCIA MUNICIPAL,9612253611,PRIMER NIVEL,1,RURAL,6,SIN MODIFICACION,5,OTRO,"ESTABLECIMIENTO QUE PERTENECÍA A SECRETARIA DE SALUD DEL ESTADO, SE TTRANSFIERE A SERVICIOS DE SALUD IMSS BIENESTAR.",16.891977,-92.660475
CSIMB000670,CHIMIX DOS,CHIMIX DOS,CHAMULA,SERVICIOS DE SALUD IMSS BIENESTAR ,7,CHIAPAS,CHENALHO,CHIMIX DOS,2,SAN CRISTÓBAL DE LAS CASAS,DE CONSULTA EXTERNA,23,CAMINO,A PALTELHO EN LA TIJERA DE CHIMIX.,SIN NÚMERO,,27,RANCHERÍA,CHIMIX DOS,29876,FRENTE AL KINDER,9196708314,PRIMER NIVEL,1,RURAL,6,SIN MODIFICACION,5,OTRO,"ESTABLECIMIENTO QUE PERTENECÍA A SECRETARIA DE SALUD DEL ESTADO, SE TTRANSFIERE A SERVICIOS DE SALUD IMSS BIENESTAR.",17.014732,-92.527322
CSIMB000682,COLONIA PUEBLA,COLONIA PUEBLA,CHAMULA,SERVICIOS DE SALUD IMSS BIENESTAR ,7,CHIAPAS,CHENALHO,PUEBLA,2,SAN CRISTÓBAL DE LAS CASAS,DE CONSULTA EXTERNA,5,CALLE,MANZANA 4,SIN NÚMERO,,7,COLONIA,PUEBLA,29872,CERCA DE LA IGLESIA CATOLICA,9611022556,PRIMER NIVEL,1,RURAL,6,SIN MODIFICACION,5,OTRO,"ESTABLECIMIENTO QUE PERTENECÍA A SECRETARIA DE SALUD DEL ESTADO, SE TTRANSFIERE A SERVICIOS DE SALUD IMSS BIENESTAR.",16.915973,-92.503516
CSIMB000694,YABTECLUM PUEBLO NUEVO,YABTECLUM PUEBLO NUEVO,CHAMULA,SERVICIOS DE SALUD IMSS BIENESTAR ,7,CHIAPAS,CHENALHO,YABTECLUM (PUEBLO VIEJO),2,SAN CRISTÓBAL DE LAS CASAS,DE CONSULTA EXTERNA,5,CALLE,SAN CRISTOBAL- PANTELHO,SIN NÚMERO,,15,FRACCIÓN,YABTECLUM,29876,CALLE CENTRAL,9671222531,PRIMER NIVEL,1,RURAL,6,SIN MODIFICACION,5,OTRO,"ESTABLECIMIENTO QUE PERTENECÍA A SECRETARIA DE SALUD DEL ESTADO, SE TTRANSFIERE A SERVICIOS DE SALUD IMSS BIENESTAR.",16.940682,-92.567067
CSIMB000706,CHIAPA DE CORZO,CHIAPA DE CORZO,ACALA,SERVICIOS DE SALUD IMSS BIENESTAR ,7,CHIAPAS,CHIAPA DE CORZO,CHIAPA DE CORZO,1,TUXTLA GUTIERREZ,DE CONSULTA EXTERNA,5,CALLE,AGUSTIN ITURBIDE,239,,7,COLONIA,CHIAPA DE CORZO CENTRO,29160,"ITURBIDE 138,ESQ.AV.JULIAN GRAJALES",9611541181,PRIMER NIVEL,2,URBANO,6,SIN MODIFICACION,5,OTRO,"ESTABLECIMIENTO QUE PERTENECÍA A SECRETARIA DE SALUD DEL ESTADO, SE TTRANSFIERE A SERVICIOS DE SALUD IMSS BIENESTAR.",16.704778,-93.013289
CSIMB000711,RIBERA EL AMATAL,RIBERA EL AMATAL,ACALA,SERVICIOS DE SALUD IMSS BIENESTAR ,7,CHIAPAS,CHIAPA DE CORZO,AMATAL,1,TUXTLA GUTIERREZ,DE CONSULTA EXTERNA,5,CALLE,SIN NOMBRE,SIN NÚMERO,,7,COLONIA,EL AMATAL,29169,CALLE PRINCIPAL S/N,9613217978,PRIMER NIVEL,1,RURAL,6,SIN MODIFICACION,5,OTRO,"ESTABLECIMIENTO QUE PERTENECÍA A SECRETARIA DE SALUD DEL ESTADO, SE TTRANSFIERE A SERVICIOS DE SALUD IMSS BIENESTAR.",16.667955,-93.004866
CSIMB000723,NARCISO MENDOZA,NARCISO MENDOZA,ACALA,SERVICIOS DE SALUD IMSS BIENESTAR ,7,CHIAPAS,CHIAPA DE CORZO,NARCISO MENDOZA,1,TUXTLA GUTIERREZ,DE CONSULTA EXTERNA,24,CARRETERA,LAS LIMAS EL PARRAL,SIN NÚMERO,,7,COLONIA,NARCISO MENDOZA,29170,PENDIENTE,9612554808,PRIMER NIVEL,1,RURAL,6,SIN MODIFICACION,5,OTRO,"ESTABLECIMIENTO QUE PERTENECÍA A SECRETARIA DE SALUD DEL ESTADO, SE TTRANSFIERE A SERVICIOS DE SALUD IMSS BIENESTAR.",16.578934,-92.989643
CSIMB000735,PASO ACHIOTE,PASO ACHIOTE,ACALA,SERVICIOS DE SALUD IMSS BIENESTAR ,7,CHIAPAS,CHIAPA DE CORZO,PASO ACHIOTE,1,TUXTLA GUTIERREZ,DE CONSULTA EXTERNA,5,CALLE,SIN NOMBRE,SIN NÚMERO,,7,COLONIA,PASO ACHIOTE,29160,ITURBIDE Y AV. JULIAN GRAJALES S/N,9631501533,PRIMER NIVEL,1,RURAL,6,SIN MODIFICACION,1,PROPIO,"ESTABLECIMIENTO QUE PERTENECÍA A SECRETARIA DE SALUD DEL ESTADO, SE TTRANSFIERE A SERVICIOS DE SALUD IMSS BIENESTAR.",16.665557,-92.918107
CSIMB000740,CENTRO DE SALUD MANUEL VELASCO SUAREZ,CENTRO DE SALUD MANUEL VELASCO SUAREZ,ACALA,SERVICIOS DE SALUD IMSS BIENESTAR ,7,CHIAPAS,CHIAPA DE CORZO,DOCTOR MANUEL VELASCO SUAREZ,1,TUXTLA GUTIERREZ,DE CONSULTA EXTERNA,3,AVENIDA,MIGUEL HIDALGO,SIN NÚMERO,,27,RANCHERÍA,DR. MANUEL VELAZCO SUAREZ,29183,ESQUINA LÁZARO CÁRDENAS,9671956455,PRIMER NIVEL,1,RURAL,3,AMPLIACION,5,OTRO,"ESTABLECIMIENTO QUE PERTENECÍA A SECRETARIA DE SALUD DEL ESTADO, SE TTRANSFIERE A SERVICIOS DE SALUD IMSS BIENESTAR.",16.326194,-92.888438
CSIMB000752,LA PINTA,LA PINTA,EL PORVENIR,SERVICIOS DE SALUD IMSS BIENESTAR ,7,CHIAPAS,CHICOMUSELO,LA PINTA,3,COMITÁN,DE CONSULTA EXTERNA,5,CALLE,CENTRAL NORTE,SIN NÚMERO,,3,BARRIO,LA PINTA,30120,NO DISPONIBLE,,PRIMER NIVEL,1,RURAL,6,SIN MODIFICACION,1,PROPIO,"ESTABLECIMIENTO QUE PERTENECÍA A SECRETARIA DE SALUD DEL ESTADO, SE TTRANSFIERE A SERVICIOS DE SALUD IMSS BIENESTAR.",15.741989,-92.44255
CSIMB000764,MONTE SINAÍ,MONTE SINAÍ,EL PORVENIR,SERVICIOS DE SALUD IMSS BIENESTAR ,7,CHIAPAS,CHICOMUSELO,MONTE SINAI,3,COMITÁN,DE CONSULTA EXTERNA,5,CALLE,,SIN NÚMERO,,7,COLONIA,MONTE SINAI,30120,NO DISPONIBLE,,PRIMER NIVEL,1,RURAL,6,SIN MODIFICACION,1,PROPIO,"ESTABLECIMIENTO QUE PERTENECÍA A SECRETARIA DE SALUD DEL ESTADO, SE TTRANSFIERE A SERVICIOS DE SALUD IMSS BIENESTAR.",15.689475,-92.366644
CSIMB000776,NUEVA GRECIA,NUEVA GRECIA,EL PORVENIR,SERVICIOS DE SALUD IMSS BIENESTAR ,7,CHIAPAS,CHICOMUSELO,GRECIA,3,COMITÁN,DE CONSULTA EXTERNA,23,CAMINO,"SECCION 1, MANZANA 8",SIN NÚMERO,,25,PUEBLO,GRECIA,30120,NO DISPONIBLE,2001238615,PRIMER NIVEL,1,RURAL,6,SIN MODIFICACION,1,PROPIO,"ESTABLECIMIENTO QUE PERTENECÍA A SECRETARIA DE SALUD DEL ESTADO, SE TTRANSFIERE A SERVICIOS DE SALUD IMSS BIENESTAR.",15.803562,-92.407166
CSIMB000781,AURORA GRANDE,AURORA GRANDE,YAJALON,SERVICIOS DE SALUD IMSS BIENESTAR ,7,CHIAPAS,CHILON,AURORA GRANDE,9,OCOSINGO,DE CONSULTA EXTERNA,22,NINGUNO,SIN NOMBRE,SIN NÚMERO,,42,NINGUNO,SIN NOMBRE,29948,JUNTO A LA ESCUELA PRIMARIA,9621063949,PRIMER NIVEL,1,RURAL,6,SIN MODIFICACION,4,IRREGULAR,"ESTABLECIMIENTO QUE PERTENECÍA A SECRETARIA DE SALUD DEL ESTADO, SE TTRANSFIERE A SERVICIOS DE SALUD IMSS BIENESTAR.",17.134433,-92.355185
CSIMB000793,BACHAJÓN,BACHAJÓN,OCOSINGO,SERVICIOS DE SALUD IMSS BIENESTAR ,7,CHIAPAS,CHILON,BACHAJON,9,OCOSINGO,DE CONSULTA EXTERNA,3,AVENIDA,CENTRAL ORIENTE,1,,3,BARRIO,GUADALUPE,29944,AVENIDA CENTRAL ORIENTE ESQUINA CALLE CUAHACTEC NUM 01,9192268010,PRIMER NIVEL,2,URBANO,6,SIN MODIFICACION,1,PROPIO,"ESTABLECIMIENTO QUE PERTENECÍA A SECRETARIA DE SALUD DEL ESTADO, SE TTRANSFIERE A SERVICIOS DE SALUD IMSS BIENESTAR.",17.034916,-92.18034
CSIMB000805,JOL-SACJÚN,JOL-SACJÚN,OCOSINGO,SERVICIOS DE SALUD IMSS BIENESTAR ,7,CHIAPAS,CHILON,JOL SACUN,9,OCOSINGO,DE CONSULTA EXTERNA,22,NINGUNO,SIN NOMBRE,SIN NÚMERO,,25,PUEBLO,SIN NOMBRE,29942,CERCA DEL TANQUE DE AGUA POTABLE,9613703837,PRIMER NIVEL,1,RURAL,6,SIN MODIFICACION,4,IRREGULAR,"ESTABLECIMIENTO QUE PERTENECÍA A SECRETARIA DE SALUD DEL ESTADO, SE TTRANSFIERE A SERVICIOS DE SALUD IMSS BIENESTAR.",17.112234,-91.857981
CSIMB000810,MEQUEJA,MEQUEJA,OCOSINGO,SERVICIOS DE SALUD IMSS BIENESTAR ,7,CHIAPAS,CHILON,MEQUEJA,9,OCOSINGO,DE CONSULTA EXTERNA,23,CAMINO,SIN NOMBRE,SIN NÚMERO,,25,PUEBLO,MEQUEJA,29945,A UN COSTADO DE LA CASA DE LA MUJER,9613639006,PRIMER NIVEL,1,RURAL,6,SIN MODIFICACION,1,PROPIO,"ESTABLECIMIENTO QUE PERTENECÍA A SECRETARIA DE SALUD DEL ESTADO, SE TTRANSFIERE A SERVICIOS DE SALUD IMSS BIENESTAR.",16.95757,-92.235738
CSIMB000822,PAMAL NAVIL,PAMAL NAVIL,OCOSINGO,SERVICIOS DE SALUD IMSS BIENESTAR ,7,CHIAPAS,CHILON,PAMAL NAVIL,9,OCOSINGO,DE CONSULTA EXTERNA,22,NINGUNO,SIN NOMBRE,SIN NÚMERO,,7,COLONIA,PAMAL NAVIL,29943,FRENTE A LA PRIMARIA (FRAY BARTOLOMÉ DE LAS CASAS),9191403281,PRIMER NIVEL,1,RURAL,6,SIN MODIFICACION,1,PROPIO,"ESTABLECIMIENTO QUE PERTENECÍA A SECRETARIA DE SALUD DEL ESTADO, SE TTRANSFIERE A SERVICIOS DE SALUD IMSS BIENESTAR.",17.082874,-91.802334
CSIMB000834,PINABETAL,PINABETAL,OCOSINGO,SERVICIOS DE SALUD IMSS BIENESTAR ,7,CHIAPAS,CHILON,PINABETAL,9,OCOSINGO,DE CONSULTA EXTERNA,24,CARRETERA,SIN NOMBRE,SIN NÚMERO,,13,EJIDO,PINABETAL,29945,A UN LADO DE LA IGLESIA,9651280301,PRIMER NIVEL,1,RURAL,6,SIN MODIFICACION,1,PROPIO,"ESTABLECIMIENTO QUE PERTENECÍA A SECRETARIA DE SALUD DEL ESTADO, SE TTRANSFIERE A SERVICIOS DE SALUD IMSS BIENESTAR.",16.952039,-92.253611
CSIMB000846,JUNA SABINES VERAPAZ,JUNA SABINES VERAPAZ,YAJALON,SERVICIOS DE SALUD IMSS BIENESTAR ,7,CHIAPAS,CHILON,JUAN SABINES VERAPAZ,9,OCOSINGO,DE CONSULTA EXTERNA,24,CARRETERA,SIN NOMBRE,SIN NÚMERO,,7,COLONIA,JUAN SABINES VERAPAZ,29948,A UN LADO DE AGENCIA RURAL MUNICIPAL,9191259353,PRIMER NIVEL,1,RURAL,6,SIN MODIFICACION,4,IRREGULAR,"ESTABLECIMIENTO QUE PERTENECÍA A SECRETARIA DE SALUD DEL ESTADO, SE TTRANSFIERE A SERVICIOS DE SALUD IMSS BIENESTAR.",17.077845,-92.312251
CSIMB000851,SACJÚN CUWITZ,SACJÚN CUWITZ,OCOSINGO,SERVICIOS DE SALUD IMSS BIENESTAR ,7,CHIAPAS,CHILON,SACUN CUBWITZ,9,OCOSINGO,DE CONSULTA EXTERNA,22,NINGUNO,SIN NOMBRE,SIN NÚMERO,,25,PUEBLO,SACUN CUBWITZ,29942,A LADO DE LA ESCUELA SECUNDARIA GENERAL S/N,9681278532,PRIMER NIVEL,1,RURAL,6,SIN MODIFICACION,4,IRREGULAR,"ESTABLECIMIENTO QUE PERTENECÍA A SECRETARIA DE SALUD DEL ESTADO, SE TTRANSFIERE A SERVICIOS DE SALUD IMSS BIENESTAR.",17.128781,-91.940598
CSIMB000863,CURVA LIQUILWITZ,CURVA LIQUILWITZ,OCOSINGO,SERVICIOS DE SALUD IMSS BIENESTAR ,7,CHIAPAS,CHILON,LIQUILWITZ (LA CURVA),9,OCOSINGO,DE CONSULTA EXTERNA,22,NINGUNO,SIN NOMBRE,SIN NÚMERO,,13,EJIDO,CURVA LIQUILWITZ,29943,"EN ,LA MERA CURVA DE LA COMUNIDAD",9931780363,PRIMER NIVEL,1,RURAL,6,SIN MODIFICACION,1,PROPIO,"ESTABLECIMIENTO QUE PERTENECÍA A SECRETARIA DE SALUD DEL ESTADO, SE TTRANSFIERE A SERVICIOS DE SALUD IMSS BIENESTAR.",17.08889,-91.975232
CSIMB000875,SAN ANTONIO BULUJIB,SAN ANTONIO BULUJIB,OCOSINGO,SERVICIOS DE SALUD IMSS BIENESTAR ,7,CHIAPAS,CHILON,SAN ANTONIO BULUJIB,9,OCOSINGO,DE CONSULTA EXTERNA,23,CAMINO,SIN NOMBRE,SIN NÚMERO,,25,PUEBLO,SAN ANTONIO BULUJIB,29945,A UN COSTADO CANCHA DEPORTIVO,9191386315,PRIMER NIVEL,1,RURAL,6,SIN MODIFICACION,4,IRREGULAR,"ESTABLECIMIENTO QUE PERTENECÍA A SECRETARIA DE SALUD DEL ESTADO, SE TTRANSFIERE A SERVICIOS DE SALUD IMSS BIENESTAR.",16.996592,-92.298552
CSIMB000880,CENTRO DE SALUD CON HOSPITALIZACIÓN (ESCUINTLA),CENTRO DE SALUD CON HOSPITALIZACIÓN (ESCUINTLA),TAPACHULA,SERVICIOS DE SALUD IMSS BIENESTAR ,7,CHIAPAS,ESCUINTLA,ESCUINTLA,7,TAPACHULA,DE CONSULTA EXTERNA,3,AVENIDA,ÁLVARO OBREGÓN,49,,3,BARRIO,SANTA CRUZ,30600,A UNA CUADRA DEL ARCO DE ACCESO SALIDA A ACAPETAHUA,9612467611,PRIMER NIVEL,2,URBANO,6,SIN MODIFICACION,5,OTRO,"ESTABLECIMIENTO QUE PERTENECÍA A SECRETARIA DE SALUD DEL ESTADO, SE TTRANSFIERE A SERVICIOS DE SALUD IMSS BIENESTAR.",15.315365,-92.66268
CSIMB000892,SAN FELIPE TIZAPA,SAN FELIPE TIZAPA,TAPACHULA,SERVICIOS DE SALUD IMSS BIENESTAR ,7,CHIAPAS,ESCUINTLA,SAN FELIPE TIZAPA,7,TAPACHULA,DE CONSULTA EXTERNA,5,CALLE,JOSÉ MARIA MORELOS Y PAVÓN,SIN NÚMERO,,7,COLONIA,SAN FELIPE TIZAPA,30610,A 300 MTS DE LA TELESECUNDARIA BENITO JUÁREZ GARCÍA,9933729695,PRIMER NIVEL,1,RURAL,6,SIN MODIFICACION,5,OTRO,"ESTABLECIMIENTO QUE PERTENECÍA A SECRETARIA DE SALUD DEL ESTADO, SE TTRANSFIERE A SERVICIOS DE SALUD IMSS BIENESTAR.",15.276019,-92.615968
CSIMB000904,EL TRIUNFO,EL TRIUNFO,TAPACHULA,SERVICIOS DE SALUD IMSS BIENESTAR ,7,CHIAPAS,ESCUINTLA,EL TRIUNFO,7,TAPACHULA,DE CONSULTA EXTERNA,5,CALLE,BELISARIO DOMINGUEZ,SIN NÚMERO,,13,EJIDO,EL TRIUNFO,30640,FRENTE A LA PREPARATORIA DOROTEO ARANGO,9611064003,PRIMER NIVEL,2,URBANO,6,SIN MODIFICACION,5,OTRO,"ESTABLECIMIENTO QUE PERTENECÍA A SECRETARIA DE SALUD DEL ESTADO, SE TTRANSFIERE A SERVICIOS DE SALUD IMSS BIENESTAR.",15.351178,-92.548784
CSIMB000916,CENTRO DE SALUD MANACAL LLANO GRANDE,CENTRO DE SALUD MANACAL LLANO GRANDE,TAPACHULA,SERVICIOS DE SALUD IMSS BIENESTAR ,7,CHIAPAS,ESCUINTLA,MANACAL LLANO GRANDE,7,TAPACHULA,DE CONSULTA EXTERNA,3,AVENIDA,EMILIANO ZAPATA,SIN NÚMERO,,7,COLONIA,MANACAL LLANO GRANDE,30613,EN FRENTE DEL CAMPO DE FUTBOL,9636310727,PRIMER NIVEL,1,RURAL,6,SIN MODIFICACION,5,OTRO,"ESTABLECIMIENTO QUE PERTENECÍA A SECRETARIA DE SALUD DEL ESTADO, SE TTRANSFIERE A SERVICIOS DE SALUD IMSS BIENESTAR.",15.32358,-92.506869
CSIMB000921,SAN JOSÉ MASPAC,SAN JOSÉ MASPAC,PICHUCALCO,SERVICIOS DE SALUD IMSS BIENESTAR ,7,CHIAPAS,FRANCISCO LEON,SAN JOSE MASPAC,1,TUXTLA GUTIERREZ,DE CONSULTA EXTERNA,23,CAMINO,SIN NOMBRE,SIN NÚMERO,,13,EJIDO,SAN JOSE MASPAC,29560,NO DISPONIBLE,9612898515,PRIMER NIVEL,1,RURAL,6,SIN MODIFICACION,5,OTRO,"ESTABLECIMIENTO QUE PERTENECÍA A SECRETARIA DE SALUD DEL ESTADO, SE TTRANSFIERE A SERVICIOS DE SALUD IMSS BIENESTAR.",17.294925,-93.310827
CSIMB000933,VICENTE GUERRERO,VICENTE GUERRERO,PICHUCALCO,SERVICIOS DE SALUD IMSS BIENESTAR ,7,CHIAPAS,FRANCISCO LEON,VICENTE GUERRERO,1,TUXTLA GUTIERREZ,DE CONSULTA EXTERNA,24,CARRETERA,VICENTE GUERRERO,SIN NÚMERO,,7,COLONIA,VICENTE GUERRERO,29560,NO DISPONIBLE,9631055189,PRIMER NIVEL,1,RURAL,6,SIN MODIFICACION,5,OTRO,"ESTABLECIMIENTO QUE PERTENECÍA A SECRETARIA DE SALUD DEL ESTADO, SE TTRANSFIERE A SERVICIOS DE SALUD IMSS BIENESTAR.",17.291395,-93.208904
CSIMB000945,FRONTERA COMALAPA,FRONTERA COMALAPA,EL PORVENIR,SERVICIOS DE SALUD IMSS BIENESTAR ,7,CHIAPAS,FRONTERA COMALAPA,FRONTERA COMALAPA,3,COMITÁN,DE CONSULTA EXTERNA,5,CALLE,3A. SUR PONIENTE,61,,3,BARRIO,LA ESMERALDA,30140,"3A. SUR PONIENTE S/N, COL. CENTRO",9181035443,PRIMER NIVEL,2,URBANO,6,SIN MODIFICACION,1,PROPIO,"ESTABLECIMIENTO QUE PERTENECÍA A SECRETARIA DE SALUD DEL ESTADO, SE TTRANSFIERE A SERVICIOS DE SALUD IMSS BIENESTAR.",15.659307,-92.146657
CSIMB000950,CD. CUAUHTÉMOC,CD. CUAUHTÉMOC,EL PORVENIR,SERVICIOS DE SALUD IMSS BIENESTAR ,7,CHIAPAS,FRONTERA COMALAPA,CIUDAD CUAUHTEMOC,3,COMITÁN,DE CONSULTA EXTERNA,5,CALLE,1A. SUR ORIENTE,151,,13,EJIDO,CENTRO,30150,NO DISPONIBLE,9191121517,PRIMER NIVEL,2,URBANO,6,SIN MODIFICACION,1,PROPIO,"ESTABLECIMIENTO QUE PERTENECÍA A SECRETARIA DE SALUD DEL ESTADO, SE TTRANSFIERE A SERVICIOS DE SALUD IMSS BIENESTAR.",15.66489,-92.00238
CSIMB000962,SANTA ROSA (BENITO JUÁREZ),SANTA ROSA (BENITO JUÁREZ),EL PORVENIR,SERVICIOS DE SALUD IMSS BIENESTAR ,7,CHIAPAS,FRONTERA COMALAPA,SANTA ROSA,3,COMITÁN,DE CONSULTA EXTERNA,22,NINGUNO,SIN NOMBRE,SIN NÚMERO,,3,BARRIO,SANTA ROSA,30140,NO DISPONIBLE,9671359405,PRIMER NIVEL,1,RURAL,6,SIN MODIFICACION,1,PROPIO,"ESTABLECIMIENTO QUE PERTENECÍA A SECRETARIA DE SALUD DEL ESTADO, SE TTRANSFIERE A SERVICIOS DE SALUD IMSS BIENESTAR.",15.723468,-92.103669
CSIMB000974,VERAPAZ,VERAPAZ,EL PORVENIR,SERVICIOS DE SALUD IMSS BIENESTAR ,7,CHIAPAS,FRONTERA COMALAPA,VERAPAZ,3,COMITÁN,DE CONSULTA EXTERNA,23,CAMINO,"SECTOR 3, MANZANA 3",SIN NÚMERO,,13,EJIDO,VERAPAZ,30154,NO DISPONIBLE,9671640937,PRIMER NIVEL,1,RURAL,6,SIN MODIFICACION,1,PROPIO,"ESTABLECIMIENTO QUE PERTENECÍA A SECRETARIA DE SALUD DEL ESTADO, SE TTRANSFIERE A SERVICIOS DE SALUD IMSS BIENESTAR.",15.711642,-92.062851
CSIMB000986,FRONTERA HIDALGO,FRONTERA HIDALGO,TAPACHULA,SERVICIOS DE SALUD IMSS BIENESTAR ,7,CHIAPAS,FRONTERA HIDALGO,FRONTERA HIDALGO,7,TAPACHULA,DE CONSULTA EXTERNA,5,CALLE,CAMINO VIEJO,SIN NÚMERO,,25,PUEBLO,FRONTERA HIDALGO,30850,A 10 MTS. DEL CAMPO AGUACATAL,9611173919,PRIMER NIVEL,2,URBANO,6,SIN MODIFICACION,5,OTRO,"ESTABLECIMIENTO QUE PERTENECÍA A SECRETARIA DE SALUD DEL ESTADO, SE TTRANSFIERE A SERVICIOS DE SALUD IMSS BIENESTAR.",14.781167,-92.176886
CSIMB000991,HUEHUETÁN,HUEHUETÁN,TAPACHULA,SERVICIOS DE SALUD IMSS BIENESTAR ,7,CHIAPAS,HUEHUETAN,HUEHUETAN,7,TAPACHULA,DE CONSULTA EXTERNA,3,AVENIDA,2A SUR,SIN NÚMERO,,3,BARRIO,SAN PEDRO,30660,ENFRENTE DE MATERIALES MONTE ALBAN,9676839875,PRIMER NIVEL,2,URBANO,6,SIN MODIFICACION,5,OTRO,"ESTABLECIMIENTO QUE PERTENECÍA A SECRETARIA DE SALUD DEL ESTADO, SE TTRANSFIERE A SERVICIOS DE SALUD IMSS BIENESTAR.",15.017011,-92.386024
CSIMB001003,LÁZARO CÁRDENAS CHILIL,LÁZARO CÁRDENAS CHILIL,SAN CRISTOBAL DE LAS CASAS,SERVICIOS DE SALUD IMSS BIENESTAR ,7,CHIAPAS,HUIXTAN,LAZARO CARDENAS (CHILIL),2,SAN CRISTÓBAL DE LAS CASAS,DE CONSULTA EXTERNA,5,CALLE,SIN NOMBRE,SIN NÚMERO,,13,EJIDO,LÁZARO CÁRDENAS (CHILIL),29470,FRENTE A LA TELESECUNDARIA NO. 310,9191246562,PRIMER NIVEL,1,RURAL,6,SIN MODIFICACION,5,OTRO,"ESTABLECIMIENTO QUE PERTENECÍA A SECRETARIA DE SALUD DEL ESTADO, SE TTRANSFIERE A SERVICIOS DE SALUD IMSS BIENESTAR.",16.675234,-92.490145
CSIMB001015,SAN PEDRO PEDERNAL,SAN PEDRO PEDERNAL,SAN CRISTOBAL DE LAS CASAS,SERVICIOS DE SALUD IMSS BIENESTAR ,7,CHIAPAS,HUIXTAN,SAN PEDRO PEDERNAL,2,SAN CRISTÓBAL DE LAS CASAS,DE CONSULTA EXTERNA,24,CARRETERA,A CHANAL CRUCERO DE CHIXTE,SIN NÚMERO,,25,PUEBLO,SAN PEDRO PEDERNAL,29470,A UN COSTADO DE LA ESCUELA PRIMARIA,9191116022,PRIMER NIVEL,1,RURAL,6,SIN MODIFICACION,5,OTRO,"ESTABLECIMIENTO QUE PERTENECÍA A SECRETARIA DE SALUD DEL ESTADO, SE TTRANSFIERE A SERVICIOS DE SALUD IMSS BIENESTAR.",16.664163,-92.322495
CSIMB001020,SAN PEDRO LA TEJERÍA,SAN PEDRO LA TEJERÍA,SAN CRISTOBAL DE LAS CASAS,SERVICIOS DE SALUD IMSS BIENESTAR ,7,CHIAPAS,HUIXTAN,SAN PEDRO LA TEJERIA,2,SAN CRISTÓBAL DE LAS CASAS,DE CONSULTA EXTERNA,5,CALLE,SIN NOMBRE,SIN NÚMERO,,25,PUEBLO,SAN PEDRO LA TEJERÍA,29470,FRENTE A LA ESCUELA PRIMARIA,9614298708,PRIMER NIVEL,1,RURAL,6,SIN MODIFICACION,5,OTRO,"ESTABLECIMIENTO QUE PERTENECÍA A SECRETARIA DE SALUD DEL ESTADO, SE TTRANSFIERE A SERVICIOS DE SALUD IMSS BIENESTAR.",16.729207,-92.509901
CSIMB001032,YALCUC,YALCUC,SAN CRISTOBAL DE LAS CASAS,SERVICIOS DE SALUD IMSS BIENESTAR ,7,CHIAPAS,HUIXTAN,YALCUC,2,SAN CRISTÓBAL DE LAS CASAS,DE CONSULTA EXTERNA,24,CARRETERA,A CHANAL,SIN NÚMERO,,13,EJIDO,YALCUC,29470,CARRETERA A CHANAL,9646422003,PRIMER NIVEL,1,RURAL,6,SIN MODIFICACION,5,OTRO,"ESTABLECIMIENTO QUE PERTENECÍA A SECRETARIA DE SALUD DEL ESTADO, SE TTRANSFIERE A SERVICIOS DE SALUD IMSS BIENESTAR.",16.642793,-92.419611
CSIMB001044,CENTRO DE SALUD EL OCOTAL,CENTRO DE SALUD EL OCOTAL,SIMOJOVEL,SERVICIOS DE SALUD IMSS BIENESTAR ,7,CHIAPAS,HUITIUPAN,EL OCOTAL,5,PICHUCALCO,DE CONSULTA EXTERNA,23,CAMINO,A LA LOCALIDAD LUCITANIA,SIN NÚMERO,,13,EJIDO,EL OCOTAL,29713,A UN LADO DEL JARDIN DE NIÑOS GABRIELA MISTRAL,9624805499,PRIMER NIVEL,1,RURAL,6,SIN MODIFICACION,5,OTRO,"ESTABLECIMIENTO QUE PERTENECÍA A SECRETARIA DE SALUD DEL ESTADO, SE TTRANSFIERE A SERVICIOS DE SALUD IMSS BIENESTAR.",17.199912,-92.750939
CSIMB001056,UNIDAD MEDICA MOVIL LA VENTANA,UNIDAD MEDICA MOVIL LA VENTANA,SIMOJOVEL,SERVICIOS DE SALUD IMSS BIENESTAR ,7,CHIAPAS,HUITIUPAN,LA VENTANA (SAN JULIAN),5,PICHUCALCO,DE CONSULTA EXTERNA,24,CARRETERA,SIN NOMBRE,SIN NÚMERO,,13,EJIDO,CENTRO,29717,CASA EJIDAL DE LA COMUNIDAD,9611556254,PRIMER NIVEL,1,RURAL,6,SIN MODIFICACION,1,PROPIO,"ESTABLECIMIENTO QUE PERTENECÍA A SECRETARIA DE SALUD DEL ESTADO, SE TTRANSFIERE A SERVICIOS DE SALUD IMSS BIENESTAR.",17.217393,-92.671966
CSIMB001061,CENTRO DE SALUD ZACATONAL DE JUÁREZ,CENTRO DE SALUD ZACATONAL DE JUÁREZ,SIMOJOVEL,SERVICIOS DE SALUD IMSS BIENESTAR ,7,CHIAPAS,HUITIUPAN,ZACATONAL DE JUAREZ,5,PICHUCALCO,DE CONSULTA EXTERNA,23,CAMINO,SIN NOMBRE,SIN NÚMERO,,13,EJIDO,ZACATONAL DE JUAREZ,29714,FRENTE AL MOLINO,9632368586,PRIMER NIVEL,1,RURAL,6,SIN MODIFICACION,5,OTRO,"ESTABLECIMIENTO QUE PERTENECÍA A SECRETARIA DE SALUD DEL ESTADO, SE TTRANSFIERE A SERVICIOS DE SALUD IMSS BIENESTAR.",17.270893,-92.799573
CSIMB001073,HOSPITAL GENERAL HUIXTLA,HOSPITAL GENERAL HUIXTLA,TAPACHULA,SERVICIOS DE SALUD IMSS BIENESTAR ,7,CHIAPAS,HUIXTLA,HUIXTLA,7,TAPACHULA,DE HOSPITALIZACIÓN,24,CARRETERA,HUIXTLA - MOTOZINTLA KM 1,SIN NÚMERO,,7,COLONIA,2 DE OCTUBRE,30640,CARRETERA HUIXTLA - MOTOZINTLA KM 1. S/N.,9932556625,SEGUNDO NIVEL,2,URBANO,6,SIN MODIFICACION,1,PROPIO,"ESTABLECIMIENTO QUE PERTENECÍA A SECRETARIA DE SALUD DEL ESTADO, SE TTRANSFIERE A SERVICIOS DE SALUD IMSS BIENESTAR.",15.145903,-92.457536
CSIMB001085,CENTRO DE SALUD URBANO HUIXTLA,CENTRO DE SALUD URBANO HUIXTLA,TAPACHULA,SERVICIOS DE SALUD IMSS BIENESTAR ,7,CHIAPAS,HUIXTLA,HUIXTLA,7,TAPACHULA,DE CONSULTA EXTERNA,5,CALLE,GONZALEZ ORTEGA,SIN NÚMERO,,7,COLONIA,ESQUIPULAS,30640,A UN COSTADO DEL HOSPITAL GENERAL HUIXTLA,9613285830,PRIMER NIVEL,2,URBANO,6,SIN MODIFICACION,5,OTRO,"ESTABLECIMIENTO QUE PERTENECÍA A SECRETARIA DE SALUD DEL ESTADO, SE TTRANSFIERE A SERVICIOS DE SALUD IMSS BIENESTAR.",15.146223,-92.456534
CSIMB001090,JOSÉ MARÍA MORELOS Y PAVÓN,JOSÉ MARÍA MORELOS Y PAVÓN,TAPACHULA,SERVICIOS DE SALUD IMSS BIENESTAR ,7,CHIAPAS,HUIXTLA,JOSE MARIA MORELOS Y PAVON,7,TAPACHULA,DE CONSULTA EXTERNA,5,CALLE,FRANCISCO GRAJALES,SIN NÚMERO,,13,EJIDO,JOSE MARIA MORELOS,30649,FRENTE AL JARDIN DE NIÑOS JOSEFA ORTIZ DE DOMINGUEZ,9321111349,PRIMER NIVEL,1,RURAL,6,SIN MODIFICACION,5,OTRO,"ESTABLECIMIENTO QUE PERTENECÍA A SECRETARIA DE SALUD DEL ESTADO, SE TTRANSFIERE A SERVICIOS DE SALUD IMSS BIENESTAR.",15.235875,-92.465734
CSIMB001102,ROSARIO BADENIA,ROSARIO BADENIA,COMITAN,SERVICIOS DE SALUD IMSS BIENESTAR ,7,CHIAPAS,LA INDEPENDENCIA,BADENIA,3,COMITÁN,DE CONSULTA EXTERNA,23,CAMINO,SECTOR 5,SIN NÚMERO,,13,EJIDO,ROSARIO BADENIA,30173,NO DISPONIBLE,9931102676,PRIMER NIVEL,1,RURAL,6,SIN MODIFICACION,1,PROPIO,"ESTABLECIMIENTO QUE PERTENECÍA A SECRETARIA DE SALUD DEL ESTADO, SE TTRANSFIERE A SERVICIOS DE SALUD IMSS BIENESTAR.",16.19994,-91.667649
CSIMB001114,EMILIANO ZAPATA,EMILIANO ZAPATA,COMITAN,SERVICIOS DE SALUD IMSS BIENESTAR ,7,CHIAPAS,LA INDEPENDENCIA,EMILIANO ZAPATA,3,COMITÁN,DE CONSULTA EXTERNA,5,CALLE,SIN NOMBRE,SIN NÚMERO,,7,COLONIA,EMILIANO ZAPATA,30176,NO DISPONIBLE,9161184960,PRIMER NIVEL,1,RURAL,6,SIN MODIFICACION,1,PROPIO,"ESTABLECIMIENTO QUE PERTENECÍA A SECRETARIA DE SALUD DEL ESTADO, SE TTRANSFIERE A SERVICIOS DE SALUD IMSS BIENESTAR.",16.1819,-91.9647
CSIMB001126,LA PATRIA,LA PATRIA,COMITAN,SERVICIOS DE SALUD IMSS BIENESTAR ,7,CHIAPAS,LA INDEPENDENCIA,LA PATRIA,3,COMITÁN,DE CONSULTA EXTERNA,5,CALLE,MIGUEL HIDALGO,SIN NÚMERO,,7,COLONIA,LA PATRIA,30174,NO DISPONIBLE,9321024614,PRIMER NIVEL,1,RURAL,6,SIN MODIFICACION,1,PROPIO,"ESTABLECIMIENTO QUE PERTENECÍA A SECRETARIA DE SALUD DEL ESTADO, SE TTRANSFIERE A SERVICIOS DE SALUD IMSS BIENESTAR.",16.2317,-91.9164
CSIMB001131,CENTRO DE SALUD IXHUATÁN,CENTRO DE SALUD IXHUATÁN,PICHUCALCO,SERVICIOS DE SALUD IMSS BIENESTAR ,7,CHIAPAS,IXHUATAN,IXHUATAN,5,PICHUCALCO,DE CONSULTA EXTERNA,3,AVENIDA,1RA. SUR POIENTE,SIN NÚMERO,,7,COLONIA,CENTRO,29720,A LADO DEL JARDIN DE NIÑOS ROSARIO CASTELLANOS,9613293159,PRIMER NIVEL,2,URBANO,6,SIN MODIFICACION,5,OTRO,"ESTABLECIMIENTO QUE PERTENECÍA A SECRETARIA DE SALUD DEL ESTADO, SE TTRANSFIERE A SERVICIOS DE SALUD IMSS BIENESTAR.",17.292446,-93.008131
CSIMB001143,CENTRO DE SALUD IXTACOMITÁN,CENTRO DE SALUD IXTACOMITÁN,PICHUCALCO,SERVICIOS DE SALUD IMSS BIENESTAR ,7,CHIAPAS,IXTACOMITAN,IXTACOMITAN,5,PICHUCALCO,DE CONSULTA EXTERNA,5,CALLE,DOS,1,,16,FRACCIONAMIENTO,EL JATO,29570,JATO S/N FRACC. JATO,9161089049,PRIMER NIVEL,2,URBANO,6,SIN MODIFICACION,5,OTRO,"ESTABLECIMIENTO QUE PERTENECÍA A SECRETARIA DE SALUD DEL ESTADO, SE TTRANSFIERE A SERVICIOS DE SALUD IMSS BIENESTAR.",17.431212,-93.098444
CSIMB001155,IXTAPA,IXTAPA,ACALA,SERVICIOS DE SALUD IMSS BIENESTAR ,7,CHIAPAS,IXTAPA,IXTAPA,1,TUXTLA GUTIERREZ,DE CONSULTA EXTERNA,5,CALLE,CENTRAL ORIENTE,65,,3,BARRIO,SANTA CRUZ,29340,AV.CENTRAL ORIENTE 65,5656393925,PRIMER NIVEL,2,URBANO,6,SIN MODIFICACION,5,OTRO,"ESTABLECIMIENTO QUE PERTENECÍA A SECRETARIA DE SALUD DEL ESTADO, SE TTRANSFIERE A SERVICIOS DE SALUD IMSS BIENESTAR.",16.801308,-92.900829
CSIMB001160,CENTRO DE SALUD CON SERVICIOS AMPLIADOS JIQUIPILAS,CENTRO DE SALUD CON SERVICIOS AMPLIADOS JIQUIPILAS,CINTALAPA,SERVICIOS DE SALUD IMSS BIENESTAR ,7,CHIAPAS,JIQUIPILAS,JIQUIPILAS,1,TUXTLA GUTIERREZ,DE CONSULTA EXTERNA,3,AVENIDA,1A. PONIENTE NORTE,1205,,3,BARRIO,SANTA CECILIA,30430,A UN COSTADO DEL AUDITORIO MUNICIPAL,9611558874,PRIMER NIVEL,2,URBANO,3,AMPLIACION,1,PROPIO,"ESTABLECIMIENTO QUE PERTENECÍA A SECRETARIA DE SALUD DEL ESTADO, SE TTRANSFIERE A SERVICIOS DE SALUD IMSS BIENESTAR.",16.675418,-93.644301
CSIMB001172,JOSÉ MARÍA PINO SUÁREZ,JOSÉ MARÍA PINO SUÁREZ,CINTALAPA,SERVICIOS DE SALUD IMSS BIENESTAR ,7,CHIAPAS,JIQUIPILAS,JOSE MARIA PINO SUAREZ,1,TUXTLA GUTIERREZ,DE CONSULTA EXTERNA,3,AVENIDA,3A SUR PONIENTE,292,,7,COLONIA,JOSÉ MARÍA PINO SUÁREZ,30441,3A.PTE. Y 4A. SUR COL.JOSÉ MA.PINO SUARE,9681241242,PRIMER NIVEL,1,RURAL,6,SIN MODIFICACION,5,OTRO,"ESTABLECIMIENTO QUE PERTENECÍA A SECRETARIA DE SALUD DEL ESTADO, SE TTRANSFIERE A SERVICIOS DE SALUD IMSS BIENESTAR.",16.504729,-93.742153
CSIMB001184,CENTRO DE SALUD NUEVA PALESTINA,CENTRO DE SALUD NUEVA PALESTINA,CINTALAPA,SERVICIOS DE SALUD IMSS BIENESTAR ,7,CHIAPAS,JIQUIPILAS,NUEVA PALESTINA,1,TUXTLA GUTIERREZ,DE CONSULTA EXTERNA,3,AVENIDA,CENTRAL,SIN NÚMERO,,7,COLONIA,NUEVA PALESTINA,30445,AV.CENTRAL FTE.AL PARQUE COL.NVA.PALESTI,9613758196,PRIMER NIVEL,1,RURAL,6,SIN MODIFICACION,5,OTRO,"ESTABLECIMIENTO QUE PERTENECÍA A SECRETARIA DE SALUD DEL ESTADO, SE TTRANSFIERE A SERVICIOS DE SALUD IMSS BIENESTAR.",16.493039,-93.633447
CSIMB001196,ANDRÉS QUINTANA ROO,ANDRÉS QUINTANA ROO,CINTALAPA,SERVICIOS DE SALUD IMSS BIENESTAR ,7,CHIAPAS,JIQUIPILAS,QUINTANA ROO,1,TUXTLA GUTIERREZ,DE CONSULTA EXTERNA,5,CALLE,SIN NOMBRE,SIN NÚMERO,,25,PUEBLO,ANDRES QUINTANA ROO,30439,2A. PTE. ENTRE AV.CENTRAL Y 1A.SUR,9671358725,PRIMER NIVEL,1,RURAL,6,SIN MODIFICACION,5,OTRO,"ESTABLECIMIENTO QUE PERTENECÍA A SECRETARIA DE SALUD DEL ESTADO, SE TTRANSFIERE A SERVICIOS DE SALUD IMSS BIENESTAR.",16.605757,-93.558826
CSIMB001201,TILTEPEC,TILTEPEC,CINTALAPA,SERVICIOS DE SALUD IMSS BIENESTAR ,7,CHIAPAS,JIQUIPILAS,TILTEPEC,1,TUXTLA GUTIERREZ,DE CONSULTA EXTERNA,5,CALLE,CENTRAL ORIENTE,SIN NÚMERO,,7,COLONIA,TILTEPEC,30449,CALLE CENTRAL Y 1A.SUR,9677062323,PRIMER NIVEL,1,RURAL,1,OBRA NUEVA,1,PROPIO,"ESTABLECIMIENTO QUE PERTENECÍA A SECRETARIA DE SALUD DEL ESTADO, SE TTRANSFIERE A SERVICIOS DE SALUD IMSS BIENESTAR.",16.395086,-93.8688286
CSIMB001213,BENITO JUÁREZ,BENITO JUÁREZ,CINTALAPA,SERVICIOS DE SALUD IMSS BIENESTAR ,7,CHIAPAS,JIQUIPILAS,BENITO JUAREZ,1,TUXTLA GUTIERREZ,DE CONSULTA EXTERNA,22,NINGUNO,JIQUIPILAS,SIN NÚMERO,,7,COLONIA,BENITO JUÁREZ,30437,PENDIENTE,9621026738,PRIMER NIVEL,1,RURAL,6,SIN MODIFICACION,5,OTRO,"ESTABLECIMIENTO QUE PERTENECÍA A SECRETARIA DE SALUD DEL ESTADO, SE TTRANSFIERE A SERVICIOS DE SALUD IMSS BIENESTAR.",16.776933,-93.610687
CSIMB001225,CENTRO DE SALUD JUÁREZ,CENTRO DE SALUD JUÁREZ,PICHUCALCO,SERVICIOS DE SALUD IMSS BIENESTAR ,7,CHIAPAS,JUAREZ,JUAREZ,5,PICHUCALCO,DE CONSULTA EXTERNA,4,BOULEVARD,DR. RAFAEL GRAHAM,SIN NÚMERO,,7,COLONIA,EL MIRADOR,29510,AV. OLIMPIADA COL. EL MIRADOR,9611862883,PRIMER NIVEL,2,URBANO,6,SIN MODIFICACION,5,OTRO,"ESTABLECIMIENTO QUE PERTENECÍA A SECRETARIA DE SALUD DEL ESTADO, SE TTRANSFIERE A SERVICIOS DE SALUD IMSS BIENESTAR.",17.609014,-93.191925
CSIMB001230,CENTRO DE SALUD EJIDO IGNACIO ALLENDE,CENTRO DE SALUD EJIDO IGNACIO ALLENDE,PICHUCALCO,SERVICIOS DE SALUD IMSS BIENESTAR ,7,CHIAPAS,JUAREZ,ALLENDE 1RA. SECCION,5,PICHUCALCO,DE CONSULTA EXTERNA,5,CALLE,SIN NOMBRE,SIN NÚMERO,,7,COLONIA,CENTRO,29515,A LADO DE LA ESCUELA EMILIO BARRASA,9621527220,PRIMER NIVEL,1,RURAL,6,SIN MODIFICACION,5,OTRO,"ESTABLECIMIENTO QUE PERTENECÍA A SECRETARIA DE SALUD DEL ESTADO, SE TTRANSFIERE A SERVICIOS DE SALUD IMSS BIENESTAR.",17.719708,-93.3485
CSIMB001242,SAN ANDRÉS LARRAINZAR,SAN ANDRÉS LARRAINZAR,CHAMULA,SERVICIOS DE SALUD IMSS BIENESTAR ,7,CHIAPAS,LARRAINZAR,LARRAINZAR,2,SAN CRISTÓBAL DE LAS CASAS,DE CONSULTA EXTERNA,3,AVENIDA,MAZARIEGOS,SIN NÚMERO,,25,PUEBLO,LARRAINZAR,29860,AV. MAZARIEGOS S/N,9641166258,PRIMER NIVEL,2,URBANO,6,SIN MODIFICACION,5,OTRO,"ESTABLECIMIENTO QUE PERTENECÍA A SECRETARIA DE SALUD DEL ESTADO, SE TTRANSFIERE A SERVICIOS DE SALUD IMSS BIENESTAR.",16.885077,-92.714158
CSIMB001254,BAYALEMHO DOS,BAYALEMHO DOS,CHAMULA,SERVICIOS DE SALUD IMSS BIENESTAR ,7,CHIAPAS,LARRAINZAR,BAYALEMO DOS,2,SAN CRISTÓBAL DE LAS CASAS,DE CONSULTA EXTERNA,22,NINGUNO,SIN NOMBRE,SIN NÚMERO,,25,PUEBLO,BAYALHEMO,29862,FRENTE A LA ESCUELA PRIMARIA,9636360142,PRIMER NIVEL,1,RURAL,6,SIN MODIFICACION,5,OTRO,"ESTABLECIMIENTO QUE PERTENECÍA A SECRETARIA DE SALUD DEL ESTADO, SE TTRANSFIERE A SERVICIOS DE SALUD IMSS BIENESTAR.",16.934624,-92.767738
CSIMB001266,STENLEJSOSTETIC,STENLEJSOSTETIC,CHAMULA,SERVICIOS DE SALUD IMSS BIENESTAR ,7,CHIAPAS,LARRAINZAR,STENLEJSOTZTETIC,2,SAN CRISTÓBAL DE LAS CASAS,DE CONSULTA EXTERNA,22,NINGUNO,SIN NOMBRE,SIN NÚMERO,,25,PUEBLO,STENLEJSOTZTETIC,29864,FRENTE A LA ESCUELA,9631425092,PRIMER NIVEL,1,RURAL,6,SIN MODIFICACION,5,OTRO,"ESTABLECIMIENTO QUE PERTENECÍA A SECRETARIA DE SALUD DEL ESTADO, SE TTRANSFIERE A SERVICIOS DE SALUD IMSS BIENESTAR.",16.9293,-92.82769
CSIMB001271,LA LIBERTAD,LA LIBERTAD,PALENQUE,SERVICIOS DE SALUD IMSS BIENESTAR ,7,CHIAPAS,LA LIBERTAD,LA LIBERTAD,6,PALENQUE,DE CONSULTA EXTERNA,3,AVENIDA,1A SUR,SIN NÚMERO,,25,PUEBLO,LA LIBERTAD,29970,1A.AV. SUR ENTRE 2A. Y 3A. AV.PTE CENTRO,9611814816,PRIMER NIVEL,2,URBANO,6,SIN MODIFICACION,5,OTRO,"ESTABLECIMIENTO QUE PERTENECÍA A SECRETARIA DE SALUD DEL ESTADO, SE TTRANSFIERE A SERVICIOS DE SALUD IMSS BIENESTAR.",17.6897,-91.7203
CSIMB001283,MAPASTEPEC,MAPASTEPEC,TAPACHULA,SERVICIOS DE SALUD IMSS BIENESTAR ,7,CHIAPAS,MAPASTEPEC,MAPASTEPEC,7,TAPACHULA,DE CONSULTA EXTERNA,3,AVENIDA,FRANCISCO SARABIA,SIN NÚMERO,,3,BARRIO,15 DE ENERO,30560,A UN LADO DE LA GUARDERIA SEDESOL CAVSI,9631331065,PRIMER NIVEL,2,URBANO,6,SIN MODIFICACION,5,OTRO,"ESTABLECIMIENTO QUE PERTENECÍA A SECRETARIA DE SALUD DEL ESTADO, SE TTRANSFIERE A SERVICIOS DE SALUD IMSS BIENESTAR.",15.439381,-92.894417
CSIMB001295,ADOLFO RUIZ CORTINES,ADOLFO RUIZ CORTINES,TAPACHULA,SERVICIOS DE SALUD IMSS BIENESTAR ,7,CHIAPAS,MAPASTEPEC,ADOLFO RUIZ CORTINEZ,7,TAPACHULA,DE CONSULTA EXTERNA,22,NINGUNO,SIN NOMBRE,SIN NÚMERO,,7,COLONIA,RUIZ CORTINES,30570,FRENTE AL PARQUE CENTRAL. A UN COSTADO DE LA CASA EJIDAL,9631217491,PRIMER NIVEL,1,RURAL,6,SIN MODIFICACION,1,PROPIO,"ESTABLECIMIENTO QUE PERTENECÍA A SECRETARIA DE SALUD DEL ESTADO, SE TTRANSFIERE A SERVICIOS DE SALUD IMSS BIENESTAR.",15.445693,-92.854255
CSIMB001300,H. B. C. DE LAS MARGARITAS,H. B. C. DE LAS MARGARITAS,COMITAN,SERVICIOS DE SALUD IMSS BIENESTAR ,7,CHIAPAS,LAS MARGARITAS,LAS MARGARITAS,3,COMITÁN,DE HOSPITALIZACIÓN,5,CALLE,CENTRAL NORTE,63,,3,BARRIO,BARRIO LOS POCITOS,30187,,9631069703,SEGUNDO NIVEL,2,URBANO,6,SIN MODIFICACION,1,PROPIO,"ESTABLECIMIENTO QUE PERTENECÍA A SECRETARIA DE SALUD DEL ESTADO, SE TTRANSFIERE A SERVICIOS DE SALUD IMSS BIENESTAR.",16.320459,-91.97701
CSIMB001312,AMPARO AGUA TINTA,AMPARO AGUA TINTA,COMITAN,SERVICIOS DE SALUD IMSS BIENESTAR ,7,CHIAPAS,LAS MARGARITAS,AMPARO AGUA TINTA,3,COMITÁN,DE CONSULTA EXTERNA,24,CARRETERA,MARAVILLA TENEJAPA KM 94,SIN NÚMERO,,7,COLONIA,AMPARO AGUA TINTA,30188,NO DISPONIBLE,9631305660,PRIMER NIVEL,1,RURAL,6,SIN MODIFICACION,1,PROPIO,"ESTABLECIMIENTO QUE PERTENECÍA A SECRETARIA DE SALUD DEL ESTADO, SE TTRANSFIERE A SERVICIOS DE SALUD IMSS BIENESTAR.",16.134971,-91.490303
CSIMB001324,GABRIEL LEYVA VELÁZQUEZ,GABRIEL LEYVA VELÁZQUEZ,COMITAN,SERVICIOS DE SALUD IMSS BIENESTAR ,7,CHIAPAS,LAS MARGARITAS,GABRIEL LEYVA VELAZQUEZ,3,COMITÁN,DE CONSULTA EXTERNA,5,CALLE,SIN NOMBRE,SIN NÚMERO,,13,EJIDO,GABRIEL LEYVA VELÁZQUEZ,30185,PENDIENTE,9666643316,PRIMER NIVEL,1,RURAL,6,SIN MODIFICACION,1,PROPIO,"ESTABLECIMIENTO QUE PERTENECÍA A SECRETARIA DE SALUD DEL ESTADO, SE TTRANSFIERE A SERVICIOS DE SALUD IMSS BIENESTAR.",16.4614,-91.836
CSIMB001336,IGNACIO ZARAGOZA,IGNACIO ZARAGOZA,COMITAN,SERVICIOS DE SALUD IMSS BIENESTAR ,7,CHIAPAS,LAS MARGARITAS,IGNACIO ZARAGOZA,3,COMITÁN,DE CONSULTA EXTERNA,23,CAMINO,SIN NOMBRE,SIN NÚMERO,,13,EJIDO,IGNACIO ZARAGOZA,30189,NO DISPONIBLE,9611784665,PRIMER NIVEL,1,RURAL,6,SIN MODIFICACION,1,PROPIO,"ESTABLECIMIENTO QUE PERTENECÍA A SECRETARIA DE SALUD DEL ESTADO, SE TTRANSFIERE A SERVICIOS DE SALUD IMSS BIENESTAR.",16.3521,-91.921998
CSIMB001341,JALISCO,JALISCO,COMITAN,SERVICIOS DE SALUD IMSS BIENESTAR ,7,CHIAPAS,LAS MARGARITAS,JALISCO,3,COMITÁN,DE CONSULTA EXTERNA,5,CALLE,SECTOR 1,SIN NÚMERO,,13,EJIDO,JALISCO,30185,NO DISPONIBLE,5551500487,PRIMER NIVEL,1,RURAL,6,SIN MODIFICACION,1,PROPIO,"ESTABLECIMIENTO QUE PERTENECÍA A SECRETARIA DE SALUD DEL ESTADO, SE TTRANSFIERE A SERVICIOS DE SALUD IMSS BIENESTAR.",16.4303,-91.9763
CSIMB001353,JUSTO SIERRA,JUSTO SIERRA,COMITAN,SERVICIOS DE SALUD IMSS BIENESTAR ,7,CHIAPAS,LAS MARGARITAS,JUSTO SIERRA (SAN FRANCISCO),3,COMITÁN,DE CONSULTA EXTERNA,23,CAMINO,SIN NOMBRE,SIN NÚMERO,,13,EJIDO,JUSTO SIERRA (SAN FRANCISCO),30185,NO DISPONIBLE,9626099620,PRIMER NIVEL,1,RURAL,6,SIN MODIFICACION,1,PROPIO,"ESTABLECIMIENTO QUE PERTENECÍA A SECRETARIA DE SALUD DEL ESTADO, SE TTRANSFIERE A SERVICIOS DE SALUD IMSS BIENESTAR.",16.543873,-92.054813
CSIMB001365,SAN ISIDRO,SAN ISIDRO,COMITAN,SERVICIOS DE SALUD IMSS BIENESTAR ,7,CHIAPAS,LAS MARGARITAS,SAN ISIDRO,3,COMITÁN,DE CONSULTA EXTERNA,22,NINGUNO,SIN NOMBRE,SIN NÚMERO,,13,EJIDO,SAN ISIDRO,30187,NO DISPONIBLE,9612322824,PRIMER NIVEL,1,RURAL,6,SIN MODIFICACION,1,PROPIO,"ESTABLECIMIENTO QUE PERTENECÍA A SECRETARIA DE SALUD DEL ESTADO, SE TTRANSFIERE A SERVICIOS DE SALUD IMSS BIENESTAR.",16.329579,-91.640069
CSIMB001370,SANTA MARTHA,SANTA MARTHA,COMITAN,SERVICIOS DE SALUD IMSS BIENESTAR ,7,CHIAPAS,LA INDEPENDENCIA,SANTA MARTHA,3,COMITÁN,DE CONSULTA EXTERNA,3,AVENIDA,2A. SUR ORIENTE,32,,7,COLONIA,CENTRO,30000,A UN COSTADO DE LA ESCUELA PRIMARIA,9611037748,PRIMER NIVEL,1,RURAL,6,SIN MODIFICACION,1,PROPIO,"ESTABLECIMIENTO QUE PERTENECÍA A SECRETARIA DE SALUD DEL ESTADO, SE TTRANSFIERE A SERVICIOS DE SALUD IMSS BIENESTAR.",16.09067,-91.51181
CSIMB001382,JERUSALEM,JERUSALEM,COMITAN,SERVICIOS DE SALUD IMSS BIENESTAR ,7,CHIAPAS,LAS MARGARITAS,JERUSALEN,3,COMITÁN,DE CONSULTA EXTERNA,23,CAMINO,"SECTOR 4, MANZANA 31",SIN NÚMERO,,25,PUEBLO,JERUSALEN,30232,NO DISPONIBLE,9621762781,PRIMER NIVEL,1,RURAL,6,SIN MODIFICACION,1,PROPIO,"ESTABLECIMIENTO QUE PERTENECÍA A SECRETARIA DE SALUD DEL ESTADO, SE TTRANSFIERE A SERVICIOS DE SALUD IMSS BIENESTAR.",16.180322,-91.380104
CSIMB001394,MAZAPA DE MADERO,MAZAPA DE MADERO,EL PORVENIR,SERVICIOS DE SALUD IMSS BIENESTAR ,7,CHIAPAS,MAZAPA DE MADERO,MAZAPA DE MADERO,10,MOTOZINTLA,DE CONSULTA EXTERNA,3,AVENIDA,HIDALGO,21,,25,PUEBLO,MAZAPA DE MADERO,30920,"AV. HIDALGO NO. 21, MAZAPA DE MADERO.",9642826357,PRIMER NIVEL,2,URBANO,6,SIN MODIFICACION,5,OTRO,"ESTABLECIMIENTO QUE PERTENECÍA A SECRETARIA DE SALUD DEL ESTADO, SE TTRANSFIERE A SERVICIOS DE SALUD IMSS BIENESTAR.",15.3893,-92.1858
CSIMB001406,GRANADOS TALCANAQUE,GRANADOS TALCANAQUE,EL PORVENIR,SERVICIOS DE SALUD IMSS BIENESTAR ,7,CHIAPAS,MAZAPA DE MADERO,GRANADOS TALCANAQUE,10,MOTOZINTLA,DE CONSULTA EXTERNA,24,CARRETERA,SIN NOMBRE,SIN NÚMERO,,13,EJIDO,GRANADOS TALCANAQUE,30926,AV. CENTRAL S/N,9621118138,PRIMER NIVEL,1,RURAL,6,SIN MODIFICACION,5,OTRO,"ESTABLECIMIENTO QUE PERTENECÍA A SECRETARIA DE SALUD DEL ESTADO, SE TTRANSFIERE A SERVICIOS DE SALUD IMSS BIENESTAR.",15.2804,-92.211
CSIMB001411,MITONTIC,MITONTIC,CHAMULA,SERVICIOS DE SALUD IMSS BIENESTAR ,7,CHIAPAS,MITONTIC,MITONTIC,2,SAN CRISTÓBAL DE LAS CASAS,DE CONSULTA EXTERNA,3,AVENIDA,8 DE MAYO,9,,25,PUEBLO,MITONTIC,29490,AV. 8 DE MAYO NO.9,9611769703,PRIMER NIVEL,2,URBANO,6,SIN MODIFICACION,5,OTRO,"ESTABLECIMIENTO QUE PERTENECÍA A SECRETARIA DE SALUD DEL ESTADO, SE TTRANSFIERE A SERVICIOS DE SALUD IMSS BIENESTAR.",16.860889,-92.628242
CSIMB001423,CHALAM,CHALAM,CHAMULA,SERVICIOS DE SALUD IMSS BIENESTAR ,7,CHIAPAS,MITONTIC,CHALAM,2,SAN CRISTÓBAL DE LAS CASAS,DE CONSULTA EXTERNA,5,CALLE,CENTRAL,SIN NÚMERO,,25,PUEBLO,CHALAM,29495,CALLE CENTRAL,9191127183,PRIMER NIVEL,1,RURAL,6,SIN MODIFICACION,5,OTRO,"ESTABLECIMIENTO QUE PERTENECÍA A SECRETARIA DE SALUD DEL ESTADO, SE TTRANSFIERE A SERVICIOS DE SALUD IMSS BIENESTAR.",16.888002,-92.550462
CSIMB001435,MOTOZINTLA DE MENDOZA,MOTOZINTLA DE MENDOZA,EL PORVENIR,SERVICIOS DE SALUD IMSS BIENESTAR ,7,CHIAPAS,MOTOZINTLA,MOTOZINTLA DE MENDOZA,10,MOTOZINTLA,DE CONSULTA EXTERNA,3,AVENIDA,4A. NORTE,733,,3,BARRIO,EMILIANO ZAPATA,30900,4A. AV. NTE. NO. 733 BARRIO EMILIANO ZAPATA,9191219481,PRIMER NIVEL,2,URBANO,6,SIN MODIFICACION,5,OTRO,"ESTABLECIMIENTO QUE PERTENECÍA A SECRETARIA DE SALUD DEL ESTADO, SE TTRANSFIERE A SERVICIOS DE SALUD IMSS BIENESTAR.",15.3685,-92.24418
CSIMB001440,FRANCISCO I. MADERO,FRANCISCO I. MADERO,EL PORVENIR,SERVICIOS DE SALUD IMSS BIENESTAR ,7,CHIAPAS,MOTOZINTLA,FRANCISCO I. MADERO,10,MOTOZINTLA,DE CONSULTA EXTERNA,23,CAMINO,SIN NOMBRE,SIN NÚMERO,,13,EJIDO,FRANCISCO I. MADERO,30900,SALIDA DE LA COM.CAMINO NVO. FCO.I.MADER,9621548351,PRIMER NIVEL,1,RURAL,6,SIN MODIFICACION,5,OTRO,"ESTABLECIMIENTO QUE PERTENECÍA A SECRETARIA DE SALUD DEL ESTADO, SE TTRANSFIERE A SERVICIOS DE SALUD IMSS BIENESTAR.",15.514057,-92.08842
CSIMB001452,SANTA ANA PINABETO,SANTA ANA PINABETO,EL PORVENIR,SERVICIOS DE SALUD IMSS BIENESTAR ,7,CHIAPAS,MOTOZINTLA,SANTA ANA PINABETO,10,MOTOZINTLA,DE CONSULTA EXTERNA,24,CARRETERA,A SAN VICENTE,SIN NÚMERO,,13,EJIDO,SANTA ANA PINABETO,30917,AL LADO DEL SALON DE ACTOS,9621856309,PRIMER NIVEL,1,RURAL,6,SIN MODIFICACION,5,OTRO,"ESTABLECIMIENTO QUE PERTENECÍA A SECRETARIA DE SALUD DEL ESTADO, SE TTRANSFIERE A SERVICIOS DE SALUD IMSS BIENESTAR.",15.214197,-92.238871
CSIMB001464,RINCÓN DEL BOSQUE,RINCÓN DEL BOSQUE,EL PORVENIR,SERVICIOS DE SALUD IMSS BIENESTAR ,7,CHIAPAS,MOTOZINTLA,RINCON DEL BOSQUE,10,MOTOZINTLA,DE CONSULTA EXTERNA,24,CARRETERA,SIN NOMBRE,SIN NÚMERO,,13,EJIDO,RINCON DEL BOSQUE,30913,"CONOCIDO, RINCON DEL BOSQUE.",9612359069,PRIMER NIVEL,1,RURAL,6,SIN MODIFICACION,5,OTRO,"ESTABLECIMIENTO QUE PERTENECÍA A SECRETARIA DE SALUD DEL ESTADO, SE TTRANSFIERE A SERVICIOS DE SALUD IMSS BIENESTAR.",15.343611,-92.443889
CSIMB001476,MIGUEL ALEMÁN,MIGUEL ALEMÁN,EL PORVENIR,SERVICIOS DE SALUD IMSS BIENESTAR ,7,CHIAPAS,MOTOZINTLA,MIGUEL ALEMAN,10,MOTOZINTLA,DE CONSULTA EXTERNA,23,CAMINO,SIN NOMBRE,SIN NÚMERO,,3,BARRIO,MIGUEL ALEMAN,30900,DEL OTRO LADO DEL RÍO,9671037422,PRIMER NIVEL,1,RURAL,6,SIN MODIFICACION,5,OTRO,"ESTABLECIMIENTO QUE PERTENECÍA A SECRETARIA DE SALUD DEL ESTADO, SE TTRANSFIERE A SERVICIOS DE SALUD IMSS BIENESTAR.",15.365444,-92.417716
CSIMB001481,OCOSINGO,OCOSINGO,OCOSINGO,SERVICIOS DE SALUD IMSS BIENESTAR ,7,CHIAPAS,OCOSINGO,OCOSINGO,9,OCOSINGO,DE CONSULTA EXTERNA,3,AVENIDA,CENTRAL EFRAIN BARTOLOME,16,,7,COLONIA,OCOSINGO CENTRO,29950,AVENIDA CENTRAL JUÁREZ NUM. 16,9622220327,PRIMER NIVEL,2,URBANO,6,SIN MODIFICACION,1,PROPIO,"ESTABLECIMIENTO QUE PERTENECÍA A SECRETARIA DE SALUD DEL ESTADO, SE TTRANSFIERE A SERVICIOS DE SALUD IMSS BIENESTAR.",16.908151,-92.095842
CSIMB001493,NAZARETH,NAZARETH,OCOSINGO,SERVICIOS DE SALUD IMSS BIENESTAR ,7,CHIAPAS,OCOSINGO,NAZARETH,9,OCOSINGO,DE CONSULTA EXTERNA,23,CAMINO,SIN NOMBRE,SIN NÚMERO,,13,EJIDO,NAZARETH,29952,A UN COSTADO DE LA ESCUELA PRIMARIA,9331609225,PRIMER NIVEL,1,RURAL,6,SIN MODIFICACION,4,IRREGULAR,"ESTABLECIMIENTO QUE PERTENECÍA A SECRETARIA DE SALUD DEL ESTADO, SE TTRANSFIERE A SERVICIOS DE SALUD IMSS BIENESTAR.",16.979372,-91.913956
CSIMB001505,YAXOQUIMTELA,YAXOQUIMTELA,OCOSINGO,SERVICIOS DE SALUD IMSS BIENESTAR ,7,CHIAPAS,OCOSINGO,YAXOQUINTELA,9,OCOSINGO,DE CONSULTA EXTERNA,23,CAMINO,SIN NOMBRE,SIN NÚMERO,,13,EJIDO,SIN NOMBRE,29950,FRENTE A LA AGENCIA MUNICIPAL,9671903455,PRIMER NIVEL,1,RURAL,6,SIN MODIFICACION,4,IRREGULAR,"ESTABLECIMIENTO QUE PERTENECÍA A SECRETARIA DE SALUD DEL ESTADO, SE TTRANSFIERE A SERVICIOS DE SALUD IMSS BIENESTAR.",16.910231,-91.729567
CSIMB001510,CONGREGACION VIRGINIA,CONGREGACION VIRGINIA,OCOSINGO,SERVICIOS DE SALUD IMSS BIENESTAR ,7,CHIAPAS,OCOSINGO,LA VIRGINIA,9,OCOSINGO,DE CONSULTA EXTERNA,23,CAMINO,SIN NOMBRE,SIN NÚMERO,,25,PUEBLO,LA VIRGINIA,29953,JUNTO A LA CASA DE LA MUJER,9161076374,PRIMER NIVEL,1,RURAL,6,SIN MODIFICACION,4,IRREGULAR,"ESTABLECIMIENTO QUE PERTENECÍA A SECRETARIA DE SALUD DEL ESTADO, SE TTRANSFIERE A SERVICIOS DE SALUD IMSS BIENESTAR.",16.875262,-92.173167
CSIMB001522,SANTA ELENA,SANTA ELENA,OCOSINGO,SERVICIOS DE SALUD IMSS BIENESTAR ,7,CHIAPAS,OCOSINGO,LAGUNA SANTA ELENA,9,OCOSINGO,DE CONSULTA EXTERNA,5,CALLE,SIN NOMBRE,SIN NÚMERO,,13,EJIDO,SANTA ELENA,29952,ATRÁS DE LA CASA EJIDAL,9611691446,PRIMER NIVEL,1,RURAL,6,SIN MODIFICACION,4,IRREGULAR,"ESTABLECIMIENTO QUE PERTENECÍA A SECRETARIA DE SALUD DEL ESTADO, SE TTRANSFIERE A SERVICIOS DE SALUD IMSS BIENESTAR.",16.893005,-91.590161
CSIMB001534,NUEVA PALESTINA,NUEVA PALESTINA,PALENQUE,SERVICIOS DE SALUD IMSS BIENESTAR ,7,CHIAPAS,OCOSINGO,NUEVA PALESTINA,6,PALENQUE,DE CONSULTA EXTERNA,5,CALLE,SIN NOMBRE,SIN NÚMERO,,13,EJIDO,NUEVA PALESTINA,29954,EN LA CALLE DE LA IGLESIA PRESBITERIANA,9671261307,PRIMER NIVEL,2,URBANO,6,SIN MODIFICACION,5,OTRO,"ESTABLECIMIENTO QUE PERTENECÍA A SECRETARIA DE SALUD DEL ESTADO, SE TTRANSFIERE A SERVICIOS DE SALUD IMSS BIENESTAR.",16.8191,-91.261
CSIMB001546,FRONTERA COROZAL,FRONTERA COROZAL,PALENQUE,SERVICIOS DE SALUD IMSS BIENESTAR ,7,CHIAPAS,OCOSINGO,FRONTERA COROZAL,6,PALENQUE,DE CONSULTA EXTERNA,5,CALLE,SIN NOMBRE,SIN NÚMERO,,25,PUEBLO,FRONTERA COROZAL,29935,A UN LADO DE LA CLINICA IMSS-SOLIDARIDAD,9611358068,PRIMER NIVEL,2,URBANO,6,SIN MODIFICACION,5,OTRO,"ESTABLECIMIENTO QUE PERTENECÍA A SECRETARIA DE SALUD DEL ESTADO, SE TTRANSFIERE A SERVICIOS DE SALUD IMSS BIENESTAR.",16.813966,-90.883893
CSIMB001551,RAMÓN F. BALBOA,RAMÓN F. BALBOA,OCOSINGO,SERVICIOS DE SALUD IMSS BIENESTAR ,7,CHIAPAS,OCOSINGO,RAMON F. BALBOA,9,OCOSINGO,DE CONSULTA EXTERNA,23,CAMINO,SIN NOMBRE,SIN NÚMERO,,25,PUEBLO,RAMÓN F. BALBOA,29954,CERCA DEL JARDÍN DE NIÑOS,9671862012,PRIMER NIVEL,1,RURAL,6,SIN MODIFICACION,4,IRREGULAR,"ESTABLECIMIENTO QUE PERTENECÍA A SECRETARIA DE SALUD DEL ESTADO, SE TTRANSFIERE A SERVICIOS DE SALUD IMSS BIENESTAR.",16.474872,-91.401507
CSIMB001563,SANTO DOMINGO,SANTO DOMINGO,PALENQUE,SERVICIOS DE SALUD IMSS BIENESTAR ,7,CHIAPAS,OCOSINGO,SANTO DOMINGO,6,PALENQUE,DE CONSULTA EXTERNA,5,CALLE,VICENTE SUAREZ,SIN NÚMERO,,25,PUEBLO,SANTO DOMINGO,29936,CALLE VICENTE SUAREZ S/N,9632309123,PRIMER NIVEL,1,RURAL,6,SIN MODIFICACION,5,OTRO,"ESTABLECIMIENTO QUE PERTENECÍA A SECRETARIA DE SALUD DEL ESTADO, SE TTRANSFIERE A SERVICIOS DE SALUD IMSS BIENESTAR.",17.310613,-92.050974
CSIMB001575,NUEVA MORELIA,NUEVA MORELIA,OCOSINGO,SERVICIOS DE SALUD IMSS BIENESTAR ,7,CHIAPAS,OCOSINGO,NUEVA MORELIA,9,OCOSINGO,DE CONSULTA EXTERNA,23,CAMINO,SIN NOMBRE,SIN NÚMERO,,13,EJIDO,SIN NOMBRE,29950,A UN COSTADO DE LA CANCHA DE BASQUETBOL,9613729069,PRIMER NIVEL,1,RURAL,6,SIN MODIFICACION,1,PROPIO,"ESTABLECIMIENTO QUE PERTENECÍA A SECRETARIA DE SALUD DEL ESTADO, SE TTRANSFIERE A SERVICIOS DE SALUD IMSS BIENESTAR.",16.819576,-91.912492
CSIMB001580,SAN JUAN RÓMULO CALZADA,SAN JUAN RÓMULO CALZADA,OCOSINGO,SERVICIOS DE SALUD IMSS BIENESTAR ,7,CHIAPAS,OCOSINGO,SAN JUAN ROMULO CALZADA,9,OCOSINGO,DE CONSULTA EXTERNA,23,CAMINO,SIN NOMBRE,SIN NÚMERO,,13,EJIDO,SIN NOMBRE,29950,SAN. JUAN RÓMULO CALZADA,9621005896,PRIMER NIVEL,1,RURAL,6,SIN MODIFICACION,4,IRREGULAR,"ESTABLECIMIENTO QUE PERTENECÍA A SECRETARIA DE SALUD DEL ESTADO, SE TTRANSFIERE A SERVICIOS DE SALUD IMSS BIENESTAR.",16.631735,-91.611407
CSIMB001592,LA TRINIDAD,LA TRINIDAD,OCOSINGO,SERVICIOS DE SALUD IMSS BIENESTAR ,7,CHIAPAS,OCOSINGO,LA TRINIDAD,9,OCOSINGO,DE CONSULTA EXTERNA,23,CAMINO,SIN NOMBRE,SIN NÚMERO,,13,EJIDO,SIN NOMBRE,29950,FRENTE CAMPO DE FUTBOL,9191312814,PRIMER NIVEL,1,RURAL,6,SIN MODIFICACION,4,IRREGULAR,"ESTABLECIMIENTO QUE PERTENECÍA A SECRETARIA DE SALUD DEL ESTADO, SE TTRANSFIERE A SERVICIOS DE SALUD IMSS BIENESTAR.",16.780432,-91.6189
CSIMB001604,CHAVARICO LAS PALMAS,CHAVARICO LAS PALMAS,OCOSINGO,SERVICIOS DE SALUD IMSS BIENESTAR ,7,CHIAPAS,OCOSINGO,CHAVARICO LAS PALMAS,9,OCOSINGO,DE CONSULTA EXTERNA,23,CAMINO,SIN NOMBRE,SIN NÚMERO,,27,RANCHERÍA,CHAVARICO LAS PALMAS,29952,A UN COSTADO DE LA CASA EJIDAL,9191324821,PRIMER NIVEL,1,RURAL,6,SIN MODIFICACION,1,PROPIO,"ESTABLECIMIENTO QUE PERTENECÍA A SECRETARIA DE SALUD DEL ESTADO, SE TTRANSFIERE A SERVICIOS DE SALUD IMSS BIENESTAR.",16.950208,-91.806437
CSIMB001616,LA SOLEDAD,LA SOLEDAD,OCOSINGO,SERVICIOS DE SALUD IMSS BIENESTAR ,7,CHIAPAS,OCOSINGO,LA SOLEDAD,9,OCOSINGO,DE CONSULTA EXTERNA,23,CAMINO,SIN NOMBRE,SIN NÚMERO,,25,PUEBLO,LA SOLEDAD,29954,A UN COSTADO DE AGENCIA RURAL MUNICIPAL,9612360254,PRIMER NIVEL,1,RURAL,6,SIN MODIFICACION,4,IRREGULAR,"ESTABLECIMIENTO QUE PERTENECÍA A SECRETARIA DE SALUD DEL ESTADO, SE TTRANSFIERE A SERVICIOS DE SALUD IMSS BIENESTAR.",16.508945,-91.447999
CSIMB001621,PATIHUITZ,PATIHUITZ,OCOSINGO,SERVICIOS DE SALUD IMSS BIENESTAR ,7,CHIAPAS,OCOSINGO,PATIHUITZ,9,OCOSINGO,DE CONSULTA EXTERNA,24,CARRETERA,SIN NOMBRE,SIN NÚMERO,,13,EJIDO,SIN NOMBRE,29950,A 50 METROS CARRETERA A QUE CONDUCE A SAN QUINTÍN,9686880547,PRIMER NIVEL,1,RURAL,6,SIN MODIFICACION,4,IRREGULAR,"ESTABLECIMIENTO QUE PERTENECÍA A SECRETARIA DE SALUD DEL ESTADO, SE TTRANSFIERE A SERVICIOS DE SALUD IMSS BIENESTAR.",16.74046,-91.740251
CSIMB001633,OCOZOCOAUTLA,OCOZOCOAUTLA,TUXTLA,SERVICIOS DE SALUD IMSS BIENESTAR ,7,CHIAPAS,OCOZOCOAUTLA DE ESPINOSA,OCOZOCOAUTLA DE ESPINOSA,1,TUXTLA GUTIERREZ,DE CONSULTA EXTERNA,3,AVENIDA,TERCERA SUR PONIENTE,17,,3,BARRIO,SAN ANTONIO,29140,3A. SUR PTE NO. 17,9626210828,PRIMER NIVEL,2,URBANO,6,SIN MODIFICACION,5,OTRO,"ESTABLECIMIENTO QUE PERTENECÍA A SECRETARIA DE SALUD DEL ESTADO, SE TTRANSFIERE A SERVICIOS DE SALUD IMSS BIENESTAR.",16.7588009,-93.3764228
CSIMB001645,HERMENEGILDO GALEANA,HERMENEGILDO GALEANA,TUXTLA,SERVICIOS DE SALUD IMSS BIENESTAR ,7,CHIAPAS,OCOZOCOAUTLA DE ESPINOSA,HERMENEGILDO GALEANA,1,TUXTLA GUTIERREZ,DE CONSULTA EXTERNA,5,CALLE,SIN NOMBRE,SIN NÚMERO,,7,COLONIA,HERMENEGILDO GALEANA,29147,PENDIENTE,9611699192,PRIMER NIVEL,1,RURAL,6,SIN MODIFICACION,5,OTRO,"ESTABLECIMIENTO QUE PERTENECÍA A SECRETARIA DE SALUD DEL ESTADO, SE TTRANSFIERE A SERVICIOS DE SALUD IMSS BIENESTAR.",16.58044,-93.35632
CSIMB001650,LÁZARO CÁRDENAS,LÁZARO CÁRDENAS,TUXTLA,SERVICIOS DE SALUD IMSS BIENESTAR ,7,CHIAPAS,OCOZOCOAUTLA DE ESPINOSA,LAZARO CARDENAS,1,TUXTLA GUTIERREZ,DE CONSULTA EXTERNA,5,CALLE,TERCERA SUR PONIENTE,17,,7,COLONIA,LÁZARO CÁRDENAS,29140,3A. SUR PONIENTE NO. 17,9611204851,PRIMER NIVEL,1,RURAL,6,SIN MODIFICACION,1,PROPIO,"ESTABLECIMIENTO QUE PERTENECÍA A SECRETARIA DE SALUD DEL ESTADO, SE TTRANSFIERE A SERVICIOS DE SALUD IMSS BIENESTAR.",16.765948,-93.520409
CSIMB001662,CENTRO DE SALUD PLAN DE AYALA,CENTRO DE SALUD PLAN DE AYALA,PICHUCALCO,SERVICIOS DE SALUD IMSS BIENESTAR ,7,CHIAPAS,OSTUACAN,PLAN DE AYALA,5,PICHUCALCO,DE CONSULTA EXTERNA,5,CALLE,IGNACIO GALEANA,SIN NÚMERO,,13,EJIDO,PLAN DE AYALA,29557,CALLE MORENO GALEANO,9611362871,PRIMER NIVEL,1,RURAL,6,SIN MODIFICACION,5,OTRO,"ESTABLECIMIENTO QUE PERTENECÍA A SECRETARIA DE SALUD DEL ESTADO, SE TTRANSFIERE A SERVICIOS DE SALUD IMSS BIENESTAR.",17.476787,-93.488373
CSIMB001674,UNIDAD MEDICA MOVIL JUAN DEL GRIJALVA,UNIDAD MEDICA MOVIL JUAN DEL GRIJALVA,PICHUCALCO,SERVICIOS DE SALUD IMSS BIENESTAR ,7,CHIAPAS,OSTUACAN,JUAN DEL GRIJALVA,5,PICHUCALCO,DE CONSULTA EXTERNA,24,CARRETERA,NUEVO SAYULA,SIN NÚMERO,,13,EJIDO,NUEVO SAYULA,29555,DETRAS DE LA CASA EJIDAL,9671131701,PRIMER NIVEL,1,RURAL,6,SIN MODIFICACION,1,PROPIO,"ESTABLECIMIENTO QUE PERTENECÍA A SECRETARIA DE SALUD DEL ESTADO, SE TTRANSFIERE A SERVICIOS DE SALUD IMSS BIENESTAR.",17.427334,-93.372565
CSIMB001686,OXCHUC,OXCHUC,OXCHUC,SERVICIOS DE SALUD IMSS BIENESTAR ,7,CHIAPAS,OXCHUC,OXCHUC,2,SAN CRISTÓBAL DE LAS CASAS,DE CONSULTA EXTERNA,24,CARRETERA,SAN CRISTOBAL-PALENQUE KM. 52,SIN NÚMERO,,25,PUEBLO,OXCHUC,29450,CARR. SN.CRISTOBAL A PALENQUE KM. 52,9611425751,PRIMER NIVEL,2,URBANO,6,SIN MODIFICACION,5,OTRO,"ESTABLECIMIENTO QUE PERTENECÍA A SECRETARIA DE SALUD DEL ESTADO, SE TTRANSFIERE A SERVICIOS DE SALUD IMSS BIENESTAR.",16.784248,-92.342157
CSIMB001691,MESBILJA,MESBILJA,OXCHUC,SERVICIOS DE SALUD IMSS BIENESTAR ,7,CHIAPAS,OXCHUC,MESBILJA,2,SAN CRISTÓBAL DE LAS CASAS,DE CONSULTA EXTERNA,23,CAMINO,SIN NOMBRE,SIN NÚMERO,,25,PUEBLO,MESBILJA,29460,A 100 MTS. DE LA ESCUELA PRIMARIA,9611173168,PRIMER NIVEL,1,RURAL,6,SIN MODIFICACION,5,OTRO,"ESTABLECIMIENTO QUE PERTENECÍA A SECRETARIA DE SALUD DEL ESTADO, SE TTRANSFIERE A SERVICIOS DE SALUD IMSS BIENESTAR.",16.800169,-92.248218
CSIMB001703,EL NIZ,EL NIZ,OXCHUC,SERVICIOS DE SALUD IMSS BIENESTAR ,7,CHIAPAS,OXCHUC,EL NIZ,2,SAN CRISTÓBAL DE LAS CASAS,DE CONSULTA EXTERNA,23,CAMINO,SIN NOMBRE,SIN NÚMERO,,27,RANCHERÍA,EL NIZ,29461,A UN COSTADO DE LA TELESECUNDARIA,9161659652,PRIMER NIVEL,1,RURAL,6,SIN MODIFICACION,5,OTRO,"ESTABLECIMIENTO QUE PERTENECÍA A SECRETARIA DE SALUD DEL ESTADO, SE TTRANSFIERE A SERVICIOS DE SALUD IMSS BIENESTAR.",16.706155,-92.213599
CSIMB001715,TZONTEALJA,TZONTEALJA,OXCHUC,SERVICIOS DE SALUD IMSS BIENESTAR ,7,CHIAPAS,OXCHUC,TZONTEALJA,2,SAN CRISTÓBAL DE LAS CASAS,DE CONSULTA EXTERNA,23,CAMINO,SIN NOMBRE,SIN NÚMERO,,25,PUEBLO,TZONTEALJA,29454,A UN COSTADO DE LA ESCUELA,9932601847,PRIMER NIVEL,1,RURAL,6,SIN MODIFICACION,5,OTRO,"ESTABLECIMIENTO QUE PERTENECÍA A SECRETARIA DE SALUD DEL ESTADO, SE TTRANSFIERE A SERVICIOS DE SALUD IMSS BIENESTAR.",16.892157,-92.318585
CSIMB001720,GUADALUPE BACJA,GUADALUPE BACJA,OXCHUC,SERVICIOS DE SALUD IMSS BIENESTAR ,7,CHIAPAS,OXCHUC,GUADALUPE XOIXMAL,2,SAN CRISTÓBAL DE LAS CASAS,DE CONSULTA EXTERNA,23,CAMINO,SIN NOMBRE,SIN NÚMERO,,25,PUEBLO,GUADALUPE XOIXMAL,29460,A UN COSTADO DE LA ESCUELA,9932071335,PRIMER NIVEL,1,RURAL,6,SIN MODIFICACION,5,OTRO,"ESTABLECIMIENTO QUE PERTENECÍA A SECRETARIA DE SALUD DEL ESTADO, SE TTRANSFIERE A SERVICIOS DE SALUD IMSS BIENESTAR.",16.713778,-92.254497
CSIMB001732,HOSPITAL GENERAL PALENQUE,HOSPITAL GENERAL PALENQUE,PALENQUE,SERVICIOS DE SALUD IMSS BIENESTAR ,7,CHIAPAS,PALENQUE,PALENQUE,6,PALENQUE,DE HOSPITALIZACIÓN,3,AVENIDA,PROLONGACION JUÁREZ,SIN NÚMERO,,7,COLONIA,NANDIUME,29960,PROLONGACIÓN JUÁREZ S/N,9611657602,SEGUNDO NIVEL,2,URBANO,6,SIN MODIFICACION,1,PROPIO,"ESTABLECIMIENTO QUE PERTENECÍA A SECRETARIA DE SALUD DEL ESTADO, SE TTRANSFIERE A SERVICIOS DE SALUD IMSS BIENESTAR.",17.507697,-91.988442
CSIMB001744,PALENQUE,PALENQUE,PALENQUE,SERVICIOS DE SALUD IMSS BIENESTAR ,7,CHIAPAS,PALENQUE,PALENQUE,6,PALENQUE,DE CONSULTA EXTERNA,19,PROLONGACIÓN,JUÁREZ,SIN NÚMERO,,7,COLONIA,NANDIUME,29960,PROL.JUÁREZ ESQ.JORGE DE LA VEGA DOMINGU,9161222500,PRIMER NIVEL,2,URBANO,6,SIN MODIFICACION,5,OTRO,"ESTABLECIMIENTO QUE PERTENECÍA A SECRETARIA DE SALUD DEL ESTADO, SE TTRANSFIERE A SERVICIOS DE SALUD IMSS BIENESTAR.",17.507412,-91.98756
CSIMB001756,LÁZARO CÁRDENAS,LÁZARO CÁRDENAS,PALENQUE,SERVICIOS DE SALUD IMSS BIENESTAR ,7,CHIAPAS,PALENQUE,LAZARO CARDENAS,6,PALENQUE,DE CONSULTA EXTERNA,22,NINGUNO,SIN NOMBRE,SIN NÚMERO,,13,EJIDO,LAZARO CARDENAS,29966,A LA ENTRADA DEL EJIDO,9611685763,PRIMER NIVEL,1,RURAL,6,SIN MODIFICACION,5,OTRO,"ESTABLECIMIENTO QUE PERTENECÍA A SECRETARIA DE SALUD DEL ESTADO, SE TTRANSFIERE A SERVICIOS DE SALUD IMSS BIENESTAR.",17.3611,-91.5515
CSIMB001761,EL NARANJO,EL NARANJO,PALENQUE,SERVICIOS DE SALUD IMSS BIENESTAR ,7,CHIAPAS,PALENQUE,EL NARANJO,6,PALENQUE,DE CONSULTA EXTERNA,5,CALLE,SIN NOMBRE,SIN NÚMERO,,13,EJIDO,EL NARANJO,29960,FRENTE A LA COOPERATIVA,9161202441,PRIMER NIVEL,1,RURAL,6,SIN MODIFICACION,5,OTRO,"ESTABLECIMIENTO QUE PERTENECÍA A SECRETARIA DE SALUD DEL ESTADO, SE TTRANSFIERE A SERVICIOS DE SALUD IMSS BIENESTAR.",17.4602,-92.0666
CSIMB001773,NUEVA ESPERANZA 1ª SECCIÓN,NUEVA ESPERANZA 1ª SECCIÓN,PALENQUE,SERVICIOS DE SALUD IMSS BIENESTAR ,7,CHIAPAS,PALENQUE,NUEVA ESPERANZA 1RA. SECCION,6,PALENQUE,DE CONSULTA EXTERNA,24,CARRETERA,KM. 95 CARRETERA VILLAHERMOSA-ESCARCEGA,SIN NÚMERO,,13,EJIDO,NUEVA ESPERANZA 1ª SECCIÓN,29969,KM. 95 CARR.VILLAHERMOSA-ESCARCEGA,9141308336,PRIMER NIVEL,1,RURAL,6,SIN MODIFICACION,5,OTRO,"ESTABLECIMIENTO QUE PERTENECÍA A SECRETARIA DE SALUD DEL ESTADO, SE TTRANSFIERE A SERVICIOS DE SALUD IMSS BIENESTAR.",17.6988,-92.1874
CSIMB001785,RÍO CHANCALÁ,RÍO CHANCALÁ,PALENQUE,SERVICIOS DE SALUD IMSS BIENESTAR ,7,CHIAPAS,PALENQUE,RIO CHANCALA,6,PALENQUE,DE CONSULTA EXTERNA,5,CALLE,CENTRAL NORTE,SIN NÚMERO,,13,EJIDO,RÍO CHANCALÁ,29966,CALLE CENTRAL NORTE S/N,9932842783,PRIMER NIVEL,1,RURAL,6,SIN MODIFICACION,5,OTRO,"ESTABLECIMIENTO QUE PERTENECÍA A SECRETARIA DE SALUD DEL ESTADO, SE TTRANSFIERE A SERVICIOS DE SALUD IMSS BIENESTAR.",17.334116,-91.685688
CSIMB001790,SAN MARTÍN CHAMIZAL,SAN MARTÍN CHAMIZAL,PALENQUE,SERVICIOS DE SALUD IMSS BIENESTAR ,7,CHIAPAS,PALENQUE,SAN MARTIN CHAMIZAL,6,PALENQUE,DE CONSULTA EXTERNA,22,NINGUNO,SIN NOMBRE,SIN NÚMERO,,13,EJIDO,SAN MARTÍN CHAMIZAL,29967,EJIDO S. MARTIN CHAMIZAL 1ª. ENTRADA (DEL COBACH),9612511193,PRIMER NIVEL,1,RURAL,6,SIN MODIFICACION,5,OTRO,"ESTABLECIMIENTO QUE PERTENECÍA A SECRETARIA DE SALUD DEL ESTADO, SE TTRANSFIERE A SERVICIOS DE SALUD IMSS BIENESTAR.",17.2636,-91.606
CSIMB001802,LA UNIÓN,LA UNIÓN,PALENQUE,SERVICIOS DE SALUD IMSS BIENESTAR ,7,CHIAPAS,PALENQUE,LA UNION,6,PALENQUE,DE CONSULTA EXTERNA,5,CALLE,21 DE MARZO,SIN NÚMERO,,13,EJIDO,LA UNIÓN,29969,AV. 21 DE MARZO S/N,9191520248,PRIMER NIVEL,1,RURAL,6,SIN MODIFICACION,5,OTRO,"ESTABLECIMIENTO QUE PERTENECÍA A SECRETARIA DE SALUD DEL ESTADO, SE TTRANSFIERE A SERVICIOS DE SALUD IMSS BIENESTAR.",17.613481,-92.07884
CSIMB001814,ROBERTO BARRIOS,ROBERTO BARRIOS,PALENQUE,SERVICIOS DE SALUD IMSS BIENESTAR ,7,CHIAPAS,PALENQUE,PROFESOR ROBERTO BARRIOS,6,PALENQUE,DE CONSULTA EXTERNA,5,CALLE,SIN NOMBRE,SIN NÚMERO,,13,EJIDO,ROBERTO BARRIOS,29968,CALLE PRINCIPAL S/N,9161143199,PRIMER NIVEL,1,RURAL,6,SIN MODIFICACION,5,OTRO,"ESTABLECIMIENTO QUE PERTENECÍA A SECRETARIA DE SALUD DEL ESTADO, SE TTRANSFIERE A SERVICIOS DE SALUD IMSS BIENESTAR.",17.327889,-91.922624
CSIMB001826,MIGUEL HIDALGO,MIGUEL HIDALGO,PALENQUE,SERVICIOS DE SALUD IMSS BIENESTAR ,7,CHIAPAS,PALENQUE,MIGUEL HIDALGO (ESTACION LACANDON),6,PALENQUE,DE CONSULTA EXTERNA,22,NINGUNO,SIN NOMBRE,SIN NÚMERO,,13,EJIDO,MIGUEL HIDALGO,29960,AL LADO DEL JARDÍN DE NIÑOS,9932323408,PRIMER NIVEL,1,RURAL,6,SIN MODIFICACION,5,OTRO,"ESTABLECIMIENTO QUE PERTENECÍA A SECRETARIA DE SALUD DEL ESTADO, SE TTRANSFIERE A SERVICIOS DE SALUD IMSS BIENESTAR.",17.531765,-91.819999
CSIMB001831,SATURNINO RÍOS,SATURNINO RÍOS,PALENQUE,SERVICIOS DE SALUD IMSS BIENESTAR ,7,CHIAPAS,PALENQUE,SATURNINO RIOS,6,PALENQUE,DE CONSULTA EXTERNA,5,CALLE,SIN NOMBRE,SIN NÚMERO,,13,EJIDO,SATURNINO RÍOS,29969,A UN COSTADO DE LA ESCUELA PRIMARIA,9611764441,PRIMER NIVEL,1,RURAL,6,SIN MODIFICACION,5,OTRO,"ESTABLECIMIENTO QUE PERTENECÍA A SECRETARIA DE SALUD DEL ESTADO, SE TTRANSFIERE A SERVICIOS DE SALUD IMSS BIENESTAR.",17.626927,-92.192287
CSIMB001843,CHOCOLJAITO,CHOCOLJAITO,PALENQUE,SERVICIOS DE SALUD IMSS BIENESTAR ,7,CHIAPAS,PALENQUE,CHOCOLJAITO,6,PALENQUE,DE CONSULTA EXTERNA,22,NINGUNO,SIN NOMBRE,MANZANA 6  ,,13,EJIDO,CHOCOLJAITO,29968,EJIDO CHOCOLJAITO MANZANA Nº 6,9931337608,PRIMER NIVEL,1,RURAL,6,SIN MODIFICACION,5,OTRO,"ESTABLECIMIENTO QUE PERTENECÍA A SECRETARIA DE SALUD DEL ESTADO, SE TTRANSFIERE A SERVICIOS DE SALUD IMSS BIENESTAR.",17.27096,-91.734771
CSIMB001855,EBEN EZER,EBEN EZER,PALENQUE,SERVICIOS DE SALUD IMSS BIENESTAR ,7,CHIAPAS,PALENQUE,EBEN EZER,6,PALENQUE,DE CONSULTA EXTERNA,5,CALLE,SIN NOMBRE,SIN NÚMERO,,13,EJIDO,EBEN EZER,29968,A UN LADO DE LA CASA EJIDAL,9611225667,PRIMER NIVEL,1,RURAL,6,SIN MODIFICACION,5,OTRO,"ESTABLECIMIENTO QUE PERTENECÍA A SECRETARIA DE SALUD DEL ESTADO, SE TTRANSFIERE A SERVICIOS DE SALUD IMSS BIENESTAR.",17.24711,-91.999685
CSIMB001860,NUEVA ESPERANZA PROGRESISTA,NUEVA ESPERANZA PROGRESISTA,PALENQUE,SERVICIOS DE SALUD IMSS BIENESTAR ,7,CHIAPAS,PALENQUE,NUEVA ESPERANZA PROGRESISTA,6,PALENQUE,DE CONSULTA EXTERNA,22,NINGUNO,SIN NOMBRE,SIN NÚMERO,,13,EJIDO,NUEVA ESPERANZA PROGRESISTA,29967,A LADO DE LA CASA EJIDAL,9191318816,PRIMER NIVEL,1,RURAL,6,SIN MODIFICACION,5,OTRO,"ESTABLECIMIENTO QUE PERTENECÍA A SECRETARIA DE SALUD DEL ESTADO, SE TTRANSFIERE A SERVICIOS DE SALUD IMSS BIENESTAR.",17.1083,-91.379
CSIMB001872,CENTRO DE SALUD CARRIZAL,CENTRO DE SALUD CARRIZAL,PICHUCALCO,SERVICIOS DE SALUD IMSS BIENESTAR ,7,CHIAPAS,PANTEPEC,EL CARRIZAL,5,PICHUCALCO,DE CONSULTA EXTERNA,23,CAMINO,SIN NOMBRE,SIN NÚMERO,,7,COLONIA,CENTRO,29666,CERCA DEL ALBERGUE,9611024752,PRIMER NIVEL,1,RURAL,6,SIN MODIFICACION,5,OTRO,"ESTABLECIMIENTO QUE PERTENECÍA A SECRETARIA DE SALUD DEL ESTADO, SE TTRANSFIERE A SERVICIOS DE SALUD IMSS BIENESTAR.",17.1606,-93.0769
CSIMB001884,HOSPITAL GENERAL PICHUCALCO,HOSPITAL GENERAL PICHUCALCO,PICHUCALCO,SERVICIOS DE SALUD IMSS BIENESTAR ,7,CHIAPAS,PICHUCALCO,PICHUCALCO,5,PICHUCALCO,DE HOSPITALIZACIÓN,5,CALLE,PONCIANO ROJAS,SIN NÚMERO,,16,FRACCIONAMIENTO,LAS PALMERAS,29520,AV. PONCIANO DE JUÁREZ S/N,9621524080,SEGUNDO NIVEL,2,URBANO,6,SIN MODIFICACION,1,PROPIO,"ESTABLECIMIENTO QUE PERTENECÍA A SECRETARIA DE SALUD DEL ESTADO, SE TTRANSFIERE A SERVICIOS DE SALUD IMSS BIENESTAR.",17.51385,-93.120507
CSIMB001896,UNIDAD MEDICA MOVIL CAMOAPITA 2A. SECCIÓN,UNIDAD MEDICA MOVIL CAMOAPITA 2A. SECCIÓN,PICHUCALCO,SERVICIOS DE SALUD IMSS BIENESTAR ,7,CHIAPAS,PICHUCALCO,CAMOAPITA 2DA. SECCION A (CENTRO),5,PICHUCALCO,DE CONSULTA EXTERNA,24,CARRETERA,PICHUCALCO-TEAPA,SIN NÚMERO,,27,RANCHERÍA,CAMOAPITA 2A. SECCION,29524,FRENTE A LA CASA DE LA SRA. GENOVEVA RODRIGUEZ,9617056964,PRIMER NIVEL,1,RURAL,6,SIN MODIFICACION,1,PROPIO,"ESTABLECIMIENTO QUE PERTENECÍA A SECRETARIA DE SALUD DEL ESTADO, SE TTRANSFIERE A SERVICIOS DE SALUD IMSS BIENESTAR.",17.487492,-93.185768
CSIMB001901,UNIDAD MEDICA MOVIL AZUFRE 2A. SECCIÓN,UNIDAD MEDICA MOVIL AZUFRE 2A. SECCIÓN,PICHUCALCO,SERVICIOS DE SALUD IMSS BIENESTAR ,7,CHIAPAS,PICHUCALCO,EL AZUFRE 2DA. SECCION,5,PICHUCALCO,DE CONSULTA EXTERNA,24,CARRETERA,PICHUCALCO-TEAPA,SIN NÚMERO,,27,RANCHERÍA,AZUFRE 2DA. SECCION,29523,INSTALACION DE LA ESCUELA RURAL FEDERAL LIC. ANTONIO MARTINEZ,5539117066,PRIMER NIVEL,1,RURAL,6,SIN MODIFICACION,1,PROPIO,"ESTABLECIMIENTO QUE PERTENECÍA A SECRETARIA DE SALUD DEL ESTADO, SE TTRANSFIERE A SERVICIOS DE SALUD IMSS BIENESTAR.",17.558421,-93.035338
CSIMB001913,CENRO DE SALUD TECTUAPAN,CENRO DE SALUD TECTUAPAN,PICHUCALCO,SERVICIOS DE SALUD IMSS BIENESTAR ,7,CHIAPAS,PICHUCALCO,TECTUAPAN,5,PICHUCALCO,DE CONSULTA EXTERNA,5,CALLE,AQUILES SERDAN,SIN NÚMERO,,25,PUEBLO,CENTRO,29524,CERCA DE LA PARADA DE LAS COMBIS,9621450419,PRIMER NIVEL,1,RURAL,6,SIN MODIFICACION,5,OTRO,"ESTABLECIMIENTO QUE PERTENECÍA A SECRETARIA DE SALUD DEL ESTADO, SE TTRANSFIERE A SERVICIOS DE SALUD IMSS BIENESTAR.",17.44572,-93.158801
CSIMB001925,CENTRO DE SALUD IGNACIO ZARAGOZA,CENTRO DE SALUD IGNACIO ZARAGOZA,PICHUCALCO,SERVICIOS DE SALUD IMSS BIENESTAR ,7,CHIAPAS,PICHUCALCO,IGNACIO ZARAGOZA BAJO,5,PICHUCALCO,DE CONSULTA EXTERNA,23,CAMINO,SIN NOMBRE,SIN NÚMERO,,25,PUEBLO,IGNACIO ZARAGOZA,29530,A 500 MTS RUMBO AL RANCHO GUADALUPE DE DON EUCLIDE RAMOS,9191000207,PRIMER NIVEL,1,RURAL,6,SIN MODIFICACION,5,OTRO,"ESTABLECIMIENTO QUE PERTENECÍA A SECRETARIA DE SALUD DEL ESTADO, SE TTRANSFIERE A SERVICIOS DE SALUD IMSS BIENESTAR.",17.534493,-93.327963
CSIMB001930,CENTRO DE SALUD URBANO PIJIJIAPAN,CENTRO DE SALUD URBANO PIJIJIAPAN,TONALA,SERVICIOS DE SALUD IMSS BIENESTAR ,7,CHIAPAS,PIJIJIAPAN,PIJIJIAPAN,8,TONALÁ,DE CONSULTA EXTERNA,5,CALLE,SEXTA PONIENTE NORTE,SIN NÚMERO,,3,BARRIO,LOS LAURELES,30453,,9621078820,PRIMER NIVEL,2,URBANO,6,SIN MODIFICACION,5,OTRO,"ESTABLECIMIENTO QUE PERTENECÍA A SECRETARIA DE SALUD DEL ESTADO, SE TTRANSFIERE A SERVICIOS DE SALUD IMSS BIENESTAR.",16.2335418,-93.9027054
CSIMB001942,LAS BRISAS,LAS BRISAS,TONALA,SERVICIOS DE SALUD IMSS BIENESTAR ,7,CHIAPAS,PIJIJIAPAN,LAS BRISAS,8,TONALÁ,DE CONSULTA EXTERNA,23,CAMINO,SIN NOMBRE,SIN NÚMERO,,27,RANCHERÍA,LAS BRISAS,30554,A LA VUELTA DE LA IGLESIA CATÓLICA,9617016648,PRIMER NIVEL,1,RURAL,6,SIN MODIFICACION,5,OTRO,"ESTABLECIMIENTO QUE PERTENECÍA A SECRETARIA DE SALUD DEL ESTADO, SE TTRANSFIERE A SERVICIOS DE SALUD IMSS BIENESTAR.",15.5170831,-93.1152425
CSIMB001954,EL CARMEN,EL CARMEN,TONALA,SERVICIOS DE SALUD IMSS BIENESTAR ,7,CHIAPAS,PIJIJIAPAN,EL CARMEN,8,TONALÁ,DE CONSULTA EXTERNA,3,AVENIDA,JARDÍN DE NIÑOS,SIN NÚMERO,,27,RANCHERÍA,EL CARMEN,30545,AV. JARDÍN DE NIÑOS Y CALLE BELISARIO DOMÍNGUEZ,9181158188,PRIMER NIVEL,1,RURAL,6,SIN MODIFICACION,5,OTRO,"ESTABLECIMIENTO QUE PERTENECÍA A SECRETARIA DE SALUD DEL ESTADO, SE TTRANSFIERE A SERVICIOS DE SALUD IMSS BIENESTAR.",15.5769345,-93.1283706
CSIMB001966,NUEVA COAPA ECHEGARAY,NUEVA COAPA ECHEGARAY,TONALA,SERVICIOS DE SALUD IMSS BIENESTAR ,7,CHIAPAS,PIJIJIAPAN,ESTACION ECHEGARAY,8,TONALÁ,DE CONSULTA EXTERNA,5,CALLE,SIN NOMBRE,SIN NÚMERO,,13,EJIDO,NUEVA COAPA ECHEGARAY,30543,CONTRA ESQ. ESC. PRIMARIA,9371266500,PRIMER NIVEL,1,RURAL,6,SIN MODIFICACION,5,OTRO,"ESTABLECIMIENTO QUE PERTENECÍA A SECRETARIA DE SALUD DEL ESTADO, SE TTRANSFIERE A SERVICIOS DE SALUD IMSS BIENESTAR.",15.6248297,-93.1663117
CSIMB001971,HERMENEGILDO GALEANA,HERMENEGILDO GALEANA,TONALA,SERVICIOS DE SALUD IMSS BIENESTAR ,7,CHIAPAS,PIJIJIAPAN,HERMENEGILDO GALEANA,8,TONALÁ,DE CONSULTA EXTERNA,23,CAMINO,CENTRAL ORIENTE,SIN NÚMERO,,25,PUEBLO,HERMENEGILDO GALEANA,30550,A LA VUELTA DE LA CASA DEL AGENTE MUNICIPAL,9673471292,PRIMER NIVEL,1,RURAL,6,SIN MODIFICACION,5,OTRO,"ESTABLECIMIENTO QUE PERTENECÍA A SECRETARIA DE SALUD DEL ESTADO, SE TTRANSFIERE A SERVICIOS DE SALUD IMSS BIENESTAR.",15.5530456,-93.0073474
CSIMB001983,JOAQUÍN AMARO (EJIDO TAMAULIPAS),JOAQUÍN AMARO (EJIDO TAMAULIPAS),TONALA,SERVICIOS DE SALUD IMSS BIENESTAR ,7,CHIAPAS,PIJIJIAPAN,TAMAULIPAS (JOAQUIN AMARO),8,TONALÁ,DE CONSULTA EXTERNA,23,CAMINO,16 DE SEPTIEMRE,SIN NÚMERO,,13,EJIDO,JOAQUÍN AMARO (EJIDO TAMAULIPAS),30548,FRENTE A LA COOPERATIVA PESQUERA,9932780746,PRIMER NIVEL,1,RURAL,6,SIN MODIFICACION,5,OTRO,"ESTABLECIMIENTO QUE PERTENECÍA A SECRETARIA DE SALUD DEL ESTADO, SE TTRANSFIERE A SERVICIOS DE SALUD IMSS BIENESTAR.",15.7719736,-93.4075296
CSIMB001995,SAN ISIDRO,SAN ISIDRO,TONALA,SERVICIOS DE SALUD IMSS BIENESTAR ,7,CHIAPAS,PIJIJIAPAN,SAN ISIDRO,8,TONALÁ,DE CONSULTA EXTERNA,23,CAMINO,GUSTAVO THOMAS,SIN NÚMERO,,27,RANCHERÍA,SAN ISIDRO,30548,GUSTAVO THOMAS S/N,9671644720,PRIMER NIVEL,1,RURAL,6,SIN MODIFICACION,5,OTRO,"ESTABLECIMIENTO QUE PERTENECÍA A SECRETARIA DE SALUD DEL ESTADO, SE TTRANSFIERE A SERVICIOS DE SALUD IMSS BIENESTAR.",15.7410581,-93.3544691
CSIMB002000,EJIDO LA ESPERANZA (ZAPOTAL),EJIDO LA ESPERANZA (ZAPOTAL),TONALA,SERVICIOS DE SALUD IMSS BIENESTAR ,7,CHIAPAS,PIJIJIAPAN,LA ESPERANZA (EL ZAPOTAL),8,TONALÁ,DE CONSULTA EXTERNA,23,CAMINO,SECTOR 1,28,,25,PUEBLO,EL ZAPOTAL,30559,SECTOR 1 MZA. 28 CASA 4,9931357307,PRIMER NIVEL,1,RURAL,6,SIN MODIFICACION,5,OTRO,"ESTABLECIMIENTO QUE PERTENECÍA A SECRETARIA DE SALUD DEL ESTADO, SE TTRANSFIERE A SERVICIOS DE SALUD IMSS BIENESTAR.",15.4491752,-93.1647306
CSIMB002012,NUEVO MILENIO SANTA CRUZ,NUEVO MILENIO SANTA CRUZ,TONALA,SERVICIOS DE SALUD IMSS BIENESTAR ,7,CHIAPAS,PIJIJIAPAN,NUEVO MILENIO SANTA CRUZ LA CENTRAL,8,TONALÁ,DE CONSULTA EXTERNA,23,CAMINO,LOS GIRASOLES,899,,13,EJIDO,NUEVO MILENIO SANTA CRUZ,30558,FRENTE A LA ESCUELA PRIMARIA,9611154217,PRIMER NIVEL,1,RURAL,6,SIN MODIFICACION,5,OTRO,"ESTABLECIMIENTO QUE PERTENECÍA A SECRETARIA DE SALUD DEL ESTADO, SE TTRANSFIERE A SERVICIOS DE SALUD IMSS BIENESTAR.",15.742609,-93.2850961
CSIMB002024,ZAPOTILLO,ZAPOTILLO,EL PORVENIR,SERVICIOS DE SALUD IMSS BIENESTAR ,7,CHIAPAS,EL PORVENIR,ZAPOTILLO,10,MOTOZINTLA,DE CONSULTA EXTERNA,24,CARRETERA,A CHIMALAPA,SIN NÚMERO,,3,BARRIO,ZAPOTILLO,30975,"CONOCIDO, ZAPOTILLO.",9921061936,PRIMER NIVEL,1,RURAL,6,SIN MODIFICACION,5,OTRO,"ESTABLECIMIENTO QUE PERTENECÍA A SECRETARIA DE SALUD DEL ESTADO, SE TTRANSFIERE A SERVICIOS DE SALUD IMSS BIENESTAR.",15.4269,-92.2853
CSIMB002036,VILLA COLMALTITLÁN,VILLA COLMALTITLÁN,TAPACHULA,SERVICIOS DE SALUD IMSS BIENESTAR ,7,CHIAPAS,VILLA COMALTITLAN,VILLA COMALTITLAN,7,TAPACHULA,DE CONSULTA EXTERNA,3,AVENIDA,4A. SUR,SIN NÚMERO,,7,COLONIA,VILLA COMALTITLAN CENTRO,30620,A UNA CUADRA DEL MERCADO,9161166171,PRIMER NIVEL,2,URBANO,6,SIN MODIFICACION,5,OTRO,"ESTABLECIMIENTO QUE PERTENECÍA A SECRETARIA DE SALUD DEL ESTADO, SE TTRANSFIERE A SERVICIOS DE SALUD IMSS BIENESTAR.",15.212063,-92.575288
CSIMB002041,CENTRO DE SALUD CON HOSPITALIZACION PUEBLO NUEVO SOLISTAHUACÁN,CENTRO DE SALUD CON HOSPITALIZACION PUEBLO NUEVO SOLISTAHUACÁN,SIMOJOVEL,SERVICIOS DE SALUD IMSS BIENESTAR ,7,CHIAPAS,PUEBLO NUEVO SOLISTAHUACAN,PUEBLO NUEVO SOLISTAHUACAN,5,PICHUCALCO,DE CONSULTA EXTERNA,3,AVENIDA,PRIMERA NORTE,SIN NÚMERO,,3,BARRIO,GUADALUPE,29750,1A. NORTE Y 2A PONIENTE BARRIO GUADALUPE,9191713353,PRIMER NIVEL,2,URBANO,6,SIN MODIFICACION,5,OTRO,"ESTABLECIMIENTO QUE PERTENECÍA A SECRETARIA DE SALUD DEL ESTADO, SE TTRANSFIERE A SERVICIOS DE SALUD IMSS BIENESTAR.",17.1598,-92.8988
CSIMB002053,CENTRO DE SALUD ARROYO GRANDE,CENTRO DE SALUD ARROYO GRANDE,SIMOJOVEL,SERVICIOS DE SALUD IMSS BIENESTAR ,7,CHIAPAS,PUEBLO NUEVO SOLISTAHUACAN,ARROYO GRANDE,5,PICHUCALCO,DE CONSULTA EXTERNA,23,CAMINO,A ARROYO GRANDE,SIN NÚMERO,,13,EJIDO,ARROYO GRANDE,29755,PASANDO EL PUENTE,9612805705,PRIMER NIVEL,1,RURAL,6,SIN MODIFICACION,5,OTRO,"ESTABLECIMIENTO QUE PERTENECÍA A SECRETARIA DE SALUD DEL ESTADO, SE TTRANSFIERE A SERVICIOS DE SALUD IMSS BIENESTAR.",17.189571,-92.871343
CSIMB002065,CENTRO DE SALUD RAYÓN,CENTRO DE SALUD RAYÓN,PICHUCALCO,SERVICIOS DE SALUD IMSS BIENESTAR ,7,CHIAPAS,RAYON,RAYON,5,PICHUCALCO,DE CONSULTA EXTERNA,5,CALLE,1RA. ORIENTE NORTE,SIN NÚMERO,,25,PUEBLO,SANTO DOMINGO,29740,SEGUNDA ORIENTE NORTE SIN NUMERO,5525068072,PRIMER NIVEL,2,URBANO,6,SIN MODIFICACION,5,OTRO,"ESTABLECIMIENTO QUE PERTENECÍA A SECRETARIA DE SALUD DEL ESTADO, SE TTRANSFIERE A SERVICIOS DE SALUD IMSS BIENESTAR.",17.203139,-93.010594
CSIMB002070,"CENTRO DE SALUD URBANO REFORMA, CHIAPAS","CENTRO DE SALUD URBANO REFORMA, CHIAPAS",PICHUCALCO,SERVICIOS DE SALUD IMSS BIENESTAR ,7,CHIAPAS,REFORMA,REFORMA,5,PICHUCALCO,DE CONSULTA EXTERNA,3,AVENIDA,VENEZUELA,SIN NÚMERO,,7,COLONIA,REFORMA CENTRO,29500,AUN COSTADO DEL MERCADO PUBLICO,9934450970,PRIMER NIVEL,2,URBANO,6,SIN MODIFICACION,5,OTRO,"ESTABLECIMIENTO QUE PERTENECÍA A SECRETARIA DE SALUD DEL ESTADO, SE TTRANSFIERE A SERVICIOS DE SALUD IMSS BIENESTAR.",17.862628,-93.150907
CSIMB002082,CENTRO DE SALUD MACAYO 2A. SECCIÓN,CENTRO DE SALUD MACAYO 2A. SECCIÓN,PICHUCALCO,SERVICIOS DE SALUD IMSS BIENESTAR ,7,CHIAPAS,REFORMA,MACAYO 2DA. SECCION,5,PICHUCALCO,DE CONSULTA EXTERNA,5,CALLE,SIN NOMBRE,SIN NÚMERO,,27,RANCHERÍA,MACAYO 2DA,29509,CALLE PRINCIPAL A LADO DE LA IGLESIA BAUTISTA,9611449644,PRIMER NIVEL,1,RURAL,6,SIN MODIFICACION,5,OTRO,"ESTABLECIMIENTO QUE PERTENECÍA A SECRETARIA DE SALUD DEL ESTADO, SE TTRANSFIERE A SERVICIOS DE SALUD IMSS BIENESTAR.",17.978098,-93.274393
CSIMB002094,UNIDAD MEDICA MOVIL SANTA CRUZ,UNIDAD MEDICA MOVIL SANTA CRUZ,PICHUCALCO,SERVICIOS DE SALUD IMSS BIENESTAR ,7,CHIAPAS,REFORMA,SANTA CRUZ (SITIO GRANDE),5,PICHUCALCO,DE CONSULTA EXTERNA,24,CARRETERA,JUAREZ - REFORMA,SIN NÚMERO,,13,EJIDO,SANTA CRUZ,29504,"CARRETERA JUARE, REFORMA ENTRADA A SITIO GRANDE FRENTE A LA UNIVERSIDAD",9161016133,PRIMER NIVEL,1,RURAL,6,SIN MODIFICACION,1,PROPIO,"ESTABLECIMIENTO QUE PERTENECÍA A SECRETARIA DE SALUD DEL ESTADO, SE TTRANSFIERE A SERVICIOS DE SALUD IMSS BIENESTAR.",17.80557,-93.164787
CSIMB002106,LAS ROSAS,LAS ROSAS,COMITAN,SERVICIOS DE SALUD IMSS BIENESTAR ,7,CHIAPAS,LAS ROSAS,LAS ROSAS,2,SAN CRISTÓBAL DE LAS CASAS,DE CONSULTA EXTERNA,3,AVENIDA,1A. CENTRAL,SIN NÚMERO,,7,COLONIA,LAS ROSAS,30350,1A.AV. CENTRAL S/N,9934015204,PRIMER NIVEL,2,URBANO,6,SIN MODIFICACION,5,OTRO,"ESTABLECIMIENTO QUE PERTENECÍA A SECRETARIA DE SALUD DEL ESTADO, SE TTRANSFIERE A SERVICIOS DE SALUD IMSS BIENESTAR.",16.36144,-92.369842
CSIMB002111,CHIPILINAR,CHIPILINAR,COMITAN,SERVICIOS DE SALUD IMSS BIENESTAR ,7,CHIAPAS,LAS ROSAS,EL CHIPILINAR,2,SAN CRISTÓBAL DE LAS CASAS,DE CONSULTA EXTERNA,24,CARRETERA,A SANTA ELOISA CRUZ MORALES,SIN NÚMERO,,7,COLONIA,EL CHIPILINAR,30350,LIMITE DE LA COMUNIDAD,9161579065,PRIMER NIVEL,1,RURAL,6,SIN MODIFICACION,5,OTRO,"ESTABLECIMIENTO QUE PERTENECÍA A SECRETARIA DE SALUD DEL ESTADO, SE TTRANSFIERE A SERVICIOS DE SALUD IMSS BIENESTAR.",16.327189,-92.423058
CSIMB002123,LOS NARANJOS,LOS NARANJOS,YAJALON,SERVICIOS DE SALUD IMSS BIENESTAR ,7,CHIAPAS,SABANILLA,LOS NARANJOS,6,PALENQUE,DE CONSULTA EXTERNA,5,CALLE,LOS NARANJOS,SIN NÚMERO,,13,EJIDO,LOS NARANJOS,29810,COLONIA LOS NARANJOS,9622121033,PRIMER NIVEL,1,RURAL,6,SIN MODIFICACION,5,OTRO,"ESTABLECIMIENTO QUE PERTENECÍA A SECRETARIA DE SALUD DEL ESTADO, SE TTRANSFIERE A SERVICIOS DE SALUD IMSS BIENESTAR.",17.263333,-92.619444
CSIMB002135,EL PARAÍSO,EL PARAÍSO,YAJALON,SERVICIOS DE SALUD IMSS BIENESTAR ,7,CHIAPAS,SABANILLA,EL PARAISO,6,PALENQUE,DE CONSULTA EXTERNA,5,CALLE,SIN NOMBRE,SIN NÚMERO,,13,EJIDO,EL PARAÍSO,29802,CENTRO DE SALUD PARAISO,9161080517,PRIMER NIVEL,1,RURAL,6,SIN MODIFICACION,5,OTRO,"ESTABLECIMIENTO QUE PERTENECÍA A SECRETARIA DE SALUD DEL ESTADO, SE TTRANSFIERE A SERVICIOS DE SALUD IMSS BIENESTAR.",17.24698,-92.556953
CSIMB002140,ATOYAC NAYLUM,ATOYAC NAYLUM,YAJALON,SERVICIOS DE SALUD IMSS BIENESTAR ,7,CHIAPAS,SABANILLA,ATOYAC NAYLUM,6,PALENQUE,DE CONSULTA EXTERNA,5,CALLE,SIN NOMBRE,SIN NÚMERO,,13,EJIDO,ATOYAC NAYLUM,29815,CERCA DEL JARDÍN DE NIÑOS,9141400175,PRIMER NIVEL,1,RURAL,6,SIN MODIFICACION,5,OTRO,"ESTABLECIMIENTO QUE PERTENECÍA A SECRETARIA DE SALUD DEL ESTADO, SE TTRANSFIERE A SERVICIOS DE SALUD IMSS BIENESTAR.",17.350629,-92.674466
CSIMB002152,HOSPITAL BÁSICO COMUNITARIO SALTO DE AGUA,HOSPITAL BÁSICO COMUNITARIO SALTO DE AGUA,PALENQUE,SERVICIOS DE SALUD IMSS BIENESTAR ,7,CHIAPAS,SALTO DE AGUA,SALTO DE AGUA,6,PALENQUE,DE HOSPITALIZACIÓN,5,CALLE,CAFETAL,SIN NÚMERO,,25,PUEBLO,SALTO DE AGUA,29900,CALLE CAFETAL S/N,9612676867,SEGUNDO NIVEL,2,URBANO,6,SIN MODIFICACION,1,PROPIO,"ESTABLECIMIENTO QUE PERTENECÍA A SECRETARIA DE SALUD DEL ESTADO, SE TTRANSFIERE A SERVICIOS DE SALUD IMSS BIENESTAR.",17.552807,-92.338727
CSIMB002164,ARROYO PALENQUE,ARROYO PALENQUE,PALENQUE,SERVICIOS DE SALUD IMSS BIENESTAR ,7,CHIAPAS,SALTO DE AGUA,ARROYO PALENQUE,6,PALENQUE,DE CONSULTA EXTERNA,5,CALLE,NIÑOS HÉROES,SIN NÚMERO,,13,EJIDO,ARROYO PALENQUE,29903,CALLE NIÑOS HÉROES S/N,9611975379,PRIMER NIVEL,1,RURAL,6,SIN MODIFICACION,5,OTRO,"ESTABLECIMIENTO QUE PERTENECÍA A SECRETARIA DE SALUD DEL ESTADO, SE TTRANSFIERE A SERVICIOS DE SALUD IMSS BIENESTAR.",17.3918,-92.105
CSIMB002176,IGNACIO ZARAGOZA,IGNACIO ZARAGOZA,PALENQUE,SERVICIOS DE SALUD IMSS BIENESTAR ,7,CHIAPAS,SALTO DE AGUA,IGNACIO ZARAGOZA,6,PALENQUE,DE CONSULTA EXTERNA,5,CALLE,SIN NOMBRE,SIN NÚMERO,,13,EJIDO,IGNACIO ZARAGOZA,29905,A LADO DE LA CASA EJIDAL,9671030237,PRIMER NIVEL,1,RURAL,6,SIN MODIFICACION,5,OTRO,"ESTABLECIMIENTO QUE PERTENECÍA A SECRETARIA DE SALUD DEL ESTADO, SE TTRANSFIERE A SERVICIOS DE SALUD IMSS BIENESTAR.",17.4097,-92.0307
CSIMB002181,NUEVO MUNDO *,NUEVO MUNDO *,PALENQUE,SERVICIOS DE SALUD IMSS BIENESTAR ,7,CHIAPAS,SALTO DE AGUA,NUEVO MUNDO,6,PALENQUE,DE CONSULTA EXTERNA,6,CALLEJÓN,SIN NOMBRE,SIN NÚMERO,,13,EJIDO,NUEVO MUNDO *,29900,AL LADO DE LA TIENDA,9676780609,PRIMER NIVEL,1,RURAL,6,SIN MODIFICACION,5,OTRO,"ESTABLECIMIENTO QUE PERTENECÍA A SECRETARIA DE SALUD DEL ESTADO, SE TTRANSFIERE A SERVICIOS DE SALUD IMSS BIENESTAR.",17.3133,-91.9644
CSIMB002193,POTLOJA,POTLOJA,PALENQUE,SERVICIOS DE SALUD IMSS BIENESTAR ,7,CHIAPAS,SALTO DE AGUA,POTIOJA 1RA. SECCION,6,PALENQUE,DE CONSULTA EXTERNA,24,CARRETERA,SALTO DE AGUA LIMAR,SIN NÚMERO,,25,PUEBLO,POTIOJA 1A. SECCION,29908,A 500 MTS. ANTES DE LLEGAR A LA ESC. PRIMARIA,9676788597,PRIMER NIVEL,1,RURAL,6,SIN MODIFICACION,1,PROPIO,"ESTABLECIMIENTO QUE PERTENECÍA A SECRETARIA DE SALUD DEL ESTADO, SE TTRANSFIERE A SERVICIOS DE SALUD IMSS BIENESTAR.",17.514688,-92.348846
CSIMB002205,RÍO JORDÁN,RÍO JORDÁN,PALENQUE,SERVICIOS DE SALUD IMSS BIENESTAR ,7,CHIAPAS,SALTO DE AGUA,RIO JORDAN,6,PALENQUE,DE CONSULTA EXTERNA,19,PROLONGACIÓN,5 DE MAYO,SIN NÚMERO,,13,EJIDO,RÍO JORDÁN,29900,CALLE PROLONGACIÓN 5 DE MAYO S/N,9671120766,PRIMER NIVEL,1,RURAL,6,SIN MODIFICACION,5,OTRO,"ESTABLECIMIENTO QUE PERTENECÍA A SECRETARIA DE SALUD DEL ESTADO, SE TTRANSFIERE A SERVICIOS DE SALUD IMSS BIENESTAR.",17.245745,-91.933659
CSIMB002210,VICENTE GUERRERO,VICENTE GUERRERO,PALENQUE,SERVICIOS DE SALUD IMSS BIENESTAR ,7,CHIAPAS,SALTO DE AGUA,VICENTE GUERRERO,6,PALENQUE,DE CONSULTA EXTERNA,5,CALLE,SIN NOMBRE,SIN NÚMERO,,13,EJIDO,VICENTE GUERRERO,29900,ATRAS DE LA IGLESIA,9612522013,PRIMER NIVEL,1,RURAL,6,SIN MODIFICACION,5,OTRO,"ESTABLECIMIENTO QUE PERTENECÍA A SECRETARIA DE SALUD DEL ESTADO, SE TTRANSFIERE A SERVICIOS DE SALUD IMSS BIENESTAR.",17.3089,-92.0521
CSIMB002222,SAN PEDRO SABANA,SAN PEDRO SABANA,PALENQUE,SERVICIOS DE SALUD IMSS BIENESTAR ,7,CHIAPAS,SALTO DE AGUA,SAN PEDRO SABANA,6,PALENQUE,DE CONSULTA EXTERNA,5,CALLE,SIN NOMBRE,SIN NÚMERO,,13,EJIDO,SAN PEDRO SABANA,29900,A UN COSTADO DE LA CASA EJIDAL,9611773632,PRIMER NIVEL,1,RURAL,6,SIN MODIFICACION,5,OTRO,"ESTABLECIMIENTO QUE PERTENECÍA A SECRETARIA DE SALUD DEL ESTADO, SE TTRANSFIERE A SERVICIOS DE SALUD IMSS BIENESTAR.",17.39525,-92.21358
CSIMB002234,HOSPITAL DE LA MUJER SAN CRISTÓBAL DE LAS CASAS,HOSPITAL DE LA MUJER SAN CRISTÓBAL DE LAS CASAS,SAN CRISTOBAL DE LAS CASAS,SERVICIOS DE SALUD IMSS BIENESTAR ,7,CHIAPAS,SAN CRISTOBAL DE LAS CASAS,SAN CRISTOBAL DE LAS CASAS,2,SAN CRISTÓBAL DE LAS CASAS,DE HOSPITALIZACIÓN,3,AVENIDA,INSURGENTES ,24,,3,BARRIO,SANTA LUCIA,29250,,9624826245,SEGUNDO NIVEL,2,URBANO,6,SIN MODIFICACION,1,PROPIO,"ESTABLECIMIENTO QUE PERTENECÍA A SECRETARIA DE SALUD DEL ESTADO, SE TTRANSFIERE A SERVICIOS DE SALUD IMSS BIENESTAR.",16.733136,-92.636849
CSIMB002246,"SAN CRISTÓBAL DE LAS CASAS, CHIAPAS","SAN CRISTÓBAL DE LAS CASAS, CHIAPAS",SAN CRISTOBAL DE LAS CASAS,SERVICIOS DE SALUD IMSS BIENESTAR ,7,CHIAPAS,SAN CRISTOBAL DE LAS CASAS,SAN CRISTOBAL DE LAS CASAS,2,SAN CRISTÓBAL DE LAS CASAS,DE CONSULTA EXTERNA,5,CALLE,DE LOS PINOS,SIN NÚMERO,,7,COLONIA,LOS PINOS,29280,1A. CALLE DE LOS PINOS S/N,9621727906,PRIMER NIVEL,2,URBANO,6,SIN MODIFICACION,5,OTRO,"ESTABLECIMIENTO QUE PERTENECÍA A SECRETARIA DE SALUD DEL ESTADO, SE TTRANSFIERE A SERVICIOS DE SALUD IMSS BIENESTAR.",16.723458,-92.638128
CSIMB002251,MITZITÓN,MITZITÓN,SAN CRISTOBAL DE LAS CASAS,SERVICIOS DE SALUD IMSS BIENESTAR ,7,CHIAPAS,SAN CRISTOBAL DE LAS CASAS,MITZITON,2,SAN CRISTÓBAL DE LAS CASAS,DE CONSULTA EXTERNA,5,CALLE,CENTRO DE LA COMUNIDAD,SIN NÚMERO,,25,PUEBLO,MITZINTON,29316,CENTRO DE LA COMUNIDAD,9611007774,PRIMER NIVEL,1,RURAL,6,SIN MODIFICACION,5,OTRO,"ESTABLECIMIENTO QUE PERTENECÍA A SECRETARIA DE SALUD DEL ESTADO, SE TTRANSFIERE A SERVICIOS DE SALUD IMSS BIENESTAR.",16.644202,-92.545245
CSIMB002263,CENTRO DE SALUD CON SERVICIOS AMPLIADOS SAN FERNANDO,CENTRO DE SALUD CON SERVICIOS AMPLIADOS SAN FERNANDO,TUXTLA,SERVICIOS DE SALUD IMSS BIENESTAR ,7,CHIAPAS,SAN FERNANDO,SAN FERNANDO,1,TUXTLA GUTIERREZ,DE CONSULTA EXTERNA,5,CALLE,CUARTA PONIENTE NORTE,SIN NÚMERO,,3,BARRIO,SAGUALOMA,29120,CERCA DE LA PASTELERIA D’ LILIS,9191192747,PRIMER NIVEL,2,URBANO,6,SIN MODIFICACION,1,PROPIO,"ESTABLECIMIENTO QUE PERTENECÍA A SECRETARIA DE SALUD DEL ESTADO, SE TTRANSFIERE A SERVICIOS DE SALUD IMSS BIENESTAR.",16.874503,-93.208301
CSIMB002275,MIGUEL HIDALGO,MIGUEL HIDALGO,TUXTLA,SERVICIOS DE SALUD IMSS BIENESTAR ,7,CHIAPAS,SAN FERNANDO,MIGUEL HIDALGO (LENIN),1,TUXTLA GUTIERREZ,DE CONSULTA EXTERNA,5,CALLE,MIGUEL HIDALGO,25,,7,COLONIA,MIGUEL HIDALGO,29120,CONOCIDO SAN FERNANDO,9191313713,PRIMER NIVEL,1,RURAL,6,SIN MODIFICACION,1,PROPIO,"ESTABLECIMIENTO QUE PERTENECÍA A SECRETARIA DE SALUD DEL ESTADO, SE TTRANSFIERE A SERVICIOS DE SALUD IMSS BIENESTAR.",16.86426,-93.23541
CSIMB002280,SILTEPEC,SILTEPEC,EL PORVENIR,SERVICIOS DE SALUD IMSS BIENESTAR ,7,CHIAPAS,SILTEPEC,SILTEPEC,10,MOTOZINTLA,DE CONSULTA EXTERNA,3,AVENIDA,ÁLVARO OBREGÓN,SIN NÚMERO,,3,BARRIO,SILTEPEC,30980,AV.ÁLVARO OBREGON S/N,9671543579,PRIMER NIVEL,2,URBANO,6,SIN MODIFICACION,5,OTRO,"ESTABLECIMIENTO QUE PERTENECÍA A SECRETARIA DE SALUD DEL ESTADO, SE TTRANSFIERE A SERVICIOS DE SALUD IMSS BIENESTAR.",15.552071,-92.322287
CSIMB002292,SANTO DOMINGO LA CASCADA,SANTO DOMINGO LA CASCADA,EL PORVENIR,SERVICIOS DE SALUD IMSS BIENESTAR ,7,CHIAPAS,SILTEPEC,SANTO DOMINGO (LA CASCADA),10,MOTOZINTLA,DE CONSULTA EXTERNA,5,CALLE,SIN NOMBRE,SIN NÚMERO,,13,EJIDO,LA CASCADA,30985,"CONOCIDO, SANTO DOMINGO LA CASCADA.",9671620337,PRIMER NIVEL,1,RURAL,6,SIN MODIFICACION,5,OTRO,"ESTABLECIMIENTO QUE PERTENECÍA A SECRETARIA DE SALUD DEL ESTADO, SE TTRANSFIERE A SERVICIOS DE SALUD IMSS BIENESTAR.",15.486111,-92.404722
CSIMB002304,EL LETRERO,EL LETRERO,EL PORVENIR,SERVICIOS DE SALUD IMSS BIENESTAR ,7,CHIAPAS,HONDURAS DE LA SIERRA,EL LETRERO,10,MOTOZINTLA,DE CONSULTA EXTERNA,5,CALLE,SIN NOMBRE,SIN NÚMERO,,27,RANCHERÍA,EL LETRERO,30993,CALLE CENTRAL NO. 1,9621026738,PRIMER NIVEL,1,RURAL,6,SIN MODIFICACION,5,OTRO,"ESTABLECIMIENTO QUE PERTENECÍA A SECRETARIA DE SALUD DEL ESTADO, SE TTRANSFIERE A SERVICIOS DE SALUD IMSS BIENESTAR.",15.517194,-92.46905
CSIMB002316,SAN ANTONIO LA PINADA,SAN ANTONIO LA PINADA,EL PORVENIR,SERVICIOS DE SALUD IMSS BIENESTAR ,7,CHIAPAS,SILTEPEC,SAN ANTONIO LA PINADA,10,MOTOZINTLA,DE CONSULTA EXTERNA,23,CAMINO,SIN NOMBRE,SIN NÚMERO,,13,EJIDO,SAN ANTONIO LA PINADA,30982,"CONOCIDO, SAN ANTONIO LA PINADA.",8135118896,PRIMER NIVEL,1,RURAL,6,SIN MODIFICACION,5,OTRO,"ESTABLECIMIENTO QUE PERTENECÍA A SECRETARIA DE SALUD DEL ESTADO, SE TTRANSFIERE A SERVICIOS DE SALUD IMSS BIENESTAR.",15.6151,-92.3212
CSIMB002321,SANTA MARÍA,SANTA MARÍA,EL PORVENIR,SERVICIOS DE SALUD IMSS BIENESTAR ,7,CHIAPAS,CAPITAN LUIS ANGEL VIDAL,SANTA MARIA,10,MOTOZINTLA,DE CONSULTA EXTERNA,23,CAMINO,SIN NOMBRE,SIN NÚMERO,,27,RANCHERÍA,SANTA MARIA,30996,AL FINAL DE LA CALLE PRINCIPAL,9671120836,PRIMER NIVEL,1,RURAL,6,SIN MODIFICACION,5,OTRO,"ESTABLECIMIENTO QUE PERTENECÍA A SECRETARIA DE SALUD DEL ESTADO, SE TTRANSFIERE A SERVICIOS DE SALUD IMSS BIENESTAR.",15.555011,-92.63749
CSIMB002333,"CENTRO DE SALUD SIMOJOVEL, CHIAPAS","CENTRO DE SALUD SIMOJOVEL, CHIAPAS",SIMOJOVEL,SERVICIOS DE SALUD IMSS BIENESTAR ,7,CHIAPAS,SIMOJOVEL,SIMOJOVEL DE ALLENDE,5,PICHUCALCO,DE CONSULTA EXTERNA,3,AVENIDA,CONSTITUCION ORIENTE,22,,3,BARRIO,SAN JOSE,29820,,9613702837,PRIMER NIVEL,2,URBANO,6,SIN MODIFICACION,5,OTRO,"ESTABLECIMIENTO QUE PERTENECÍA A SECRETARIA DE SALUD DEL ESTADO, SE TTRANSFIERE A SERVICIOS DE SALUD IMSS BIENESTAR.",17.138758,-92.708693
CSIMB002345,UNIDAD MEDICA MOVIL CARMITO BUENA VISTA,UNIDAD MEDICA MOVIL CARMITO BUENA VISTA,SIMOJOVEL,SERVICIOS DE SALUD IMSS BIENESTAR ,7,CHIAPAS,SIMOJOVEL,EL CARMITO BUENAVISTA,5,PICHUCALCO,DE CONSULTA EXTERNA,24,CARRETERA,SIN NOMBRE,SIN NÚMERO,,27,RANCHERÍA,CARMITO BUENA VISTA,29826,COL CARMITO BUENA VISTA SIMOJOVEL,9191060634,PRIMER NIVEL,1,RURAL,6,SIN MODIFICACION,1,PROPIO,"ESTABLECIMIENTO QUE PERTENECÍA A SECRETARIA DE SALUD DEL ESTADO, SE TTRANSFIERE A SERVICIOS DE SALUD IMSS BIENESTAR.",17.135417,-92.677456
CSIMB002350,CENTRO DE SALUD EJIDO CONSTITUCIÓN,CENTRO DE SALUD EJIDO CONSTITUCIÓN,SIMOJOVEL,SERVICIOS DE SALUD IMSS BIENESTAR ,7,CHIAPAS,SIMOJOVEL,CONSTITUCION,5,PICHUCALCO,DE CONSULTA EXTERNA,5,CALLE,DE LA CASA DE MAESTROS,SIN NÚMERO,,13,EJIDO,CONSTITUCION,29834,CERCA DE LA AGENCIA MUNICIPAL,9321290995,PRIMER NIVEL,1,RURAL,6,SIN MODIFICACION,5,OTRO,"ESTABLECIMIENTO QUE PERTENECÍA A SECRETARIA DE SALUD DEL ESTADO, SE TTRANSFIERE A SERVICIOS DE SALUD IMSS BIENESTAR.",17.076268,-92.525356
CSIMB002362,GOLONCHÁN VIEJO,GOLONCHÁN VIEJO,YAJALON,SERVICIOS DE SALUD IMSS BIENESTAR ,7,CHIAPAS,SITALA,GOLONCHAN VIEJO,9,OCOSINGO,DE CONSULTA EXTERNA,23,CAMINO,SIN NOMBRE,288,,7,COLONIA,SIN NOMBRE,29890,GOLONCHAN VIEJO,9611558830,PRIMER NIVEL,1,RURAL,6,SIN MODIFICACION,1,PROPIO,"ESTABLECIMIENTO QUE PERTENECÍA A SECRETARIA DE SALUD DEL ESTADO, SE TTRANSFIERE A SERVICIOS DE SALUD IMSS BIENESTAR.",17.032417,-92.384692
CSIMB002374,SANTA BÁRBARA,SANTA BÁRBARA,YAJALON,SERVICIOS DE SALUD IMSS BIENESTAR ,7,CHIAPAS,SITALA,SANTA BARBARA PRIMERA FRACCION,9,OCOSINGO,DE CONSULTA EXTERNA,22,NINGUNO,SIN NOMBRE,SIN NÚMERO,,7,COLONIA,SIN NOMBRE,29890,JUNTO A LA ESCUELA PRIMARIA,9626980021,PRIMER NIVEL,1,RURAL,6,SIN MODIFICACION,4,IRREGULAR,"ESTABLECIMIENTO QUE PERTENECÍA A SECRETARIA DE SALUD DEL ESTADO, SE TTRANSFIERE A SERVICIOS DE SALUD IMSS BIENESTAR.",17.02917,-92.350897
CSIMB002386,PAMALÁ PICOTÉ,PAMALÁ PICOTÉ,YAJALON,SERVICIOS DE SALUD IMSS BIENESTAR ,7,CHIAPAS,SITALA,PICOTE PAMALA,9,OCOSINGO,DE CONSULTA EXTERNA,22,NINGUNO,SIN NOMBRE,SIN NÚMERO,,27,RANCHERÍA,SIN NOMBRE,29890,PAMALA PICOTE,9621435372,PRIMER NIVEL,1,RURAL,6,SIN MODIFICACION,1,PROPIO,"ESTABLECIMIENTO QUE PERTENECÍA A SECRETARIA DE SALUD DEL ESTADO, SE TTRANSFIERE A SERVICIOS DE SALUD IMSS BIENESTAR.",17.063416,-92.39696
CSIMB002391,SOCOLTENANGO,SOCOLTENANGO,ACALA,SERVICIOS DE SALUD IMSS BIENESTAR ,7,CHIAPAS,SOCOLTENANGO,SOCOLTENANGO,3,COMITÁN,DE CONSULTA EXTERNA,4,BOULEVARD,BENITO JUÁREZ,SIN NÚMERO,,3,BARRIO,EL CAMPO,30390,"BLVD. BENITO JUÁREZ S/N, COL. BARRIO EL CAMPO",9626987400,PRIMER NIVEL,2,URBANO,6,SIN MODIFICACION,1,PROPIO,"ESTABLECIMIENTO QUE PERTENECÍA A SECRETARIA DE SALUD DEL ESTADO, SE TTRANSFIERE A SERVICIOS DE SALUD IMSS BIENESTAR.",16.236485,-92.34989
CSIMB002403,CENTRO DE SALUD CERRO DE LAS CAMPANAS,CENTRO DE SALUD CERRO DE LAS CAMPANAS,PICHUCALCO,SERVICIOS DE SALUD IMSS BIENESTAR ,7,CHIAPAS,SOLOSUCHIAPA,CERRO LAS CAMPANAS,5,PICHUCALCO,DE CONSULTA EXTERNA,5,CALLE,SIN NOMBRE,SIN NÚMERO,,3,BARRIO,CENTRO,29580,A LADO DE LA ESCUELA PRIMARIA NIÑOS HEROES,9626284024,PRIMER NIVEL,1,RURAL,6,SIN MODIFICACION,5,OTRO,"ESTABLECIMIENTO QUE PERTENECÍA A SECRETARIA DE SALUD DEL ESTADO, SE TTRANSFIERE A SERVICIOS DE SALUD IMSS BIENESTAR.",17.334187,-92.97275
CSIMB002415,SUCHIAPA,SUCHIAPA,TUXTLA,SERVICIOS DE SALUD IMSS BIENESTAR ,7,CHIAPAS,SUCHIAPA,SUCHIAPA,1,TUXTLA GUTIERREZ,DE CONSULTA EXTERNA,5,CALLE,2A. PONIENTE SUR,349,,3,BARRIO,SAN ESTEBAN,29150,2A. PONIENTE. SUR NO.349 SAN ESTEBAN,9631596336,PRIMER NIVEL,2,URBANO,6,SIN MODIFICACION,5,OTRO,"ESTABLECIMIENTO QUE PERTENECÍA A SECRETARIA DE SALUD DEL ESTADO, SE TTRANSFIERE A SERVICIOS DE SALUD IMSS BIENESTAR.",16.621473,-93.1046665
CSIMB002420,PACÚ,PACÚ,TUXTLA,SERVICIOS DE SALUD IMSS BIENESTAR ,7,CHIAPAS,SUCHIAPA,PACU,1,TUXTLA GUTIERREZ,DE CONSULTA EXTERNA,3,AVENIDA,1A. SUR,SIN NÚMERO,,7,COLONIA,PACU,29150,1A. AV. SUR S/N,9611873733,PRIMER NIVEL,2,URBANO,6,SIN MODIFICACION,5,OTRO,"ESTABLECIMIENTO QUE PERTENECÍA A SECRETARIA DE SALUD DEL ESTADO, SE TTRANSFIERE A SERVICIOS DE SALUD IMSS BIENESTAR.",16.63509,-93.132415
CSIMB002432,CIUDAD HIDALGO,CIUDAD HIDALGO,TAPACHULA,SERVICIOS DE SALUD IMSS BIENESTAR ,7,CHIAPAS,SUCHIATE,CIUDAD HIDALGO,7,TAPACHULA,DE CONSULTA EXTERNA,5,CALLE,3A. ORIENTE,SIN NÚMERO,,7,COLONIA,CIUDAD HIDALGO,30840,A DOS CUADRAS DEL PARQUE CENTRAL,9625294053,PRIMER NIVEL,2,URBANO,6,SIN MODIFICACION,5,OTRO,"ESTABLECIMIENTO QUE PERTENECÍA A SECRETARIA DE SALUD DEL ESTADO, SE TTRANSFIERE A SERVICIOS DE SALUD IMSS BIENESTAR.",14.681148,-92.150437
CSIMB002444,TAPACHULA SANTA CLARA,TAPACHULA SANTA CLARA,TAPACHULA,SERVICIOS DE SALUD IMSS BIENESTAR ,7,CHIAPAS,TAPACHULA,TAPACHULA DE CORDOVA Y ORDOÑEZ,7,TAPACHULA,DE CONSULTA EXTERNA,19,PROLONGACIÓN,DURAZNOS,SIN NÚMERO,,16,FRACCIONAMIENTO,SANTA CLARA,30788,CONTRA ESQUINA DE LA CASA TELMEX,9621345850,PRIMER NIVEL,2,URBANO,6,SIN MODIFICACION,1,PROPIO,"ESTABLECIMIENTO QUE PERTENECÍA A SECRETARIA DE SALUD DEL ESTADO, SE TTRANSFIERE A SERVICIOS DE SALUD IMSS BIENESTAR.",14.880155,-92.250473
CSIMB002456,VILLA DE LAS FLORES (TAPACHULA),VILLA DE LAS FLORES (TAPACHULA),TAPACHULA,SERVICIOS DE SALUD IMSS BIENESTAR ,7,CHIAPAS,TAPACHULA,TAPACHULA DE CORDOVA Y ORDOÑEZ,7,TAPACHULA,DE CONSULTA EXTERNA,5,CALLE,JACARANDAS,SIN NÚMERO,,5,CIUDAD,VILLA DE LAS FLORES,30795,A UN COSTADO DE LA ESCUELA PRIMARIA FRANCISCO JAVIER GUILLEN T.,9626371044,PRIMER NIVEL,2,URBANO,6,SIN MODIFICACION,5,OTRO,"ESTABLECIMIENTO QUE PERTENECÍA A SECRETARIA DE SALUD DEL ESTADO, SE TTRANSFIERE A SERVICIOS DE SALUD IMSS BIENESTAR.",14.883698,-92.272206
CSIMB002461,TAPACHULA INDECO CEBADILLA,TAPACHULA INDECO CEBADILLA,TAPACHULA,SERVICIOS DE SALUD IMSS BIENESTAR ,7,CHIAPAS,TAPACHULA,TAPACHULA DE CORDOVA Y ORDOÑEZ,7,TAPACHULA,DE CONSULTA EXTERNA,3,AVENIDA,JUAN ALDAMA,SIN NÚMERO,,7,COLONIA,INDECO CEBADILLA,30786,ATRÁS DE LA ESCUELA PRIMARIA VENUSTIANO CARRANZA,9621697315,PRIMER NIVEL,2,URBANO,6,SIN MODIFICACION,5,OTRO,"ESTABLECIMIENTO QUE PERTENECÍA A SECRETARIA DE SALUD DEL ESTADO, SE TTRANSFIERE A SERVICIOS DE SALUD IMSS BIENESTAR.",14.877881,-92.265347
CSIMB002473,TAPACHULA DE CÓRDOBA Y ORDÓÑEZ,TAPACHULA DE CÓRDOBA Y ORDÓÑEZ,TAPACHULA,SERVICIOS DE SALUD IMSS BIENESTAR ,7,CHIAPAS,TAPACHULA,TAPACHULA DE CORDOVA Y ORDOÑEZ,7,TAPACHULA,DE CONSULTA EXTERNA,5,CALLE,8VA. NORTE,SIN NÚMERO,,7,COLONIA,5 DE FEBRERO,30710,A UN COSTADO DEL D.I.F.,9621701928,PRIMER NIVEL,2,URBANO,6,SIN MODIFICACION,5,OTRO,"ESTABLECIMIENTO QUE PERTENECÍA A SECRETARIA DE SALUD DEL ESTADO, SE TTRANSFIERE A SERVICIOS DE SALUD IMSS BIENESTAR.",14.917124,-92.260894
CSIMB002485,ÁLVARO OBREGÓN,ÁLVARO OBREGÓN,TAPACHULA,SERVICIOS DE SALUD IMSS BIENESTAR ,7,CHIAPAS,TAPACHULA,ALVARO OBREGON,7,TAPACHULA,DE CONSULTA EXTERNA,3,AVENIDA,1A. SUR ,SIN NÚMERO,,7,COLONIA,SAN ANTONIO,30820,A UN COSTADO DEL PARQUE CENTRAL,9931349542,PRIMER NIVEL,2,URBANO,6,SIN MODIFICACION,1,PROPIO,"ESTABLECIMIENTO QUE PERTENECÍA A SECRETARIA DE SALUD DEL ESTADO, SE TTRANSFIERE A SERVICIOS DE SALUD IMSS BIENESTAR.",14.919719,-92.378679
CSIMB002490,CARRILLO PUERTO,CARRILLO PUERTO,TAPACHULA,SERVICIOS DE SALUD IMSS BIENESTAR ,7,CHIAPAS,TAPACHULA,CARRILLO PUERTO,7,TAPACHULA,DE CONSULTA EXTERNA,5,CALLE,4A. NORTE,SIN NÚMERO,,27,RANCHERÍA,FELIPE CARRILLO PUERTO,30816,A LADO DEL CAMPO DE FUTBOL,9621424427,PRIMER NIVEL,2,URBANO,6,SIN MODIFICACION,5,OTRO,"ESTABLECIMIENTO QUE PERTENECÍA A SECRETARIA DE SALUD DEL ESTADO, SE TTRANSFIERE A SERVICIOS DE SALUD IMSS BIENESTAR.",15.011142,-92.196612
CSIMB002502,CEBADILLA 2A. SECCIÓN,CEBADILLA 2A. SECCIÓN,TAPACHULA,SERVICIOS DE SALUD IMSS BIENESTAR ,7,CHIAPAS,TAPACHULA,CEBADILLA 2DA. SECCION,7,TAPACHULA,DE CONSULTA EXTERNA,23,CAMINO,ACAXMAN-PALO SECO,SIN NÚMERO,,27,RANCHERÍA,LA CEBADILLA 2A. SECCION,30827,A UN COSTADO DE LA ESCUELA SECUNDARIA VICENTE GUERRERO,9611542227,PRIMER NIVEL,1,RURAL,6,SIN MODIFICACION,5,OTRO,"ESTABLECIMIENTO QUE PERTENECÍA A SECRETARIA DE SALUD DEL ESTADO, SE TTRANSFIERE A SERVICIOS DE SALUD IMSS BIENESTAR.",14.824125,-92.313741
CSIMB002514,EL EDÉN,EL EDÉN,TAPACHULA,SERVICIOS DE SALUD IMSS BIENESTAR ,7,CHIAPAS,TAPACHULA,EL EDEN,7,TAPACHULA,DE CONSULTA EXTERNA,24,CARRETERA,TAPACHULA - NUEVA ALEMANIA KM. 28.5,SIN NÚMERO,,27,RANCHERÍA,EL EDEN,30812,A UN COSTADO DE LA ESC. PRIM. RAFAEL RAMIREZ CASTAÑEDA,9191189395,PRIMER NIVEL,1,RURAL,6,SIN MODIFICACION,5,OTRO,"ESTABLECIMIENTO QUE PERTENECÍA A SECRETARIA DE SALUD DEL ESTADO, SE TTRANSFIERE A SERVICIOS DE SALUD IMSS BIENESTAR.",15.06054,-92.300549
CSIMB002526,LLANO DE LA LIMA,LLANO DE LA LIMA,TAPACHULA,SERVICIOS DE SALUD IMSS BIENESTAR ,7,CHIAPAS,TAPACHULA,LLANO DE LA LIMA,7,TAPACHULA,DE CONSULTA EXTERNA,5,CALLE,SIN NOMBRE,SIN NÚMERO,,13,EJIDO,LLANO DE LA LIMA,30820,ATRÁS DE LA TELESECUNDARIA 659,9671852122,PRIMER NIVEL,1,RURAL,6,SIN MODIFICACION,5,OTRO,"ESTABLECIMIENTO QUE PERTENECÍA A SECRETARIA DE SALUD DEL ESTADO, SE TTRANSFIERE A SERVICIOS DE SALUD IMSS BIENESTAR.",14.866964,-92.298529
CSIMB002531,JOSÉ MARÍA MORELOS,JOSÉ MARÍA MORELOS,TAPACHULA,SERVICIOS DE SALUD IMSS BIENESTAR ,7,CHIAPAS,TAPACHULA,JOSE MARIA MORELOS,7,TAPACHULA,DE CONSULTA EXTERNA,5,CALLE,SIN NOMBRE,SIN NÚMERO,,13,EJIDO,JOSÉ MARÍA MORELOS,30832,A UN COSTADO DE LA ESCUELA PRIMARIA EVA DE SAMANO,9671074133,PRIMER NIVEL,1,RURAL,6,SIN MODIFICACION,5,OTRO,"ESTABLECIMIENTO QUE PERTENECÍA A SECRETARIA DE SALUD DEL ESTADO, SE TTRANSFIERE A SERVICIOS DE SALUD IMSS BIENESTAR.",14.786324,-92.400505
CSIMB002543,PUERTO MADERO,PUERTO MADERO,TAPACHULA,SERVICIOS DE SALUD IMSS BIENESTAR ,7,CHIAPAS,TAPACHULA,PUERTO MADERO (SAN BENITO),7,TAPACHULA,DE CONSULTA EXTERNA,7,CALZADA,ESCOLLERAS,SIN NÚMERO,,26,PUERTO,MADERO,30830,A 400 MTRS. DE LA OFICINA DE CORREOS DE MEXICO,9926760411,PRIMER NIVEL,2,URBANO,6,SIN MODIFICACION,5,OTRO,"ESTABLECIMIENTO QUE PERTENECÍA A SECRETARIA DE SALUD DEL ESTADO, SE TTRANSFIERE A SERVICIOS DE SALUD IMSS BIENESTAR.",14.71259,-92.417943
CSIMB002555,RAYMUNDO ENRÍQUEZ,RAYMUNDO ENRÍQUEZ,TAPACHULA,SERVICIOS DE SALUD IMSS BIENESTAR ,7,CHIAPAS,TAPACHULA,RAYMUNDO ENRIQUEZ,7,TAPACHULA,DE CONSULTA EXTERNA,5,CALLE,CENTRAL ORIENTE,4,,7,COLONIA,RAYMUNDO ENRIQUEZ,30798,A 1 CUADRA Y ½ DE LAS OFICINAS DEL AYUNTAMIENTO,9616105403,PRIMER NIVEL,2,URBANO,6,SIN MODIFICACION,5,OTRO,"ESTABLECIMIENTO QUE PERTENECÍA A SECRETARIA DE SALUD DEL ESTADO, SE TTRANSFIERE A SERVICIOS DE SALUD IMSS BIENESTAR.",14.865684,-92.313049
CSIMB002560,RANCHERÍA SANTA RITA,RANCHERÍA SANTA RITA,TAPACHULA,SERVICIOS DE SALUD IMSS BIENESTAR ,7,CHIAPAS,TAPACHULA,SANTA RITA,7,TAPACHULA,DE CONSULTA EXTERNA,22,NINGUNO,NO DISPONIBLE,SIN NÚMERO,,27,RANCHERÍA,SANTA RITA,30812,A UN COSTADO DE LA TIENDA DICONSA,,PRIMER NIVEL,1,RURAL,6,SIN MODIFICACION,1,PROPIO,"ESTABLECIMIENTO QUE PERTENECÍA A SECRETARIA DE SALUD DEL ESTADO, SE TTRANSFIERE A SERVICIOS DE SALUD IMSS BIENESTAR.",15.086974,-92.309344
CSIMB002572,C.S. TINAJAS 1A. SECCIÓN,C.S. TINAJAS 1A. SECCIÓN,TAPACHULA,SERVICIOS DE SALUD IMSS BIENESTAR ,7,CHIAPAS,TAPACHULA,TINAJAS 1RA. SECCION,7,TAPACHULA,DE CONSULTA EXTERNA,5,CALLE,SIN NOMBRE,SIN NÚMERO,,27,RANCHERÍA,TINAJAS 1A. SECCION,30835,A UN COSTADO DE ESC. PRIM. DEL ESTADO JOSE MARIA MORELOS Y PAVON,9671259342,PRIMER NIVEL,1,RURAL,6,SIN MODIFICACION,5,OTRO,"ESTABLECIMIENTO QUE PERTENECÍA A SECRETARIA DE SALUD DEL ESTADO, SE TTRANSFIERE A SERVICIOS DE SALUD IMSS BIENESTAR.",14.712619,-92.33976
CSIMB002584,VIVA MÉXICO,VIVA MÉXICO,TAPACHULA,SERVICIOS DE SALUD IMSS BIENESTAR ,7,CHIAPAS,TAPACHULA,VIVA MEXICO,7,TAPACHULA,DE CONSULTA EXTERNA,3,AVENIDA,COSTERA KM. 7,SIN NÚMERO,,7,COLONIA,VIVA MEXICO,30826,ATRÁS DE LA ESC. PRIM. MOCTEZUMA,9191136492,PRIMER NIVEL,1,RURAL,6,SIN MODIFICACION,5,OTRO,"ESTABLECIMIENTO QUE PERTENECÍA A SECRETARIA DE SALUD DEL ESTADO, SE TTRANSFIERE A SERVICIOS DE SALUD IMSS BIENESTAR.",14.90782,-92.327352
CSIMB002596,TECPATAN,TECPATAN,CINTALAPA,SERVICIOS DE SALUD IMSS BIENESTAR ,7,CHIAPAS,TECPATAN,TECPATAN,1,TUXTLA GUTIERREZ,DE CONSULTA EXTERNA,5,CALLE,3RA. SUR ORIENTE ,SIN NÚMERO,,3,BARRIO,EL EDEN,29610,CALLE CENTRAL Y 3A. SUR ESQUINA,9361053150,PRIMER NIVEL,2,URBANO,6,SIN MODIFICACION,5,OTRO,"ESTABLECIMIENTO QUE PERTENECÍA A SECRETARIA DE SALUD DEL ESTADO, SE TTRANSFIERE A SERVICIOS DE SALUD IMSS BIENESTAR.",17.1343,-93.3105
CSIMB002601,FRANCISCO I. MADERO,FRANCISCO I. MADERO,CINTALAPA,SERVICIOS DE SALUD IMSS BIENESTAR ,7,CHIAPAS,TECPATAN,FRANCISCO I. MADERO,1,TUXTLA GUTIERREZ,DE CONSULTA EXTERNA,5,CALLE,CENTRAL KM 12,SIN NÚMERO,,7,COLONIA,FRANCISCO I. MADERO,29618,CALLE CENTRAL PTE S/N,9612151221,PRIMER NIVEL,1,RURAL,6,SIN MODIFICACION,5,OTRO,"ESTABLECIMIENTO QUE PERTENECÍA A SECRETARIA DE SALUD DEL ESTADO, SE TTRANSFIERE A SERVICIOS DE SALUD IMSS BIENESTAR.",17.2128,-93.3914
CSIMB002613,GUSTAVO DÍAZ ORDAZ,GUSTAVO DÍAZ ORDAZ,CINTALAPA,SERVICIOS DE SALUD IMSS BIENESTAR ,7,CHIAPAS,MEZCALAPA,GUSTAVO DIAZ ORDAZ,1,TUXTLA GUTIERREZ,DE CONSULTA EXTERNA,23,CAMINO,SIN NOMBRE,SIN NÚMERO,,13,EJIDO,GUSTAVO DÍAZ ORDAZ,29610,NO DISPONIBLE,9612132133,PRIMER NIVEL,1,RURAL,6,SIN MODIFICACION,5,OTRO,"ESTABLECIMIENTO QUE PERTENECÍA A SECRETARIA DE SALUD DEL ESTADO, SE TTRANSFIERE A SERVICIOS DE SALUD IMSS BIENESTAR.",17.15944,-93.483779
CSIMB002625,RAUDALES MALPASO,RAUDALES MALPASO,CINTALAPA,SERVICIOS DE SALUD IMSS BIENESTAR ,7,CHIAPAS,MEZCALAPA,RAUDALES MALPASO,1,TUXTLA GUTIERREZ,DE CONSULTA EXTERNA,5,CALLE,SIN NOMBRE,SIN NÚMERO,,25,PUEBLO,PIRAMIDE BAJA,29600,CALLE PRINCIPAL S/N,9681039813,PRIMER NIVEL,2,URBANO,6,SIN MODIFICACION,5,OTRO,"ESTABLECIMIENTO QUE PERTENECÍA A SECRETARIA DE SALUD DEL ESTADO, SE TTRANSFIERE A SERVICIOS DE SALUD IMSS BIENESTAR.",17.189223,-93.604773
CSIMB002630,PIZTINGÉN,PIZTINGÉN,CINTALAPA,SERVICIOS DE SALUD IMSS BIENESTAR ,7,CHIAPAS,TECPATAN,FRANJA PIZTINGEN,1,TUXTLA GUTIERREZ,DE CONSULTA EXTERNA,3,AVENIDA,5A. NORTE,SIN NÚMERO,,3,BARRIO,PIZTINGUEN,29610,CALLE CENTRAL Y 3A.SUR ESQUINA CENTRO,,PRIMER NIVEL,1,RURAL,6,SIN MODIFICACION,1,PROPIO,"ESTABLECIMIENTO QUE PERTENECÍA A SECRETARIA DE SALUD DEL ESTADO, SE TTRANSFIERE A SERVICIOS DE SALUD IMSS BIENESTAR.",17.1489,-93.3047
CSIMB002642,TENEJAPA,TENEJAPA,SAN CRISTOBAL DE LAS CASAS,SERVICIOS DE SALUD IMSS BIENESTAR ,7,CHIAPAS,TENEJAPA,TENEJAPA,2,SAN CRISTÓBAL DE LAS CASAS,DE CONSULTA EXTERNA,5,CALLE,LAS MANZANAS ,SIN NÚMERO,,25,PUEBLO,TENEJAPA,29480,AV.ANGEL ALBINO CORZO S/N,9656520864,PRIMER NIVEL,2,URBANO,6,SIN MODIFICACION,5,OTRO,"ESTABLECIMIENTO QUE PERTENECÍA A SECRETARIA DE SALUD DEL ESTADO, SE TTRANSFIERE A SERVICIOS DE SALUD IMSS BIENESTAR.",16.817037,-92.507693
CSIMB002654,SHISHINTONIL,SHISHINTONIL,SAN CRISTOBAL DE LAS CASAS,SERVICIOS DE SALUD IMSS BIENESTAR ,7,CHIAPAS,TENEJAPA,SHISHINTONIL,2,SAN CRISTÓBAL DE LAS CASAS,DE CONSULTA EXTERNA,23,CAMINO,A SHISHINTONIL,SIN NÚMERO,,25,PUEBLO,SHISHINTONIL,29489,FRENTE A LA ESCUELA,9613678289,PRIMER NIVEL,1,RURAL,6,SIN MODIFICACION,5,OTRO,"ESTABLECIMIENTO QUE PERTENECÍA A SECRETARIA DE SALUD DEL ESTADO, SE TTRANSFIERE A SERVICIOS DE SALUD IMSS BIENESTAR.",16.849141,-92.479975
CSIMB002666,TEOPISCA,TEOPISCA,SAN CRISTOBAL DE LAS CASAS,SERVICIOS DE SALUD IMSS BIENESTAR ,7,CHIAPAS,TEOPISCA,TEOPISCA,2,SAN CRISTÓBAL DE LAS CASAS,DE CONSULTA EXTERNA,3,AVENIDA,ORIENTE NORTE,SIN NÚMERO,,5,CIUDAD,TEOPISCA,29410,2A. ORIENTE NORTE S/N,9612389312,PRIMER NIVEL,2,URBANO,6,SIN MODIFICACION,5,OTRO,"ESTABLECIMIENTO QUE PERTENECÍA A SECRETARIA DE SALUD DEL ESTADO, SE TTRANSFIERE A SERVICIOS DE SALUD IMSS BIENESTAR.",16.544225,-92.471561
CSIMB002671,BETANIA,BETANIA,SAN CRISTOBAL DE LAS CASAS,SERVICIOS DE SALUD IMSS BIENESTAR ,7,CHIAPAS,TEOPISCA,BETANIA,2,SAN CRISTÓBAL DE LAS CASAS,DE CONSULTA EXTERNA,3,AVENIDA,INTERNACIONAL,SIN NÚMERO,,25,PUEBLO,BETANIA,29410,AV. INTERNACIONAL S/N,9666881057,PRIMER NIVEL,2,URBANO,6,SIN MODIFICACION,5,OTRO,"ESTABLECIMIENTO QUE PERTENECÍA A SECRETARIA DE SALUD DEL ESTADO, SE TTRANSFIERE A SERVICIOS DE SALUD IMSS BIENESTAR.",16.608399,-92.520162
CSIMB002683,H. B. C. DE TILA,H. B. C. DE TILA,YAJALON,SERVICIOS DE SALUD IMSS BIENESTAR ,7,CHIAPAS,TILA,TILA,6,PALENQUE,DE HOSPITALIZACIÓN,24,CARRETERA,TILA-LIMAR KM 3.5,SIN NÚMERO,,13,EJIDO,TILA,29910,EN LA SALIDA DE TILA RUMBO A LIMAR,9666630880,SEGUNDO NIVEL,2,URBANO,6,SIN MODIFICACION,1,PROPIO,"ESTABLECIMIENTO QUE PERTENECÍA A SECRETARIA DE SALUD DEL ESTADO, SE TTRANSFIERE A SERVICIOS DE SALUD IMSS BIENESTAR.",17.313151,-92.42834
CSIMB002695,TILA,TILA,YAJALON,SERVICIOS DE SALUD IMSS BIENESTAR ,7,CHIAPAS,TILA,TILA,6,PALENQUE,DE CONSULTA EXTERNA,5,CALLE,BENITO JUÁREZ ,SIN NÚMERO,,25,PUEBLO,TILA,29910,BARRIO SANTA MARTHA,9661188472,PRIMER NIVEL,2,URBANO,6,SIN MODIFICACION,5,OTRO,"ESTABLECIMIENTO QUE PERTENECÍA A SECRETARIA DE SALUD DEL ESTADO, SE TTRANSFIERE A SERVICIOS DE SALUD IMSS BIENESTAR.",17.2997,-92.4277
CSIMB002700,ÁLVARO OBREGÓN,ÁLVARO OBREGÓN,YAJALON,SERVICIOS DE SALUD IMSS BIENESTAR ,7,CHIAPAS,TILA,ALVARO OBREGON,6,PALENQUE,DE CONSULTA EXTERNA,5,CALLE,SIN NOMBRE,SIN NÚMERO,,13,EJIDO,ÁLVARO OBREGÓN,29910,CERCA DE LA CASA EJIDAL,9612557280,PRIMER NIVEL,1,RURAL,6,SIN MODIFICACION,5,OTRO,"ESTABLECIMIENTO QUE PERTENECÍA A SECRETARIA DE SALUD DEL ESTADO, SE TTRANSFIERE A SERVICIOS DE SALUD IMSS BIENESTAR.",17.4447,-92.5471
CSIMB002712,USIPA,USIPA,YAJALON,SERVICIOS DE SALUD IMSS BIENESTAR ,7,CHIAPAS,TILA,USIPA,6,PALENQUE,DE CONSULTA EXTERNA,5,CALLE,SAN MATEO,SIN NÚMERO,,13,EJIDO,USIPA,29910,PASANDO EL TANQUE DE AGUA,9666666018,PRIMER NIVEL,1,RURAL,6,SIN MODIFICACION,5,OTRO,"ESTABLECIMIENTO QUE PERTENECÍA A SECRETARIA DE SALUD DEL ESTADO, SE TTRANSFIERE A SERVICIOS DE SALUD IMSS BIENESTAR.",17.500534,-92.439223
CSIMB002724,NUEVO LIMAR,NUEVO LIMAR,YAJALON,SERVICIOS DE SALUD IMSS BIENESTAR ,7,CHIAPAS,TILA,NUEVO LIMAR,6,PALENQUE,DE CONSULTA EXTERNA,5,CALLE,BELISARIO DOMINGUEZ,SIN NÚMERO,,13,EJIDO,NUEVO LIMAR,29910,CERCA DEL RÍO,9666645147,PRIMER NIVEL,1,RURAL,6,SIN MODIFICACION,5,OTRO,"ESTABLECIMIENTO QUE PERTENECÍA A SECRETARIA DE SALUD DEL ESTADO, SE TTRANSFIERE A SERVICIOS DE SALUD IMSS BIENESTAR.",17.4533,-92.3957
CSIMB002736,JOLJA TIONTIEPA,JOLJA TIONTIEPA,YAJALON,SERVICIOS DE SALUD IMSS BIENESTAR ,7,CHIAPAS,TILA,JOLJA TIONTIEPA,6,PALENQUE,DE CONSULTA EXTERNA,5,CALLE,SIN NOMBRE,SIN NÚMERO,,13,EJIDO,JOLJA TIONTIEPA,29910,AL INICIO DEL EJIDO SOBRE LA CARRETERA,9662180440,PRIMER NIVEL,1,RURAL,6,SIN MODIFICACION,5,OTRO,"ESTABLECIMIENTO QUE PERTENECÍA A SECRETARIA DE SALUD DEL ESTADO, SE TTRANSFIERE A SERVICIOS DE SALUD IMSS BIENESTAR.",17.312751,-92.483637
CSIMB002741,WILLIS 2ª SECCIÓN,WILLIS 2ª SECCIÓN,YAJALON,SERVICIOS DE SALUD IMSS BIENESTAR ,7,CHIAPAS,TILA,WILIS 2DA. SECCION,6,PALENQUE,DE CONSULTA EXTERNA,24,CARRETERA,TRAMO TILA - CHULUM CARDENAS,SIN NÚMERO,,13,EJIDO,WILIS 2a. SECCION,29910,JUNTO A LA ESCUELA PRIMARIA,9611429709,PRIMER NIVEL,1,RURAL,6,SIN MODIFICACION,5,OTRO,"ESTABLECIMIENTO QUE PERTENECÍA A SECRETARIA DE SALUD DEL ESTADO, SE TTRANSFIERE A SERVICIOS DE SALUD IMSS BIENESTAR.",17.325587,-92.490235
CSIMB002753,HOSPITAL GENERAL DR. JUAN C. CORZO TONALÁ,HOSPITAL GENERAL DR. JUAN C. CORZO TONALÁ,TONALA,SERVICIOS DE SALUD IMSS BIENESTAR ,7,CHIAPAS,TONALA,TONALA,8,TONALÁ,DE HOSPITALIZACIÓN,3,AVENIDA,27 DE SEPTIEMBRE,SIN NÚMERO,,3,BARRIO,LAS FLORES,30500,AV.27 DE SEPT. Y FCO.JAVIER MINA S/N,9614539430,SEGUNDO NIVEL,2,URBANO,6,SIN MODIFICACION,1,PROPIO,"ESTABLECIMIENTO QUE PERTENECÍA A SECRETARIA DE SALUD DEL ESTADO, SE TTRANSFIERE A SERVICIOS DE SALUD IMSS BIENESTAR.",16.09001,-93.7448
CSIMB002765,PUERTO ARISTA,PUERTO ARISTA,TONALA,SERVICIOS DE SALUD IMSS BIENESTAR ,7,CHIAPAS,TONALA,PUERTO ARISTA,8,TONALÁ,DE CONSULTA EXTERNA,4,BOULEVARD,MARIANO MATAMOROS,SIN NÚMERO,,13,EJIDO,PUERTO ARISTA,30507,AV. MARIANO MATAMOROS S/N,9611925087,PRIMER NIVEL,1,RURAL,6,SIN MODIFICACION,5,OTRO,"ESTABLECIMIENTO QUE PERTENECÍA A SECRETARIA DE SALUD DEL ESTADO, SE TTRANSFIERE A SERVICIOS DE SALUD IMSS BIENESTAR.",15.9325023,-93.8080217
CSIMB002770,CABEZA DE TORO,CABEZA DE TORO,TONALA,SERVICIOS DE SALUD IMSS BIENESTAR ,7,CHIAPAS,TONALA,CABEZA DE TORO,8,TONALÁ,DE CONSULTA EXTERNA,3,AVENIDA,5TA. NORTE ORIENTE,SIN NÚMERO,,25,PUEBLO,CABEZA DE TORO,30507,DESPUÉS DE LA ESCUELA SECUNDARIA,9636359445,PRIMER NIVEL,2,URBANO,6,SIN MODIFICACION,5,OTRO,"ESTABLECIMIENTO QUE PERTENECÍA A SECRETARIA DE SALUD DEL ESTADO, SE TTRANSFIERE A SERVICIOS DE SALUD IMSS BIENESTAR.",15.9315574,-93.7738196
CSIMB002782,IGNACIO RAMÍREZ,IGNACIO RAMÍREZ,TONALA,SERVICIOS DE SALUD IMSS BIENESTAR ,7,CHIAPAS,TONALA,IGNACIO RAMIREZ,8,TONALÁ,DE CONSULTA EXTERNA,5,CALLE,12 DE OCTUBRE ,SIN NÚMERO,,7,COLONIA,IGNACIO RAMÍREZ,30503,CALLE PRINCIPAL,9611792669,PRIMER NIVEL,1,RURAL,6,SIN MODIFICACION,5,OTRO,"ESTABLECIMIENTO QUE PERTENECÍA A SECRETARIA DE SALUD DEL ESTADO, SE TTRANSFIERE A SERVICIOS DE SALUD IMSS BIENESTAR.",16.110741,-93.872449
CSIMB002794,NOYOLA,NOYOLA,TONALA,SERVICIOS DE SALUD IMSS BIENESTAR ,7,CHIAPAS,TONALA,NOYOLA,8,TONALÁ,DE CONSULTA EXTERNA,5,CALLE,SIN NOMBRE,SIN NÚMERO,,27,RANCHERÍA,NOYOLA,30505,"CONOCIDO, RANCHERÍA NOYOLA",9631564281,PRIMER NIVEL,1,RURAL,6,SIN MODIFICACION,5,OTRO,"ESTABLECIMIENTO QUE PERTENECÍA A SECRETARIA DE SALUD DEL ESTADO, SE TTRANSFIERE A SERVICIOS DE SALUD IMSS BIENESTAR.",16.0389108,-93.766171
CSIMB002806,PUEBLO NUEVO,PUEBLO NUEVO,TONALA,SERVICIOS DE SALUD IMSS BIENESTAR ,7,CHIAPAS,TONALA,PUEBLO NUEVO (SAN CAYETANO),8,TONALÁ,DE CONSULTA EXTERNA,23,CAMINO,ALDAMA,SIN NÚMERO,,13,EJIDO,PUEBLO NUEVO,30513,A LA VUELTA DE LA TORTILLERÍA,9931640589,PRIMER NIVEL,1,RURAL,6,SIN MODIFICACION,5,OTRO,"ESTABLECIMIENTO QUE PERTENECÍA A SECRETARIA DE SALUD DEL ESTADO, SE TTRANSFIERE A SERVICIOS DE SALUD IMSS BIENESTAR.",15.8527964,-93.6569279
CSIMB002811,EJIDO MORELOS (ESTACIÓN MOJARRAS),EJIDO MORELOS (ESTACIÓN MOJARRAS),TONALA,SERVICIOS DE SALUD IMSS BIENESTAR ,7,CHIAPAS,TONALA,MORELOS (MOJARRAS),8,TONALÁ,DE CONSULTA EXTERNA,5,CALLE,CENTRAL NORTE,7,,25,PUEBLO,MORELOS (MOJARRAS),30510,MZA. 7 SECTOR 1,9613370951,PRIMER NIVEL,1,RURAL,6,SIN MODIFICACION,5,OTRO,"ESTABLECIMIENTO QUE PERTENECÍA A SECRETARIA DE SALUD DEL ESTADO, SE TTRANSFIERE A SERVICIOS DE SALUD IMSS BIENESTAR.",15.8649859,-93.6319796
CSIMB002823,TOTOLAPA,TOTOLAPA,ACALA,SERVICIOS DE SALUD IMSS BIENESTAR ,7,CHIAPAS,TOTOLAPA,TOTOLAPA,1,TUXTLA GUTIERREZ,DE CONSULTA EXTERNA,5,CALLE,daniel delgadillo ,SIN NÚMERO,,25,PUEBLO,TOTOLAPA,30330,CALLE CENTRO DE SALUD S/N,9161221634,PRIMER NIVEL,2,URBANO,6,SIN MODIFICACION,5,OTRO,"ESTABLECIMIENTO QUE PERTENECÍA A SECRETARIA DE SALUD DEL ESTADO, SE TTRANSFIERE A SERVICIOS DE SALUD IMSS BIENESTAR.",16.5431844,-92.6754653
CSIMB002835,LA TRINITARIA,LA TRINITARIA,COMITAN,SERVICIOS DE SALUD IMSS BIENESTAR ,7,CHIAPAS,LA TRINITARIA,LA TRINITARIA,3,COMITÁN,DE CONSULTA EXTERNA,24,CARRETERA,A LAGOS DE MONTEBELLO KM1,SIN NÚMERO,,3,BARRIO,SAN JOSE,30160,CARRETERA LAGOS DE MONTEBELLO KM. 1 BARRIO EL TIMBRAL,9616130997,PRIMER NIVEL,2,URBANO,3,AMPLIACION,1,PROPIO,"ESTABLECIMIENTO QUE PERTENECÍA A SECRETARIA DE SALUD DEL ESTADO, SE TTRANSFIERE A SERVICIOS DE SALUD IMSS BIENESTAR.",16.130987,-92.051913
CSIMB002840,ÁLVARO OBREGÓN,ÁLVARO OBREGÓN,COMITAN,SERVICIOS DE SALUD IMSS BIENESTAR ,7,CHIAPAS,LA TRINITARIA,ALVARO OBREGON,3,COMITÁN,DE CONSULTA EXTERNA,22,NINGUNO,SIN NOMBRE,SIN NÚMERO,,25,PUEBLO,ALVARO OBREGON,30160,A LA ENTRADA DE LA COMUNIDAD,9624551841,PRIMER NIVEL,1,RURAL,6,SIN MODIFICACION,1,PROPIO,"ESTABLECIMIENTO QUE PERTENECÍA A SECRETARIA DE SALUD DEL ESTADO, SE TTRANSFIERE A SERVICIOS DE SALUD IMSS BIENESTAR.",16.094198,-91.842994
CSIMB002852,CRISTÓBAL COLÓN,CRISTÓBAL COLÓN,COMITAN,SERVICIOS DE SALUD IMSS BIENESTAR ,7,CHIAPAS,LA TRINITARIA,CRISTOBAL COLON (LAGOS DE COLON),3,COMITÁN,DE CONSULTA EXTERNA,22,NINGUNO,SIN NOMBRE,SIN NÚMERO,,27,RANCHERÍA,CRISTOBAL COLON,30165,FRENTE A LA LAGUNA,9616543455,PRIMER NIVEL,1,RURAL,6,SIN MODIFICACION,1,PROPIO,"ESTABLECIMIENTO QUE PERTENECÍA A SECRETARIA DE SALUD DEL ESTADO, SE TTRANSFIERE A SERVICIOS DE SALUD IMSS BIENESTAR.",15.828409,-91.896821
CSIMB002864,HIDALGO,HIDALGO,COMITAN,SERVICIOS DE SALUD IMSS BIENESTAR ,7,CHIAPAS,LA TRINITARIA,MIGUEL HIDALGO,3,COMITÁN,DE CONSULTA EXTERNA,22,NINGUNO,SIN NOMBRE,SIN NÚMERO,,25,PUEBLO,MIGUEL HIDALGO,30160,FRENTE AL CAMPO,9616886873,PRIMER NIVEL,1,RURAL,6,SIN MODIFICACION,1,PROPIO,"ESTABLECIMIENTO QUE PERTENECÍA A SECRETARIA DE SALUD DEL ESTADO, SE TTRANSFIERE A SERVICIOS DE SALUD IMSS BIENESTAR.",16.284873,-92.2125
CSIMB002876,TZISCAO,TZISCAO,COMITAN,SERVICIOS DE SALUD IMSS BIENESTAR ,7,CHIAPAS,LA TRINITARIA,TZISCAO,3,COMITÁN,DE CONSULTA EXTERNA,23,CAMINO,"SECTOR 3, MANZANA 4",SIN NÚMERO,,25,PUEBLO,TZISCAO,30160,FRENTE A LA LAGUNA DE TZISCAO,9616155190,PRIMER NIVEL,1,RURAL,6,SIN MODIFICACION,1,PROPIO,"ESTABLECIMIENTO QUE PERTENECÍA A SECRETARIA DE SALUD DEL ESTADO, SE TTRANSFIERE A SERVICIOS DE SALUD IMSS BIENESTAR.",16.08369,-91.66897
CSIMB002881,NUEVA VENECIA,NUEVA VENECIA,COMITAN,SERVICIOS DE SALUD IMSS BIENESTAR ,7,CHIAPAS,LA TRINITARIA,NUEVA VENECIA,3,COMITÁN,DE CONSULTA EXTERNA,22,NINGUNO,SIN NOMBRE,SIN NÚMERO,,7,COLONIA,NUEVA VENECIA,30160,NO DISPONIBLE,9612332598,PRIMER NIVEL,1,RURAL,6,SIN MODIFICACION,1,PROPIO,"ESTABLECIMIENTO QUE PERTENECÍA A SECRETARIA DE SALUD DEL ESTADO, SE TTRANSFIERE A SERVICIOS DE SALUD IMSS BIENESTAR.",15.97558,-92.01452
CSIMB002893,LOMA BONITA,LOMA BONITA,COMITAN,SERVICIOS DE SALUD IMSS BIENESTAR ,7,CHIAPAS,LA TRINITARIA,LOMA BONITA,3,COMITÁN,DE CONSULTA EXTERNA,3,AVENIDA,2A. SUR ORIENTE,32,,7,COLONIA,CENTRO,30166,NO DISPONIBLE,9612711051,PRIMER NIVEL,1,RURAL,6,SIN MODIFICACION,1,PROPIO,"ESTABLECIMIENTO QUE PERTENECÍA A SECRETARIA DE SALUD DEL ESTADO, SE TTRANSFIERE A SERVICIOS DE SALUD IMSS BIENESTAR.",16.25252,-92.132768
CSIMB002905,LA GLORIA,LA GLORIA,COMITAN,SERVICIOS DE SALUD IMSS BIENESTAR ,7,CHIAPAS,LA TRINITARIA,LA GLORIA,3,COMITÁN,DE CONSULTA EXTERNA,22,NINGUNO,SIN NOMBRE,SIN NÚMERO,,13,EJIDO,LA GLORIA,30160,A UN LADO DE LA ESCUELA PRIMARIA,9661271076,PRIMER NIVEL,1,RURAL,6,SIN MODIFICACION,1,PROPIO,"ESTABLECIMIENTO QUE PERTENECÍA A SECRETARIA DE SALUD DEL ESTADO, SE TTRANSFIERE A SERVICIOS DE SALUD IMSS BIENESTAR.",15.9639,-91.965
CSIMB002910,FLOR DE MAYO,FLOR DE MAYO ,COMITAN,SERVICIOS DE SALUD IMSS BIENESTAR ,7,CHIAPAS,LA TRINITARIA,FLOR DE MAYO,3,COMITÁN,DE CONSULTA EXTERNA,23,CAMINO,"MANZANA 7, LOTE 3",63,,13,EJIDO,NUEVO AGUA ZARCA,30165,FRENTE A UN TEMPLO EVANGELICO,9616152564,PRIMER NIVEL,1,RURAL,6,SIN MODIFICACION,1,PROPIO,"ESTABLECIMIENTO QUE PERTENECÍA A SECRETARIA DE SALUD DEL ESTADO, SE TTRANSFIERE A SERVICIOS DE SALUD IMSS BIENESTAR.",15.8533,-92.008
CSIMB002922,NUEVA LIBERTAD (EL COLORADO),NUEVA LIBERTAD (EL COLORADO),COMITAN,SERVICIOS DE SALUD IMSS BIENESTAR ,7,CHIAPAS,LA TRINITARIA,NUEVA LIBERTAD (EL COLORADO),3,COMITÁN,DE CONSULTA EXTERNA,23,CAMINO,"SECTOR 3, MANZANA 1",SIN NÚMERO,,25,PUEBLO,NUEVA LIBERTAD EL COLORADO,30165,NO DISPONIBLE,9616120315,PRIMER NIVEL,1,RURAL,6,SIN MODIFICACION,1,PROPIO,"ESTABLECIMIENTO QUE PERTENECÍA A SECRETARIA DE SALUD DEL ESTADO, SE TTRANSFIERE A SERVICIOS DE SALUD IMSS BIENESTAR.",15.898611,-92.059167
CSIMB002934,NUEVO LLANO GRANDE,NUEVO LLANO GRANDE,COMITAN,SERVICIOS DE SALUD IMSS BIENESTAR ,7,CHIAPAS,LA TRINITARIA,NUEVO LLANO GRANDE,3,COMITÁN,DE CONSULTA EXTERNA,3,AVENIDA,5 DE FEBRERO,SIN NÚMERO,,13,EJIDO,NUEVO LLANO GRANDE,30165,NO DISPONIBLE,9616889391,PRIMER NIVEL,1,RURAL,6,SIN MODIFICACION,1,PROPIO,"ESTABLECIMIENTO QUE PERTENECÍA A SECRETARIA DE SALUD DEL ESTADO, SE TTRANSFIERE A SERVICIOS DE SALUD IMSS BIENESTAR.",15.82382,-91.92187
CSIMB002946,IGNACIO ALLENDE,IGNACIO ALLENDE,YAJALON,SERVICIOS DE SALUD IMSS BIENESTAR ,7,CHIAPAS,TUMBALA,IGNACIO ALLENDE,6,PALENQUE,DE CONSULTA EXTERNA,5,CALLE,SIN NOMBRE,SIN NÚMERO,,13,EJIDO,IGNACIO ALLENDE,29921,CERCA DEL TANQUE DE ABASTECIMIENTO DE AGUA,9616040322,PRIMER NIVEL,1,RURAL,6,SIN MODIFICACION,5,OTRO,"ESTABLECIMIENTO QUE PERTENECÍA A SECRETARIA DE SALUD DEL ESTADO, SE TTRANSFIERE A SERVICIOS DE SALUD IMSS BIENESTAR.",17.2486,-92.1489
CSIMB002951,CACAHUATAL,CACAHUATAL,YAJALON,SERVICIOS DE SALUD IMSS BIENESTAR ,7,CHIAPAS,TUMBALA,CACAHUATAL,6,PALENQUE,DE CONSULTA EXTERNA,5,CALLE,SIN NOMBRE,SIN NÚMERO,,13,EJIDO,CACAHUATAL,29921,AL INICIO DE LA LOCALIDAD A ORILLA DE CALLE,9616174400,PRIMER NIVEL,1,RURAL,6,SIN MODIFICACION,5,OTRO,"ESTABLECIMIENTO QUE PERTENECÍA A SECRETARIA DE SALUD DEL ESTADO, SE TTRANSFIERE A SERVICIOS DE SALUD IMSS BIENESTAR.",17.3205,-92.2254
CSIMB002963,EMILIANO ZAPATA,EMILIANO ZAPATA,YAJALON,SERVICIOS DE SALUD IMSS BIENESTAR ,7,CHIAPAS,TUMBALA,EMILIANO ZAPATA,6,PALENQUE,DE CONSULTA EXTERNA,5,CALLE,SIN NOMBRE,SIN NÚMERO,,13,EJIDO,EMILIANO ZAPATA,29921,A UN LADO DE LA IGLESIA CATOLICA,9681036057,PRIMER NIVEL,1,RURAL,6,SIN MODIFICACION,5,OTRO,"ESTABLECIMIENTO QUE PERTENECÍA A SECRETARIA DE SALUD DEL ESTADO, SE TTRANSFIERE A SERVICIOS DE SALUD IMSS BIENESTAR.",17.337663,-92.289714
CSIMB002975,BENITO JUÁREZ,BENITO JUÁREZ,YAJALON,SERVICIOS DE SALUD IMSS BIENESTAR ,7,CHIAPAS,TUMBALA,BENITO JUAREZ,6,PALENQUE,DE CONSULTA EXTERNA,24,CARRETERA,XANIL - TUMBALA,SIN NÚMERO,,13,EJIDO,BENITO JUÁREZ,29921,EN LA CARRETERA A MITAD DEL EJIDO,9612255496,PRIMER NIVEL,1,RURAL,6,SIN MODIFICACION,5,OTRO,"ESTABLECIMIENTO QUE PERTENECÍA A SECRETARIA DE SALUD DEL ESTADO, SE TTRANSFIERE A SERVICIOS DE SALUD IMSS BIENESTAR.",17.2577,-92.256
CSIMB002980,HOSPITAL REGIONAL DR. RAFAEL PASCASIO GAMBOA TUXTLA,HOSPITAL REGIONAL DR. RAFAEL PASCASIO GAMBOA TUXTLA,TUXTLA,SERVICIOS DE SALUD IMSS BIENESTAR ,7,CHIAPAS,TUXTLA GUTIERREZ,TUXTLA GUTIERREZ,1,TUXTLA GUTIERREZ,DE HOSPITALIZACIÓN,3,AVENIDA,9A. SUR,SIN NÚMERO,,3,BARRIO,SAN FRANCISCO,29066,9A.SUR ENTRE CALLE CENTRAL Y 2A.OTE S/N,9626230022,SEGUNDO NIVEL,2,URBANO,6,SIN MODIFICACION,1,PROPIO,"ESTABLECIMIENTO QUE PERTENECÍA A SECRETARIA DE SALUD DEL ESTADO, SE TTRANSFIERE A SERVICIOS DE SALUD IMSS BIENESTAR.",16.745825,-93.116884
CSIMB002992,TUXTLA (COL. SANTA CRUZ),TUXTLA (COL. SANTA CRUZ),TUXTLA,SERVICIOS DE SALUD IMSS BIENESTAR ,7,CHIAPAS,TUXTLA GUTIERREZ,TUXTLA GUTIERREZ,1,TUXTLA GUTIERREZ,DE CONSULTA EXTERNA,5,CALLE,LUIS VELEZ CHACON ,SIN NÚMERO,,7,COLONIA,SANTA CRUZ,29019,AV.STA.CECILIA Y LUIS VELEZ CHACON S/N,9621216575,PRIMER NIVEL,2,URBANO,6,SIN MODIFICACION,5,OTRO,"ESTABLECIMIENTO QUE PERTENECÍA A SECRETARIA DE SALUD DEL ESTADO, SE TTRANSFIERE A SERVICIOS DE SALUD IMSS BIENESTAR.",16.7845057,-93.108884
CSIMB003004,BIENESTAR SOCIAL,BIENESTAR SOCIAL,TUXTLA,SERVICIOS DE SALUD IMSS BIENESTAR ,7,CHIAPAS,TUXTLA GUTIERREZ,TUXTLA GUTIERREZ,1,TUXTLA GUTIERREZ,DE CONSULTA EXTERNA,3,AVENIDA,JUAN SABINES,SIN NÚMERO,,7,COLONIA,BIENESTAR SOCIAL,29070,CALLEJON CHOFERES S/N,9621521462,PRIMER NIVEL,2,URBANO,6,SIN MODIFICACION,5,OTRO,"ESTABLECIMIENTO QUE PERTENECÍA A SECRETARIA DE SALUD DEL ESTADO, SE TTRANSFIERE A SERVICIOS DE SALUD IMSS BIENESTAR.",16.744877,-93.090757
CSIMB003016,PLAN DE AYALA,PLAN DE AYALA,TUXTLA,SERVICIOS DE SALUD IMSS BIENESTAR ,7,CHIAPAS,TUXTLA GUTIERREZ,TUXTLA GUTIERREZ,1,TUXTLA GUTIERREZ,DE CONSULTA EXTERNA,5,CALLE,NAYARIT,193,,7,COLONIA,PLAN DE AYALA,29020,AV.BAJA CALIFORNIA Y NAYARIT,9631596157,PRIMER NIVEL,2,URBANO,6,SIN MODIFICACION,5,OTRO,"ESTABLECIMIENTO QUE PERTENECÍA A SECRETARIA DE SALUD DEL ESTADO, SE TTRANSFIERE A SERVICIOS DE SALUD IMSS BIENESTAR.",16.7639353,-93.183346
CSIMB003021,ALBANIA (EL VALLE),ALBANIA (EL VALLE),TUXTLA,SERVICIOS DE SALUD IMSS BIENESTAR ,7,CHIAPAS,TUXTLA GUTIERREZ,TUXTLA GUTIERREZ,1,TUXTLA GUTIERREZ,DE CONSULTA EXTERNA,5,CALLE,GERANIO,SIN NÚMERO,,16,FRACCIONAMIENTO,EL VALLE,29010,GERANIO S/N FRAC. EL VALLE,9631575062,PRIMER NIVEL,2,URBANO,6,SIN MODIFICACION,5,OTRO,"ESTABLECIMIENTO QUE PERTENECÍA A SECRETARIA DE SALUD DEL ESTADO, SE TTRANSFIERE A SERVICIOS DE SALUD IMSS BIENESTAR.",16.7730009,-93.10229
CSIMB003033,PATRIA NUEVA,PATRIA NUEVA,TUXTLA,SERVICIOS DE SALUD IMSS BIENESTAR ,7,CHIAPAS,TUXTLA GUTIERREZ,TUXTLA GUTIERREZ,1,TUXTLA GUTIERREZ,DE CONSULTA EXTERNA,3,AVENIDA,CIPRES,SIN NÚMERO,,7,COLONIA,PATRIA NUEVA,29045,AV.CIPRES S/N,9631030457,PRIMER NIVEL,2,URBANO,6,SIN MODIFICACION,5,OTRO,"ESTABLECIMIENTO QUE PERTENECÍA A SECRETARIA DE SALUD DEL ESTADO, SE TTRANSFIERE A SERVICIOS DE SALUD IMSS BIENESTAR.",16.7635905,-93.0729963
CSIMB003045,TERAN,TERAN,TUXTLA,SERVICIOS DE SALUD IMSS BIENESTAR ,7,CHIAPAS,TUXTLA GUTIERREZ,TUXTLA GUTIERREZ,1,TUXTLA GUTIERREZ,DE CONSULTA EXTERNA,3,AVENIDA,CENTRAL,215,,7,COLONIA,TERAN,29050,AV. CENTRAL Y 1A. PONIENTE NO.215,9624228729,PRIMER NIVEL,2,URBANO,6,SIN MODIFICACION,5,OTRO,"ESTABLECIMIENTO QUE PERTENECÍA A SECRETARIA DE SALUD DEL ESTADO, SE TTRANSFIERE A SERVICIOS DE SALUD IMSS BIENESTAR.",16.752869,-93.1662915
CSIMB003050,COPOYA,COPOYA,TUXTLA,SERVICIOS DE SALUD IMSS BIENESTAR ,7,CHIAPAS,TUXTLA GUTIERREZ,COPOYA,1,TUXTLA GUTIERREZ,DE CONSULTA EXTERNA,3,AVENIDA,5A. SUR PONIENTE,SIN NÚMERO,,7,COLONIA,COPOYA,29100,1A. OTE. Y CALLE CENTRAL NO.116,9656976957,PRIMER NIVEL,2,URBANO,6,SIN MODIFICACION,5,OTRO,"ESTABLECIMIENTO QUE PERTENECÍA A SECRETARIA DE SALUD DEL ESTADO, SE TTRANSFIERE A SERVICIOS DE SALUD IMSS BIENESTAR.",16.7101179,-93.122695
CSIMB003062,EL JOBO,EL JOBO,TUXTLA,SERVICIOS DE SALUD IMSS BIENESTAR ,7,CHIAPAS,TUXTLA GUTIERREZ,EL JOBO,1,TUXTLA GUTIERREZ,DE CONSULTA EXTERNA,5,CALLE,PRIMERA PONIENTE,3,,7,COLONIA,EL JOBO,29100,1A. PTE. NTE. NO.1 ENTRE AV. CENTRAL Y 1A. NTE.,9611116400,PRIMER NIVEL,2,URBANO,6,SIN MODIFICACION,5,OTRO,"ESTABLECIMIENTO QUE PERTENECÍA A SECRETARIA DE SALUD DEL ESTADO, SE TTRANSFIERE A SERVICIOS DE SALUD IMSS BIENESTAR.",16.7047932,-93.10725
CSIMB003074,TUXTLA CHICO,TUXTLA CHICO,TAPACHULA,SERVICIOS DE SALUD IMSS BIENESTAR ,7,CHIAPAS,TUXTLA CHICO,TUXTLA CHICO,7,TAPACHULA,DE CONSULTA EXTERNA,5,CALLE,CENTRAL HIDALGO ORIENTE ,SIN NÚMERO,,25,PUEBLO,CLUB DE LEONES,30870,FRENTE A LA GASOLINERA,9656591289,PRIMER NIVEL,2,URBANO,6,SIN MODIFICACION,5,OTRO,"ESTABLECIMIENTO QUE PERTENECÍA A SECRETARIA DE SALUD DEL ESTADO, SE TTRANSFIERE A SERVICIOS DE SALUD IMSS BIENESTAR.",14.939111,-92.160654
CSIMB003086,C.S. PRIMERA SECCIÓN DE MEDIO MONTE,C.S. PRIMERA SECCIÓN DE MEDIO MONTE,TAPACHULA,SERVICIOS DE SALUD IMSS BIENESTAR ,7,CHIAPAS,TUXTLA CHICO,1RA. SECCION DE MEDIO MONTE,7,TAPACHULA,DE CONSULTA EXTERNA,23,CAMINO,LAS TROZAS,SIN NÚMERO,,32,SECCIÓN,1RA. SECCIÓN DE MEDIO MONTE,30870,ENTRANDO POR EMBOTELLADORA DE AGUA,9651106108,PRIMER NIVEL,1,RURAL,6,SIN MODIFICACION,5,OTRO,"ESTABLECIMIENTO QUE PERTENECÍA A SECRETARIA DE SALUD DEL ESTADO, SE TTRANSFIERE A SERVICIOS DE SALUD IMSS BIENESTAR.",14.903157,-92.204892
CSIMB003091,C.S. ISLAMAPA,C.S. ISLAMAPA,TAPACHULA,SERVICIOS DE SALUD IMSS BIENESTAR ,7,CHIAPAS,TUZANTAN,ISLAMAPA,7,TAPACHULA,DE CONSULTA EXTERNA,3,AVENIDA,MIGUEL HIDALGO,SIN NÚMERO,,13,EJIDO,ISLAMAPA,30680,A UN COSTADO DE LA ESC. PRIM. MIGUEL HIDALGO Y COSTILLA,9611094188,PRIMER NIVEL,1,RURAL,6,SIN MODIFICACION,5,OTRO,"ESTABLECIMIENTO QUE PERTENECÍA A SECRETARIA DE SALUD DEL ESTADO, SE TTRANSFIERE A SERVICIOS DE SALUD IMSS BIENESTAR.",15.068604,-92.437364
CSIMB003103,FELIPE ÁNGELES,FELIPE ÁNGELES,COMITAN,SERVICIOS DE SALUD IMSS BIENESTAR ,7,CHIAPAS,TZIMOL,FELIPE ANGELES,3,COMITÁN,DE CONSULTA EXTERNA,23,CAMINO,"SECTOR 4, MANZANA 27",SIN NÚMERO,,27,RANCHERÍA,FELIPE ANGELES,30110,NO DISPONIBLE,9613593857,PRIMER NIVEL,1,RURAL,6,SIN MODIFICACION,1,PROPIO,"ESTABLECIMIENTO QUE PERTENECÍA A SECRETARIA DE SALUD DEL ESTADO, SE TTRANSFIERE A SERVICIOS DE SALUD IMSS BIENESTAR.",16.011621,-92.22961
CSIMB003115,OCHUSJOB,OCHUSJOB,COMITAN,SERVICIOS DE SALUD IMSS BIENESTAR ,7,CHIAPAS,TZIMOL,OCHUSJOB,3,COMITÁN,DE CONSULTA EXTERNA,5,CALLE,SIN NOMBRE,SIN NÚMERO,,7,COLONIA,OCHUSJOB,30110,NO DISPONIBLE,9611176165,PRIMER NIVEL,1,RURAL,6,SIN MODIFICACION,1,PROPIO,"ESTABLECIMIENTO QUE PERTENECÍA A SECRETARIA DE SALUD DEL ESTADO, SE TTRANSFIERE A SERVICIOS DE SALUD IMSS BIENESTAR.",16.224242,-92.251418
CSIMB003120,UNIÓN JUÁREZ,UNIÓN JUÁREZ,TAPACHULA,SERVICIOS DE SALUD IMSS BIENESTAR ,7,CHIAPAS,UNION JUAREZ,UNION JUAREZ,7,TAPACHULA,DE CONSULTA EXTERNA,3,AVENIDA,VICENTE GUERRERO,SIN NÚMERO,,25,PUEBLO,UNION JUAREZ,30880,A UNA CUADRA DEL SEGURO SOCIAL,9196740076,PRIMER NIVEL,2,URBANO,6,SIN MODIFICACION,5,OTRO,"ESTABLECIMIENTO QUE PERTENECÍA A SECRETARIA DE SALUD DEL ESTADO, SE TTRANSFIERE A SERVICIOS DE SALUD IMSS BIENESTAR.",15.063052,-92.080909
CSIMB003132,VENUSTIANO CARRANZA,VENUSTIANO CARRANZA,ACALA,SERVICIOS DE SALUD IMSS BIENESTAR ,7,CHIAPAS,VENUSTIANO CARRANZA,VENUSTIANO CARRANZA,1,TUXTLA GUTIERREZ,DE CONSULTA EXTERNA,5,CALLE,SEGUNDA PONIENTE,28,,7,COLONIA,VENUSTIANO CARRANZA CENTRO,30200,2A. PONIENTE SUR NO.28,9196740109,PRIMER NIVEL,2,URBANO,6,SIN MODIFICACION,5,OTRO,"ESTABLECIMIENTO QUE PERTENECÍA A SECRETARIA DE SALUD DEL ESTADO, SE TTRANSFIERE A SERVICIOS DE SALUD IMSS BIENESTAR.",16.33941,-92.56591
CSIMB003144,GUADALUPE VICTORIA,GUADALUPE VICTORIA,ACALA,SERVICIOS DE SALUD IMSS BIENESTAR ,7,CHIAPAS,VENUSTIANO CARRANZA,GUADALUPE VICTORIA,1,TUXTLA GUTIERREZ,DE CONSULTA EXTERNA,5,CALLE,SIN NOMBRE,SIN NÚMERO,,7,COLONIA,GUADALUPE VICTORIA,30200,NO DISPONIBLE,9613643530,PRIMER NIVEL,1,RURAL,6,SIN MODIFICACION,5,OTRO,"ESTABLECIMIENTO QUE PERTENECÍA A SECRETARIA DE SALUD DEL ESTADO, SE TTRANSFIERE A SERVICIOS DE SALUD IMSS BIENESTAR.",16.4047,-92.5524
CSIMB003156,SAN FRANCISCO PUJILTIC,SAN FRANCISCO PUJILTIC,ACALA,SERVICIOS DE SALUD IMSS BIENESTAR ,7,CHIAPAS,VENUSTIANO CARRANZA,SAN FRANCISCO PUJILTIC,1,TUXTLA GUTIERREZ,DE CONSULTA EXTERNA,5,CALLE,LAZARO CARDENAS,SIN NÚMERO,,25,PUEBLO,SAN FRANCISCO PUJILTIC,30210,CALLE LÁZARO CÁRDENAS S/N,9323230594,PRIMER NIVEL,2,URBANO,6,SIN MODIFICACION,5,OTRO,"ESTABLECIMIENTO QUE PERTENECÍA A SECRETARIA DE SALUD DEL ESTADO, SE TTRANSFIERE A SERVICIOS DE SALUD IMSS BIENESTAR.",16.277816,-92.448256
CSIMB003161,LAJA TENDIDA,LAJA TENDIDA,ACALA,SERVICIOS DE SALUD IMSS BIENESTAR ,7,CHIAPAS,VENUSTIANO CARRANZA,PRESIDENTE ECHEVERRIA (LAJA TENDIDA),1,TUXTLA GUTIERREZ,DE CONSULTA EXTERNA,5,CALLE,CENTRAL,SIN NÚMERO,,7,COLONIA,PRESIDENTE ECHEVERRIA (LAJA TENDIDA),30225,CALLE CENTRAL VEGA DEL PASO S/N,9191469036,PRIMER NIVEL,2,URBANO,6,SIN MODIFICACION,5,OTRO,"ESTABLECIMIENTO QUE PERTENECÍA A SECRETARIA DE SALUD DEL ESTADO, SE TTRANSFIERE A SERVICIOS DE SALUD IMSS BIENESTAR.",16.33654,-92.6704
CSIMB003173,VILLACORZO,VILLACORZO,VILLAFLORES,SERVICIOS DE SALUD IMSS BIENESTAR ,7,CHIAPAS,VILLA CORZO,VILLA CORZO,4,VILLAFLORES,DE CONSULTA EXTERNA,5,CALLE,TERCERA PONIENTE,SIN NÚMERO,,3,BARRIO,LA CLINICA,30520,3A. PTE. S/N ENTRE 1A.SUR Y AV. CENTRAL,9331480354,PRIMER NIVEL,2,URBANO,6,SIN MODIFICACION,5,OTRO,"ESTABLECIMIENTO QUE PERTENECÍA A SECRETARIA DE SALUD DEL ESTADO, SE TTRANSFIERE A SERVICIOS DE SALUD IMSS BIENESTAR.",16.186705,-93.270961
CSIMB003185,SN. PEDRO BUENAVISTA,SN. PEDRO BUENAVISTA,VILLAFLORES,SERVICIOS DE SALUD IMSS BIENESTAR ,7,CHIAPAS,VILLA CORZO,SAN PEDRO BUENAVISTA,4,VILLAFLORES,DE CONSULTA EXTERNA,3,AVENIDA,SEXTA NORTE PONIENTE,SIN NÚMERO,,25,PUEBLO,BUENAVISTA,30523,CARR.VILLACORZO-REVOL.MEX. 6A.AV.NTE.S/N,9611018282,PRIMER NIVEL,2,URBANO,6,SIN MODIFICACION,5,OTRO,"ESTABLECIMIENTO QUE PERTENECÍA A SECRETARIA DE SALUD DEL ESTADO, SE TTRANSFIERE A SERVICIOS DE SALUD IMSS BIENESTAR.",16.13986,-93.168341
CSIMB003190,EL PARRAL,EL PARRAL,VILLAFLORES,SERVICIOS DE SALUD IMSS BIENESTAR ,7,CHIAPAS,EL PARRAL,EL PARRAL,4,VILLAFLORES,DE CONSULTA EXTERNA,3,AVENIDA,SEGUNDA PONIENTE,SIN NÚMERO,,25,PUEBLO,BUENAVISTA,30530,1A.AV. SUR Y 2A. PTE. EL PARRAL,9651052109,PRIMER NIVEL,2,URBANO,6,SIN MODIFICACION,5,OTRO,"ESTABLECIMIENTO QUE PERTENECÍA A SECRETARIA DE SALUD DEL ESTADO, SE TTRANSFIERE A SERVICIOS DE SALUD IMSS BIENESTAR.",16.365771,-93.00775
CSIMB003202,24 DE FEBRERO,24 DE FEBRERO,VILLAFLORES,SERVICIOS DE SALUD IMSS BIENESTAR ,7,CHIAPAS,VILLA CORZO,VEINTICUATRO DE FEBRERO,4,VILLAFLORES,DE CONSULTA EXTERNA,5,CALLE,SIN NOMBRE,SIN NÚMERO,,27,RANCHERÍA,24 DE FEBRERO,30524,ADJUNTO A LA CASA EJIDAL DE 24 DE FEBRERO,9616199168,PRIMER NIVEL,1,RURAL,6,SIN MODIFICACION,1,PROPIO,"ESTABLECIMIENTO QUE PERTENECÍA A SECRETARIA DE SALUD DEL ESTADO, SE TTRANSFIERE A SERVICIOS DE SALUD IMSS BIENESTAR.",16.101741,-93.360897
CSIMB003214,VILLAFLORES,VILLAFLORES,VILLAFLORES,SERVICIOS DE SALUD IMSS BIENESTAR ,7,CHIAPAS,VILLAFLORES,VILLAFLORES,4,VILLAFLORES,DE CONSULTA EXTERNA,5,CALLE,PRIMERA PONIENTE,SIN NÚMERO,,3,BARRIO,FRAYLESCANO,30479,1A.PTE. ENTRE 3A. Y 4A. SUR S/N,9661018244,PRIMER NIVEL,2,URBANO,6,SIN MODIFICACION,5,OTRO,"ESTABLECIMIENTO QUE PERTENECÍA A SECRETARIA DE SALUD DEL ESTADO, SE TTRANSFIERE A SERVICIOS DE SALUD IMSS BIENESTAR.",16.232331,-93.266926
CSIMB003226,CALZADA LARGA,CALZADA LARGA,VILLAFLORES,SERVICIOS DE SALUD IMSS BIENESTAR ,7,CHIAPAS,VILLAFLORES,CALZADA LARGA,4,VILLAFLORES,DE CONSULTA EXTERNA,5,CALLE,JAZMIN,SIN NÚMERO,,13,EJIDO,CALZADA LARGA,30474,AV. GARDENIAS S/N,9191340494,PRIMER NIVEL,1,RURAL,6,SIN MODIFICACION,5,OTRO,"ESTABLECIMIENTO QUE PERTENECÍA A SECRETARIA DE SALUD DEL ESTADO, SE TTRANSFIERE A SERVICIOS DE SALUD IMSS BIENESTAR.",16.350869,-93.315318
CSIMB003231,CRISTÓBAL OBREGÓN,CRISTÓBAL OBREGÓN,VILLAFLORES,SERVICIOS DE SALUD IMSS BIENESTAR ,7,CHIAPAS,VILLAFLORES,CRISTOBAL OBREGON,4,VILLAFLORES,DE CONSULTA EXTERNA,5,CALLE,PRIMERA PONIENTE SUR,SIN NÚMERO,,25,PUEBLO,CRISTÓBAL OBREGÓN,30495,1A. PTE. SUR S/N CENTRO,9612310401,PRIMER NIVEL,2,URBANO,6,SIN MODIFICACION,5,OTRO,"ESTABLECIMIENTO QUE PERTENECÍA A SECRETARIA DE SALUD DEL ESTADO, SE TTRANSFIERE A SERVICIOS DE SALUD IMSS BIENESTAR.",16.430606,-93.448361
CSIMB003243,DR. DOMINGO CHANONA,DR. DOMINGO CHANONA,VILLAFLORES,SERVICIOS DE SALUD IMSS BIENESTAR ,7,CHIAPAS,VILLAFLORES,DOCTOR DOMINGO CHANONA,4,VILLAFLORES,DE CONSULTA EXTERNA,24,CARRETERA,SIN NOMBRE,SIN NÚMERO,,25,PUEBLO,DR. DOMINGO CHANONA,30492,ENTRADA A LA COLONIA AL LADO DE LA SEC.,9616683781,PRIMER NIVEL,2,URBANO,6,SIN MODIFICACION,5,OTRO,"ESTABLECIMIENTO QUE PERTENECÍA A SECRETARIA DE SALUD DEL ESTADO, SE TTRANSFIERE A SERVICIOS DE SALUD IMSS BIENESTAR.",16.345447,-93.41025
CSIMB003255,JESÚS MA. GARZA,JESÚS MA. GARZA,VILLAFLORES,SERVICIOS DE SALUD IMSS BIENESTAR ,7,CHIAPAS,VILLAFLORES,JESUS MARIA GARZA,4,VILLAFLORES,DE CONSULTA EXTERNA,3,AVENIDA,SEGUNDA NORTE ORIENTE,SIN NÚMERO,,25,PUEBLO,JESUS MARIA GARZA,30484,3A. NORTE Y 3A. ORIENTE CENTRO,9611939846,PRIMER NIVEL,2,URBANO,6,SIN MODIFICACION,5,OTRO,"ESTABLECIMIENTO QUE PERTENECÍA A SECRETARIA DE SALUD DEL ESTADO, SE TTRANSFIERE A SERVICIOS DE SALUD IMSS BIENESTAR.",16.394379,-93.290826
CSIMB003260,ROBLADA GRANDE,ROBLADA GRANDE,VILLAFLORES,SERVICIOS DE SALUD IMSS BIENESTAR ,7,CHIAPAS,VILLAFLORES,ROBLADA GRANDE,4,VILLAFLORES,DE CONSULTA EXTERNA,3,AVENIDA,CENTRAL,SIN NÚMERO,,25,PUEBLO,ROBLADA GRANDE,30480,CENTRAL NORTE S/N POR LA BODEGA,9671199411,PRIMER NIVEL,1,RURAL,6,SIN MODIFICACION,5,OTRO,"ESTABLECIMIENTO QUE PERTENECÍA A SECRETARIA DE SALUD DEL ESTADO, SE TTRANSFIERE A SERVICIOS DE SALUD IMSS BIENESTAR.",16.491757,-93.194884
CSIMB003272,TIERRA Y LIBERTAD,TIERRA Y LIBERTAD,VILLAFLORES,SERVICIOS DE SALUD IMSS BIENESTAR ,7,CHIAPAS,VILLAFLORES,TIERRA Y LIBERTAD,4,VILLAFLORES,DE CONSULTA EXTERNA,5,CALLE,SIN NOMBRE,SIN NÚMERO,,25,PUEBLO,TIERRA Y LIBERTAD,30499,FRENTE AL CAMPO DE FOTBALL SOCCER,9671196029,PRIMER NIVEL,1,RURAL,6,SIN MODIFICACION,5,OTRO,"ESTABLECIMIENTO QUE PERTENECÍA A SECRETARIA DE SALUD DEL ESTADO, SE TTRANSFIERE A SERVICIOS DE SALUD IMSS BIENESTAR.",16.233548,-93.708493
CSIMB003284,YAJALÓN,YAJALÓN,YAJALON,SERVICIOS DE SALUD IMSS BIENESTAR ,7,CHIAPAS,YAJALON,YAJALON,6,PALENQUE,DE CONSULTA EXTERNA,5,CALLE,JUANA HERNANDEZ ZARCO,SIN NÚMERO,,25,PUEBLO,YAJALÓN,29930,AV. JUANA HERNANDEZ ZARCO S/N,9671152687,PRIMER NIVEL,2,URBANO,6,SIN MODIFICACION,5,OTRO,"ESTABLECIMIENTO QUE PERTENECÍA A SECRETARIA DE SALUD DEL ESTADO, SE TTRANSFIERE A SERVICIOS DE SALUD IMSS BIENESTAR.",17.1705,-92.3354
CSIMB003296,CHIQUINIVALVO,CHIQUINIVALVO,SAN CRISTOBAL DE LAS CASAS,SERVICIOS DE SALUD IMSS BIENESTAR ,7,CHIAPAS,ZINACANTAN,CHIQUINIVALVO,2,SAN CRISTÓBAL DE LAS CASAS,DE CONSULTA EXTERNA,5,CALLE,SIN NOMBRE,SIN NÚMERO,,7,COLONIA,CHIQUINIVALVO,29369,A UN COSTADO DE LA ESCUELA PRIMARIA,9612254523,PRIMER NIVEL,1,RURAL,6,SIN MODIFICACION,5,OTRO,"ESTABLECIMIENTO QUE PERTENECÍA A SECRETARIA DE SALUD DEL ESTADO, SE TTRANSFIERE A SERVICIOS DE SALUD IMSS BIENESTAR.",16.708411,-92.850654
CSIMB003301,NACHING,NACHING,SAN CRISTOBAL DE LAS CASAS,SERVICIOS DE SALUD IMSS BIENESTAR ,7,CHIAPAS,ZINACANTAN,NACHIG,2,SAN CRISTÓBAL DE LAS CASAS,DE CONSULTA EXTERNA,5,CALLE,FRANCISCO MARQUEZ,SIN NÚMERO,,25,PUEBLO,NACHIG,29353,A 300 MTS DE LA CARR.INTERNACIONAL,9671376879,PRIMER NIVEL,1,RURAL,6,SIN MODIFICACION,5,OTRO,"ESTABLECIMIENTO QUE PERTENECÍA A SECRETARIA DE SALUD DEL ESTADO, SE TTRANSFIERE A SERVICIOS DE SALUD IMSS BIENESTAR.",16.733096,-92.71464
CSIMB003313,NAVENCHAUC,NAVENCHAUC,SAN CRISTOBAL DE LAS CASAS,SERVICIOS DE SALUD IMSS BIENESTAR ,7,CHIAPAS,ZINACANTAN,NAVENCHAUC,2,SAN CRISTÓBAL DE LAS CASAS,DE CONSULTA EXTERNA,5,CALLE,PATROCINIO GONZÁLEZ garrido,SIN NÚMERO,,25,PUEBLO,NAVENCHAUC,29360,CALLE PATROCINIO GLEZ Y BELISARIO DOMI.,9671468754,PRIMER NIVEL,2,URBANO,6,SIN MODIFICACION,5,OTRO,"ESTABLECIMIENTO QUE PERTENECÍA A SECRETARIA DE SALUD DEL ESTADO, SE TTRANSFIERE A SERVICIOS DE SALUD IMSS BIENESTAR.",16.735294,-92.780363
CSIMB003325,CHILOLJÁ,CHILOLJÁ,OXCHUC,SERVICIOS DE SALUD IMSS BIENESTAR ,7,CHIAPAS,SAN JUAN CANCUC,CHILOLJA,2,SAN CRISTÓBAL DE LAS CASAS,DE CONSULTA EXTERNA,24,CARRETERA,SIN NOMBRE,SIN NÚMERO,,25,PUEBLO,CHILOLJA,29792,BARRIO LA ERMITA,9631546134,PRIMER NIVEL,1,RURAL,6,SIN MODIFICACION,5,OTRO,"ESTABLECIMIENTO QUE PERTENECÍA A SECRETARIA DE SALUD DEL ESTADO, SE TTRANSFIERE A SERVICIOS DE SALUD IMSS BIENESTAR.",16.887355,-92.42648
CSIMB003330,CHACTÉ,CHACTÉ,OXCHUC,SERVICIOS DE SALUD IMSS BIENESTAR ,7,CHIAPAS,SAN JUAN CANCUC,CHACTE,2,SAN CRISTÓBAL DE LAS CASAS,DE CONSULTA EXTERNA,22,NINGUNO,SIN NOMBRE,SIN NÚMERO,,25,PUEBLO,CHACTE,29795,FRENTE AL KINDER,9631612545,PRIMER NIVEL,1,RURAL,6,SIN MODIFICACION,5,OTRO,"ESTABLECIMIENTO QUE PERTENECÍA A SECRETARIA DE SALUD DEL ESTADO, SE TTRANSFIERE A SERVICIOS DE SALUD IMSS BIENESTAR.",16.938013,-92.349974
CSIMB003342,ONILTIC,ONILTIC,OXCHUC,SERVICIOS DE SALUD IMSS BIENESTAR ,7,CHIAPAS,SAN JUAN CANCUC,ONILTIC,2,SAN CRISTÓBAL DE LAS CASAS,DE CONSULTA EXTERNA,23,CAMINO,SIN NOMBRE,SIN NÚMERO,,27,RANCHERÍA,ONILTIC,29798,A UN COSTADO DE LA ESC. PRIMARIA,9166418422,PRIMER NIVEL,1,RURAL,6,SIN MODIFICACION,5,OTRO,"ESTABLECIMIENTO QUE PERTENECÍA A SECRETARIA DE SALUD DEL ESTADO, SE TTRANSFIERE A SERVICIOS DE SALUD IMSS BIENESTAR.",16.969723,-92.388027
CSIMB003354,ARROYO DELICIAS,ARROYO DELICIAS,PALENQUE,SERVICIOS DE SALUD IMSS BIENESTAR ,7,CHIAPAS,BENEMERITO DE LAS AMERICAS,ARROYO DELICIAS,6,PALENQUE,DE CONSULTA EXTERNA,5,CALLE,SIN NOMBRE,SIN NÚMERO,,27,RANCHERÍA,ARROYO DELICIAS,29956,A UN LADO DE LA IGLESIA ADVENTISTA,9651052109,PRIMER NIVEL,1,RURAL,6,SIN MODIFICACION,1,PROPIO,"ESTABLECIMIENTO QUE PERTENECÍA A SECRETARIA DE SALUD DEL ESTADO, SE TTRANSFIERE A SERVICIOS DE SALUD IMSS BIENESTAR.",16.116801,-90.551874
CSIMB003366,NUEVO VERACRUZ,NUEVO VERACRUZ,PALENQUE,SERVICIOS DE SALUD IMSS BIENESTAR ,7,CHIAPAS,BENEMERITO DE LAS AMERICAS,NUEVO VERACRUZ,6,PALENQUE,DE CONSULTA EXTERNA,5,CALLE,MIGUEL HIDALGO,SIN NÚMERO,,13,EJIDO,NUEVO VERACRUZ,29955,MIGUEL HIDALGO S/N,9681039813,PRIMER NIVEL,1,RURAL,6,SIN MODIFICACION,5,OTRO,"ESTABLECIMIENTO QUE PERTENECÍA A SECRETARIA DE SALUD DEL ESTADO, SE TTRANSFIERE A SERVICIOS DE SALUD IMSS BIENESTAR.",16.084912,-90.682481
CSIMB003371,QUETZALCÓALT,QUETZALCÓALT,PALENQUE,SERVICIOS DE SALUD IMSS BIENESTAR ,7,CHIAPAS,BENEMERITO DE LAS AMERICAS,QUETZALCOATL 1RA. SECCION,6,PALENQUE,DE CONSULTA EXTERNA,5,CALLE,SIN NOMBRE,SIN NÚMERO,,13,EJIDO,QUETZALCÓALT,29955,FRENTE AL CAMPO DE FUTBOL,2227701662,PRIMER NIVEL,1,RURAL,6,SIN MODIFICACION,5,OTRO,"ESTABLECIMIENTO QUE PERTENECÍA A SECRETARIA DE SALUD DEL ESTADO, SE TTRANSFIERE A SERVICIOS DE SALUD IMSS BIENESTAR.",16.148302,-90.453594
CSIMB003383,SANTA MARGARITA AGUA AZUL,SANTA MARGARITA AGUA AZUL,COMITAN,SERVICIOS DE SALUD IMSS BIENESTAR ,7,CHIAPAS,LAS MARGARITAS,SANTA MARGARITA AGUA AZUL,3,COMITÁN,DE CONSULTA EXTERNA,23,CAMINO,SECTOR 4 MANZANA 62,SIN NÚMERO,,27,RANCHERÍA,SANTA MARGARITA AGUA AZUL,30187,NO DISPONIBLE,9621090643,PRIMER NIVEL,1,RURAL,6,SIN MODIFICACION,1,PROPIO,"ESTABLECIMIENTO QUE PERTENECÍA A SECRETARIA DE SALUD DEL ESTADO, SE TTRANSFIERE A SERVICIOS DE SALUD IMSS BIENESTAR.",16.237515,-91.362252
CSIMB003395,BOCA DE CHAJUL,BOCA DE CHAJUL,PALENQUE,SERVICIOS DE SALUD IMSS BIENESTAR ,7,CHIAPAS,MARQUES DE COMILLAS,BOCA DE CHAJUL,6,PALENQUE,DE CONSULTA EXTERNA,4,BOULEVARD,SIN NOMBRE,SIN NÚMERO,,13,EJIDO,BOCA DE CHAJUL,29959,BOULEVARD S/N,9611142392,PRIMER NIVEL,1,RURAL,6,SIN MODIFICACION,5,OTRO,"ESTABLECIMIENTO QUE PERTENECÍA A SECRETARIA DE SALUD DEL ESTADO, SE TTRANSFIERE A SERVICIOS DE SALUD IMSS BIENESTAR.",16.115994,-90.925779
CSIMB003400,QUIRINGUICHARO,QUIRINGUICHARO,PALENQUE,SERVICIOS DE SALUD IMSS BIENESTAR ,7,CHIAPAS,MARQUES DE COMILLAS,QUIRINGUICHARO,6,PALENQUE,DE CONSULTA EXTERNA,4,BOULEVARD,SIN NOMBRE,SIN NÚMERO,,25,PUEBLO,QUIRINGUICHARO,29957,FRENTE A AL CANCHA DEPORTIVA,9191406049,PRIMER NIVEL,1,RURAL,6,SIN MODIFICACION,5,OTRO,"ESTABLECIMIENTO QUE PERTENECÍA A SECRETARIA DE SALUD DEL ESTADO, SE TTRANSFIERE A SERVICIOS DE SALUD IMSS BIENESTAR.",16.425458,-90.710082
CSIMB003412,LAGUNA DEL COFRE,LAGUNA DEL COFRE,VILLAFLORES,SERVICIOS DE SALUD IMSS BIENESTAR ,7,CHIAPAS,MONTECRISTO DE GUERRERO,LAGUNA DEL COFRE,4,VILLAFLORES,DE CONSULTA EXTERNA,5,CALLE,SIN NOMBRE,SIN NÚMERO,,7,COLONIA,LAGUNA DEL COFRE,30382,CONOCIDO A UN LADO DE LA ANTIGUA CASA DE SALUD,9211157187,PRIMER NIVEL,1,RURAL,6,SIN MODIFICACION,5,OTRO,"ESTABLECIMIENTO QUE PERTENECÍA A SECRETARIA DE SALUD DEL ESTADO, SE TTRANSFIERE A SERVICIOS DE SALUD IMSS BIENESTAR.",15.626955,-92.64067
CSIMB003424,SAN NICOLÁS PLAN DE AYUTLA,SAN NICOLÁS PLAN DE AYUTLA,VILLAFLORES,SERVICIOS DE SALUD IMSS BIENESTAR ,7,CHIAPAS,MONTECRISTO DE GUERRERO,SAN NICOLAS PLAN DE AYUTLA,4,VILLAFLORES,DE CONSULTA EXTERNA,5,CALLE,SIN NOMBRE,SIN NÚMERO,,13,EJIDO,SAN NICOLAS PLAN DE AYUTLA,30389,UN LADO DE LA TIENDA CONASUPO L.NTE. COL,9612020883,PRIMER NIVEL,1,RURAL,6,SIN MODIFICACION,5,OTRO,"ESTABLECIMIENTO QUE PERTENECÍA A SECRETARIA DE SALUD DEL ESTADO, SE TTRANSFIERE A SERVICIOS DE SALUD IMSS BIENESTAR.",15.719692,-92.606753
CSIMB003436,PEDREGAL SAN ÁNGEL,PEDREGAL SAN ÁNGEL,ACALA,SERVICIOS DE SALUD IMSS BIENESTAR ,7,CHIAPAS,CHIAPA DE CORZO,CHIAPA DE CORZO,1,TUXTLA GUTIERREZ,DE CONSULTA EXTERNA,3,AVENIDA,"6 SUR, MANZANA 28",SIN NÚMERO,,7,COLONIA,PEDREGAL SAN ANGEL,29163,"CONOCIDO, MZ. 28 S/N",9611224404,PRIMER NIVEL,2,URBANO,6,SIN MODIFICACION,5,OTRO,"ESTABLECIMIENTO QUE PERTENECÍA A SECRETARIA DE SALUD DEL ESTADO, SE TTRANSFIERE A SERVICIOS DE SALUD IMSS BIENESTAR.",16.7417051,-93.043966
CSIMB003441,EMILIANO ZAPATA,EMILIANO ZAPATA,CINTALAPA,SERVICIOS DE SALUD IMSS BIENESTAR ,7,CHIAPAS,JIQUIPILAS,JIQUIPILAS,1,TUXTLA GUTIERREZ,DE CONSULTA EXTERNA,5,CALLE,SIN NOMBRE,SIN NÚMERO,,13,EJIDO,EMILIANO ZAPATA,30430,POR EL DESVIO A LÓPEZ MATEO,9616552982,PRIMER NIVEL,2,URBANO,6,SIN MODIFICACION,5,OTRO,"ESTABLECIMIENTO QUE PERTENECÍA A SECRETARIA DE SALUD DEL ESTADO, SE TTRANSFIERE A SERVICIOS DE SALUD IMSS BIENESTAR.",16.866103,-93.685744
CSIMB003453,BASHEQUÉM,BASHEQUÉM,CHAMULA,SERVICIOS DE SALUD IMSS BIENESTAR ,7,CHIAPAS,CHAMULA,BASHEQUEN,2,SAN CRISTÓBAL DE LAS CASAS,DE CONSULTA EXTERNA,22,NINGUNO,SIN NOMBRE,SIN NÚMERO,,25,PUEBLO,BASHEQUEN,29335,FRENTE A LA ESCUELA PRIMARIA,9671287104,PRIMER NIVEL,1,RURAL,6,SIN MODIFICACION,5,OTRO,"ESTABLECIMIENTO QUE PERTENECÍA A SECRETARIA DE SALUD DEL ESTADO, SE TTRANSFIERE A SERVICIOS DE SALUD IMSS BIENESTAR.",16.884946,-92.608911
CSIMB003465,CHAONIL,CHAONIL,OXCHUC,SERVICIOS DE SALUD IMSS BIENESTAR ,7,CHIAPAS,OXCHUC,CHAONIL,2,SAN CRISTÓBAL DE LAS CASAS,DE CONSULTA EXTERNA,23,CAMINO,SIN NOMBRE,SIN NÚMERO,,25,PUEBLO,CHAONIL,29460,AUN COSTADO DE LA ESCUELA,9612702255,PRIMER NIVEL,1,RURAL,6,SIN MODIFICACION,5,OTRO,"ESTABLECIMIENTO QUE PERTENECÍA A SECRETARIA DE SALUD DEL ESTADO, SE TTRANSFIERE A SERVICIOS DE SALUD IMSS BIENESTAR.",16.804857,-92.275504
CSIMB003470,LELENCHIG,LELENCHIG,OXCHUC,SERVICIOS DE SALUD IMSS BIENESTAR ,7,CHIAPAS,OXCHUC,LELENCHIJ,2,SAN CRISTÓBAL DE LAS CASAS,DE CONSULTA EXTERNA,23,CAMINO,TENEJAPA - OXCHUC,SIN NÚMERO,,25,PUEBLO,LELENCHIJ,29450,FRENTE DE LA ESCUELA,9163480916,PRIMER NIVEL,1,RURAL,6,SIN MODIFICACION,5,OTRO,"ESTABLECIMIENTO QUE PERTENECÍA A SECRETARIA DE SALUD DEL ESTADO, SE TTRANSFIERE A SERVICIOS DE SALUD IMSS BIENESTAR.",16.839089,-92.411267
CSIMB003482,TIEMOPA,TIEMOPA,PALENQUE,SERVICIOS DE SALUD IMSS BIENESTAR ,7,CHIAPAS,SALTO DE AGUA,TIEMOPA,6,PALENQUE,DE CONSULTA EXTERNA,5,CALLE,SIN NOMBRE,SIN NÚMERO,,13,EJIDO,TIEMOPA,29900,A LADO DE LA ESCUELA SECUNDARIA,9671107488,PRIMER NIVEL,1,RURAL,6,SIN MODIFICACION,5,OTRO,"ESTABLECIMIENTO QUE PERTENECÍA A SECRETARIA DE SALUD DEL ESTADO, SE TTRANSFIERE A SERVICIOS DE SALUD IMSS BIENESTAR.",17.4244,-92.197
CSIMB003494,SAN QUINTÍN,SAN QUINTÍN,OCOSINGO,SERVICIOS DE SALUD IMSS BIENESTAR ,7,CHIAPAS,OCOSINGO,SAN QUINTIN,9,OCOSINGO,DE CONSULTA EXTERNA,22,NINGUNO,SIN NOMBRE,SIN NÚMERO,,18,HACIENDA,SAN QUINTIN,29954,SAN QUINTÍN,9162444490,PRIMER NIVEL,1,RURAL,6,SIN MODIFICACION,4,IRREGULAR,"ESTABLECIMIENTO QUE PERTENECÍA A SECRETARIA DE SALUD DEL ESTADO, SE TTRANSFIERE A SERVICIOS DE SALUD IMSS BIENESTAR.",16.404638,-91.350761
CSIMB003506,HOSPITAL REGIONAL DE ALTA ESPECIALIDAD CIUDAD SALUD,HOSPITAL REGIONAL DE ALTA ESPECIALIDAD CIUDAD SALUD,TAPACHULA,SERVICIOS DE SALUD IMSS BIENESTAR ,7,CHIAPAS,TAPACHULA,TAPACHULA DE CORDOVA Y ORDOÑEZ,7,TAPACHULA,DE HOSPITALIZACIÓN,24,CARRETERA,TAPACHULA - PUERTO MADERO ,SIN NÚMERO,,7,COLONIA,LOS TOROS,30830,"CARRETERA TAPACHULA - PUERTO MADERO KM. 15 + 200, TAPACHULA DE CÓRDOVA Y ORDOÑEZ, COL. LOS TOROS",9626201100,TERCER NIVEL,2,URBANO,6,SIN MODIFICACION,1,PROPIO,"ESTABLECIMIENTO QUE PERTENECÍA A SECRETARIA DE SALUD DEL ESTADO, SE TTRANSFIERE A SERVICIOS DE SALUD IMSS BIENESTAR.",15.351201,-92.548768
CSIMB003511,HOSPITAL DE ESPECIALIDADES PEDIÁTRICAS,HOSPITAL DE ESPECIALIDADES PEDIÁTRICAS,TUXTLA,SERVICIOS DE SALUD IMSS BIENESTAR ,7,CHIAPAS,TUXTLA GUTIERREZ,TUXTLA GUTIERREZ,1,TUXTLA GUTIERREZ,DE HOSPITALIZACIÓN,4,BOULEVARD,SS JUAN PABLO II,SIN NÚMERO,,7,COLONIA,CASTILLO TIELMANS,29070,BLVD. JUAN PABLO II COLONIA JOSE CASTILLO TIELEMANS SIN NUMERO ,9616170700,TERCER NIVEL,2,URBANO,6,SIN MODIFICACION,1,PROPIO,"ESTABLECIMIENTO QUE PERTENECÍA A SECRETARIA DE SALUD DEL ESTADO, SE TTRANSFIERE A SERVICIOS DE SALUD IMSS BIENESTAR.",16.750663,-93.078047
CSIMB003523,TS´AKIBILJOK,TS´AKIBILJOK,SAN CRISTOBAL DE LAS CASAS,SERVICIOS DE SALUD IMSS BIENESTAR ,7,CHIAPAS,TENEJAPA,TZ'AQUIVILJOK,2,SAN CRISTÓBAL DE LAS CASAS,DE CONSULTA EXTERNA,23,CAMINO,SIN NOMBRE,SIN NÚMERO,,25,PUEBLO,TZAQUIVILJOK,29489,NO DISPONIBLE,9361151034,PRIMER NIVEL,1,RURAL,6,SIN MODIFICACION,5,OTRO,"ESTABLECIMIENTO QUE PERTENECÍA A SECRETARIA DE SALUD DEL ESTADO, SE TTRANSFIERE A SERVICIOS DE SALUD IMSS BIENESTAR.",16.854884,-92.458335
CSIMB003535,CALLEJÓN,CALLEJÓN,CHAMULA,SERVICIOS DE SALUD IMSS BIENESTAR ,7,CHIAPAS,CHAMULA,CALLEJON,2,SAN CRISTÓBAL DE LAS CASAS,DE CONSULTA EXTERNA,24,CARRETERA,LARRAINZAR KM. 25,SIN NÚMERO,,7,COLONIA,EL CALLEJON,29336,NO DISPONIBLE,9671481850,PRIMER NIVEL,1,RURAL,6,SIN MODIFICACION,5,OTRO,"ESTABLECIMIENTO QUE PERTENECÍA A SECRETARIA DE SALUD DEL ESTADO, SE TTRANSFIERE A SERVICIOS DE SALUD IMSS BIENESTAR.",16.870913,-92.712424
CSIMB003540,NUEVA PALESTINA,NUEVA PALESTINA,ACALA,SERVICIOS DE SALUD IMSS BIENESTAR ,7,CHIAPAS,CHIAPA DE CORZO,NUEVA PALESTINA (NANDAYACUTI),1,TUXTLA GUTIERREZ,DE CONSULTA EXTERNA,5,CALLE,SIN NOMBRE,SIN NÚMERO,,7,COLONIA,NUEVA PALESTINA,29160,NO DISPONIBLE,9612027653,PRIMER NIVEL,1,RURAL,6,SIN MODIFICACION,5,OTRO,"ESTABLECIMIENTO QUE PERTENECÍA A SECRETARIA DE SALUD DEL ESTADO, SE TTRANSFIERE A SERVICIOS DE SALUD IMSS BIENESTAR.",16.66341,-92.974
CSIMB003552,FRANCISCO SARABIA,FRANCISCO SARABIA,ACALA,SERVICIOS DE SALUD IMSS BIENESTAR ,7,CHIAPAS,CHIAPA DE CORZO,FRANCISCO SARABIA,1,TUXTLA GUTIERREZ,DE CONSULTA EXTERNA,5,CALLE,2DA ORIENTE NORTE,35,,7,COLONIA,FRANCISCO SARABIA,29160,NO DISPONIBLE,9611788819,PRIMER NIVEL,1,RURAL,6,SIN MODIFICACION,5,OTRO,"ESTABLECIMIENTO QUE PERTENECÍA A SECRETARIA DE SALUD DEL ESTADO, SE TTRANSFIERE A SERVICIOS DE SALUD IMSS BIENESTAR.",16.556067,-93.005747
CSIMB003564,UNIÓN AGRARISTA,UNIÓN AGRARISTA,CINTALAPA,SERVICIOS DE SALUD IMSS BIENESTAR ,7,CHIAPAS,JIQUIPILAS,UNION AGRARISTA,1,TUXTLA GUTIERREZ,DE CONSULTA EXTERNA,22,NINGUNO,SIN NOMBRE,SIN NÚMERO,,7,COLONIA,UNION AGRARISTA,30446,NO DISPONIBLE,9611753596,PRIMER NIVEL,1,RURAL,6,SIN MODIFICACION,5,OTRO,"ESTABLECIMIENTO QUE PERTENECÍA A SECRETARIA DE SALUD DEL ESTADO, SE TTRANSFIERE A SERVICIOS DE SALUD IMSS BIENESTAR.",16.477195,-93.679676
CSIMB003576,CHIAPILLA,CHIAPILLA,ACALA,SERVICIOS DE SALUD IMSS BIENESTAR ,7,CHIAPAS,CHIAPILLA,CHIAPILLA,1,TUXTLA GUTIERREZ,DE CONSULTA EXTERNA,3,AVENIDA,BELISARIO DOMINGUEZ,SIN NÚMERO,,3,BARRIO,GUADALUPE,29390,NO DISPONIBLE,9191467264,PRIMER NIVEL,2,URBANO,6,SIN MODIFICACION,5,OTRO,"ESTABLECIMIENTO QUE PERTENECÍA A SECRETARIA DE SALUD DEL ESTADO, SE TTRANSFIERE A SERVICIOS DE SALUD IMSS BIENESTAR.",16.5775778,-92.7147468
CSIMB003581,IGNACIO ZARAGOZA,IGNACIO ZARAGOZA,TUXTLA,SERVICIOS DE SALUD IMSS BIENESTAR ,7,CHIAPAS,OCOZOCOAUTLA DE ESPINOSA,IGNACIO ZARAGOZA (EL MORRO),1,TUXTLA GUTIERREZ,DE CONSULTA EXTERNA,5,CALLE,SIN NOMBRE,SIN NÚMERO,,7,COLONIA,IGNACIO ZARAGOZA (EL MORRO),29140,NO DISPONIBLE,9671391548,PRIMER NIVEL,1,RURAL,6,SIN MODIFICACION,5,OTRO,"ESTABLECIMIENTO QUE PERTENECÍA A SECRETARIA DE SALUD DEL ESTADO, SE TTRANSFIERE A SERVICIOS DE SALUD IMSS BIENESTAR.",16.599083,-93.35168
CSIMB003593,VICENTE GUERRERO,VICENTE GUERRERO,CINTALAPA,SERVICIOS DE SALUD IMSS BIENESTAR ,7,CHIAPAS,JIQUIPILAS,VICENTE GUERRERO,1,TUXTLA GUTIERREZ,DE CONSULTA EXTERNA,5,CALLE,1A PONIENTE SUR,SIN NÚMERO,,7,COLONIA,VICENTE GUERRERO,30430,NO DISPONIBLE,9671420988,PRIMER NIVEL,1,RURAL,6,SIN MODIFICACION,5,OTRO,"ESTABLECIMIENTO QUE PERTENECÍA A SECRETARIA DE SALUD DEL ESTADO, SE TTRANSFIERE A SERVICIOS DE SALUD IMSS BIENESTAR.",16.661362,-93.580729
CSIMB003605,UNIDAD DE ATENCIÓN A LA SALUD MENTAL SAN AGUSTÍN,UNIDAD DE ATENCIÓN A LA SALUD MENTAL SAN AGUSTÍN,TUXTLA,SERVICIOS DE SALUD IMSS BIENESTAR ,7,CHIAPAS,TUXTLA GUTIERREZ,EL JOBO,1,TUXTLA GUTIERREZ,DE HOSPITALIZACIÓN,24,CARRETERA,tuxtla-villaflores km. 8.5,SIN NÚMERO,,7,COLONIA,SIN NOMBRE,29100,KM. 8.5 CARRETERA TUXTLA-VILLAFLORES (POBLADO EL JOBO),9621038250,SEGUNDO NIVEL,2,URBANO,6,SIN MODIFICACION,1,PROPIO,"ESTABLECIMIENTO QUE PERTENECÍA A SECRETARIA DE SALUD DEL ESTADO, SE TTRANSFIERE A SERVICIOS DE SALUD IMSS BIENESTAR.",16.682003,-93.103124
CSIMB003610,CENTRO DE SALUD URBANO DE TONALÁ,CENTRO DE SALUD URBANO DE TONALÁ,TONALA,SERVICIOS DE SALUD IMSS BIENESTAR ,7,CHIAPAS,TONALA,TONALA,8,TONALÁ,DE CONSULTA EXTERNA,3,AVENIDA,GALEANA,SIN NÚMERO,,7,COLONIA,SAN MIGUEL,30500,ENTRE CALLE GUERRERO Y CALLE GIRASOLES,9611815776,PRIMER NIVEL,2,URBANO,2,SUSTITUCION DE OBRA,1,PROPIO,"ESTABLECIMIENTO QUE PERTENECÍA A SECRETARIA DE SALUD DEL ESTADO, SE TTRANSFIERE A SERVICIOS DE SALUD IMSS BIENESTAR.",16.0921931,-93.7691489
CSIMB003622,HOSPITAL GENERAL DE REFORMA,HOSPITAL GENERAL DE REFORMA,PICHUCALCO,SERVICIOS DE SALUD IMSS BIENESTAR ,7,CHIAPAS,REFORMA,REFORMA,5,PICHUCALCO,DE HOSPITALIZACIÓN,4,BOULEVARD,JOAQUÍN MIGUEL GUTIÉRREZ,SIN NÚMERO,,7,COLONIA,LUIS DONALDO COLOSIO,29500,,9612143108,SEGUNDO NIVEL,2,URBANO,6,SIN MODIFICACION,1,PROPIO,"ESTABLECIMIENTO QUE PERTENECÍA A SECRETARIA DE SALUD DEL ESTADO, SE TTRANSFIERE A SERVICIOS DE SALUD IMSS BIENESTAR.",17.853378,-93.157189
CSIMB003634,CENTRO DE SALUD CINTALAPA,CENTRO DE SALUD CIUDAD DE CINTALAPA,CINTALAPA,SERVICIOS DE SALUD IMSS BIENESTAR ,7,CHIAPAS,CINTALAPA DE FIGUEROA,CINTALAPA DE FIGUEROA,1,TUXTLA GUTIERREZ,DE CONSULTA EXTERNA,24,CARRETERA,PANAMERICANA KM 1005,SIN NÚMERO,,5,CIUDAD,ABSALON CASTELLANOS,30400,,9613320949,PRIMER NIVEL,2,URBANO,6,SIN MODIFICACION,1,PROPIO,"ESTABLECIMIENTO QUE PERTENECÍA A SECRETARIA DE SALUD DEL ESTADO, SE TTRANSFIERE A SERVICIOS DE SALUD IMSS BIENESTAR.",16.6751615,-93.737113
CSIMB003646,"HOSPITAL BÁSICO COMUNITARIO 12 CAMAS ""BERRIOZABAL""","HOSPITAL BÁSICO COMUNITARIO 12 CAMAS ""BERRIOZABAL""",TUXTLA,SERVICIOS DE SALUD IMSS BIENESTAR ,7,CHIAPAS,BERRIOZABAL,BERRIOZABAL,1,TUXTLA GUTIERREZ,DE HOSPITALIZACIÓN,5,CALLE,12A. PONIENTE NORTE,867,,3,BARRIO,PÉNJAMO,29130,,9611748875,SEGUNDO NIVEL,2,URBANO,1,OBRA NUEVA,1,PROPIO,"ESTABLECIMIENTO QUE PERTENECÍA A SECRETARIA DE SALUD DEL ESTADO, SE TTRANSFIERE A SERVICIOS DE SALUD IMSS BIENESTAR.",16.807813,-93.279999
CSIMB003651,"CENTRO DE SALUD TUXTLA GUTIERREZ, CHIAPAS","CENTRO DE SALUD TUXTLA GUTIERREZ, CHIAPAS",TUXTLA,SERVICIOS DE SALUD IMSS BIENESTAR ,7,CHIAPAS,TUXTLA GUTIERREZ,TUXTLA GUTIERREZ,1,TUXTLA GUTIERREZ,DE CONSULTA EXTERNA,4,BOULEVARD,LAS TORRES,5019,,7,COLONIA,LAS TORRES,29045,"LIBRAMIENTO NORTE, ESQUINA CON BLVD LAS TORRES",9926870278,PRIMER NIVEL,2,URBANO,6,SIN MODIFICACION,1,PROPIO,"ESTABLECIMIENTO QUE PERTENECÍA A SECRETARIA DE SALUD DEL ESTADO, SE TTRANSFIERE A SERVICIOS DE SALUD IMSS BIENESTAR.",16.746977,-93.072583
CSIMB003663,CENTRO DE SALUD JALTENANGO DE LA PAZ,CENTRO DE SALUD JALTENANGO DE LA PAZ,VILLAFLORES,SERVICIOS DE SALUD IMSS BIENESTAR ,7,CHIAPAS,ANGEL ALBINO CORZO,JALTENANGO DE LA PAZ (ANGEL ALBINO CORZO),4,VILLAFLORES,DE CONSULTA EXTERNA,5,CALLE,CUARTA ORIENTE NORTE,SIN NÚMERO,,3,BARRIO,JALTENANGO DE LA PAZ CENTRO,30370,A UN LADO DEL ALBERGUE Y ATRÁS DEL H.B.C. ÁNGEL ALBINO CORZO,9611247407,PRIMER NIVEL,2,URBANO,1,OBRA NUEVA,1,PROPIO,"ESTABLECIMIENTO QUE PERTENECÍA A SECRETARIA DE SALUD DEL ESTADO, SE TTRANSFIERE A SERVICIOS DE SALUD IMSS BIENESTAR.",15.872811,-92.717821
CSIMB003675,"HOSPITAL GENERAL YAJALÓN ""DR. JOSE MANUEL VELASCO SILES""","HOSPITAL GENERAL YAJALÓN ""DR. JOSE MANUEL VELASCO SILES""",YAJALON,SERVICIOS DE SALUD IMSS BIENESTAR ,7,CHIAPAS,YAJALON,YAJALON,6,PALENQUE,DE HOSPITALIZACIÓN,5,CALLE,CHITALTIC,SIN NÚMERO,,3,BARRIO,EL CAMPO,29930,,9616687094,SEGUNDO NIVEL,2,URBANO,2,SUSTITUCION DE OBRA,1,PROPIO,"ESTABLECIMIENTO QUE PERTENECÍA A SECRETARIA DE SALUD DEL ESTADO, SE TTRANSFIERE A SERVICIOS DE SALUD IMSS BIENESTAR.",17.178397,-92.33807
CSIMB003680,HOSPITAL GENERAL TAPACHULA,HOSPITAL GENERAL DE TAPACHULA,TAPACHULA,SERVICIOS DE SALUD IMSS BIENESTAR ,7,CHIAPAS,TAPACHULA,TAPACHULA DE CORDOVA Y ORDOÑEZ,7,TAPACHULA,DE HOSPITALIZACIÓN,24,CARRETERA,KM 10.5 DE LA CARRETERA FEDERAL TAPACHULA- PUERTO MADERO,SIN NÚMERO,,16,FRACCIONAMIENTO,SANTA TERESA,30825,,9621392052,SEGUNDO NIVEL,2,URBANO,2,SUSTITUCION DE OBRA,1,PROPIO,"ESTABLECIMIENTO QUE PERTENECÍA A SECRETARIA DE SALUD DEL ESTADO, SE TTRANSFIERE A SERVICIOS DE SALUD IMSS BIENESTAR.",14.8425185,-92.3183761
CSIMB003692,HOSPITAL BASICO COMUNITARIO SIMOJOVEL,HOSPITAL BASICO COMUNITARIO SIMOJOVEL,SIMOJOVEL,SERVICIOS DE SALUD IMSS BIENESTAR ,7,CHIAPAS,SIMOJOVEL,SIMOJOVEL DE ALLENDE,5,PICHUCALCO,DE HOSPITALIZACIÓN,5,CALLE,MIGUEL HIDALGO,SIN NÚMERO,,7,COLONIA,24 DE FEBRERO,29820,,9211783952,SEGUNDO NIVEL,2,URBANO,1,OBRA NUEVA,1,PROPIO,"ESTABLECIMIENTO QUE PERTENECÍA A SECRETARIA DE SALUD DEL ESTADO, SE TTRANSFIERE A SERVICIOS DE SALUD IMSS BIENESTAR.",17.134392,-92.719602
CSIMB003704,HOSPITAL BÁSICO COMUNITARIO LAS ROSAS,HOSPITAL BÁSICO COMUNITARIO LAS ROSAS,COMITAN,SERVICIOS DE SALUD IMSS BIENESTAR ,7,CHIAPAS,LAS ROSAS,LAS ROSAS,2,SAN CRISTÓBAL DE LAS CASAS,DE HOSPITALIZACIÓN,24,CARRETERA,PUJILTIC- TEOPISCA,SIN NÚMERO,,3,BARRIO,SAN JOSÉ,30352,,9615792138,SEGUNDO NIVEL,2,URBANO,1,OBRA NUEVA,1,PROPIO,"ESTABLECIMIENTO QUE PERTENECÍA A SECRETARIA DE SALUD DEL ESTADO, SE TTRANSFIERE A SERVICIOS DE SALUD IMSS BIENESTAR.",16.365531,-92.377345
CSIMB003716,HOSPITAL BASICO COMUNITARIO DE CHIAPA DE CORZO,HOSPITAL BASICO COMUNITARIO DE CHIAPA DE CORZO,ACALA,SERVICIOS DE SALUD IMSS BIENESTAR ,7,CHIAPAS,CHIAPA DE CORZO,CHIAPA DE CORZO,1,TUXTLA GUTIERREZ,DE HOSPITALIZACIÓN,5,CALLE,FLOR DE NIPE,161,,7,COLONIA,ANGEL ALBINO CORZO,29160,,9612698669,SEGUNDO NIVEL,2,URBANO,1,OBRA NUEVA,1,PROPIO,"ESTABLECIMIENTO QUE PERTENECÍA A SECRETARIA DE SALUD DEL ESTADO, SE TTRANSFIERE A SERVICIOS DE SALUD IMSS BIENESTAR.",16.720225,-93.012051
CSIMB003721,CENTRO DE SALUD LA PIMIENTA,CENTRO DE SALUD LA PIMIENTA,SIMOJOVEL,SERVICIOS DE SALUD IMSS BIENESTAR ,7,CHIAPAS,SIMOJOVEL,LA PIMIENTA,5,PICHUCALCO,DE CONSULTA EXTERNA,5,CALLE,SIN NOMBRE,SIN NÚMERO,,3,BARRIO,CENTRO,29824,,9931062418,PRIMER NIVEL,1,RURAL,5,OTRA,5,OTRO,"ESTABLECIMIENTO QUE PERTENECÍA A SECRETARIA DE SALUD DEL ESTADO, SE TTRANSFIERE A SERVICIOS DE SALUD IMSS BIENESTAR.",17.141822,-92.762998
CSIMB003733,"CENTRO DE SALUD CON SERVICIOS AMPLIADOS DR MANUEL VELASCO SUAREZ, NICOLAS RUIZ, CHIAPAS","CENTRO DE SALUD CON SERVICIOS AMPLIADOS DR MANUEL VELASCO SUAREZ, NICOLAS RUIZ, CHIAPAS",ACALA,SERVICIOS DE SALUD IMSS BIENESTAR ,7,CHIAPAS,NICOLAS RUIZ,NICOLAS RUIZ,1,TUXTLA GUTIERREZ,DE CONSULTA EXTERNA,4,BOULEVARD,NICOLAS RUIZ,16,,25,PUEBLO,NICOLAS RUIZ,30340,,9613595856,PRIMER NIVEL,2,URBANO,1,OBRA NUEVA,1,PROPIO,"ESTABLECIMIENTO QUE PERTENECÍA A SECRETARIA DE SALUD DEL ESTADO, SE TTRANSFIERE A SERVICIOS DE SALUD IMSS BIENESTAR.",16.4339471,-92.584672
CSIMB003745,SABANILLA,SABANILLA,YAJALON,SERVICIOS DE SALUD IMSS BIENESTAR ,7,CHIAPAS,SABANILLA,SABANILLA,6,PALENQUE,DE CONSULTA EXTERNA,3,AVENIDA,CENTRAL PONIENTE,SIN NÚMERO,,3,BARRIO,SANTA ROSA,29800,,9931047777,PRIMER NIVEL,2,URBANO,2,SUSTITUCION DE OBRA,1,PROPIO,"ESTABLECIMIENTO QUE PERTENECÍA A SECRETARIA DE SALUD DEL ESTADO, SE TTRANSFIERE A SERVICIOS DE SALUD IMSS BIENESTAR.",17.28598,-92.553901
CSIMB003750,"CENTRO DE SALUD CON SERVICIOS AMPLIADOS DR. MANUEL VELASCO SUAREZ, TUMBALA, CHIAPAS","CENTRO DE SALUD CON SERVICIOS AMPLIADOS DR. MANUEL VELASCO SUAREZ, TUMBALA, CHIAPAS",YAJALON,SERVICIOS DE SALUD IMSS BIENESTAR ,7,CHIAPAS,TUMBALA,TUMBALA,6,PALENQUE,DE CONSULTA EXTERNA,5,CALLE,2DA PONIENTE NORTE,SIN NÚMERO,,3,BARRIO,MAGISTERIAL,29921,,9611219061,PRIMER NIVEL,2,URBANO,2,SUSTITUCION DE OBRA,1,PROPIO,"ESTABLECIMIENTO QUE PERTENECÍA A SECRETARIA DE SALUD DEL ESTADO, SE TTRANSFIERE A SERVICIOS DE SALUD IMSS BIENESTAR.",17.2818925,-92.316772
CSIMB003762,"CENTRO DE SALUD CON SERVICIOS AMPLIADOS JITOTOL, CHIAPAS","CENTRO DE SALUD CON SERVICIOS AMPLIADOS JITOTOL, CHIAPAS",SIMOJOVEL,SERVICIOS DE SALUD IMSS BIENESTAR ,7,CHIAPAS,JITOTOL,JITOTOL,5,PICHUCALCO,DE CONSULTA EXTERNA,3,AVENIDA,TERCERA NORTE PONIENTE,SIN NÚMERO,,3,BARRIO,EL ROSARIO,29760,,9671155263,PRIMER NIVEL,2,URBANO,1,OBRA NUEVA,1,PROPIO,"ESTABLECIMIENTO QUE PERTENECÍA A SECRETARIA DE SALUD DEL ESTADO, SE TTRANSFIERE A SERVICIOS DE SALUD IMSS BIENESTAR.",17.070182,-92.863708
CSIMB003774,CENTRO DE SALUD CON SERVICIOS AMPLIADOS CACAHOATAN “DR MANUEL VELASCO SUAREZ”,CENTRO DE SALUD CON SERVICIOS AMPLIADOS CACAHOATAN “DR MANUEL VELASCO SUAREZ”,TAPACHULA,SERVICIOS DE SALUD IMSS BIENESTAR ,7,CHIAPAS,CACAHOATAN,CACAHOATAN,7,TAPACHULA,DE CONSULTA EXTERNA,19,PROLONGACIÓN,7A. NORTE,SIN NÚMERO,,16,FRACCIONAMIENTO,LA GLORIA,30890,A UN COSTADO DE LAS CANCHAS DE FUTBOL DELA UNIDAD DEPORTIVA,9161006695,PRIMER NIVEL,2,URBANO,2,SUSTITUCION DE OBRA,1,PROPIO,"ESTABLECIMIENTO QUE PERTENECÍA A SECRETARIA DE SALUD DEL ESTADO, SE TTRANSFIERE A SERVICIOS DE SALUD IMSS BIENESTAR.",14.998848,-92.160528
CSIMB003786,CENTRO DE SALUD CON SERVICIOS AMPLIADOS CHICOMUSELO,CENTRO DE SALUD CON SERVICIOS AMPLIADOS CHICOMUSELO,EL PORVENIR,SERVICIOS DE SALUD IMSS BIENESTAR ,7,CHIAPAS,CHICOMUSELO,CHICOMUSELO,3,COMITÁN,DE CONSULTA EXTERNA,5,CALLE,LOS ARBOLITOS,SIN NÚMERO,,3,BARRIO,SANTA CECILIA,30120,,9612990477,PRIMER NIVEL,2,URBANO,2,SUSTITUCION DE OBRA,1,PROPIO,"ESTABLECIMIENTO QUE PERTENECÍA A SECRETARIA DE SALUD DEL ESTADO, SE TTRANSFIERE A SERVICIOS DE SALUD IMSS BIENESTAR.",15.743885,-92.283476
CSIMB003791,"CENTRO DE SALUD CON SERVICIOS AMPLIADOS HUITIUPAN, CHIAPAS","CENTRO DE SALUD CON SERVICIOS AMPLIADOS HUITIUPAN, CHIAPAS",SIMOJOVEL,SERVICIOS DE SALUD IMSS BIENESTAR ,7,CHIAPAS,HUITIUPAN,HUITIUPAN,5,PICHUCALCO,DE CONSULTA EXTERNA,24,CARRETERA,SALIDA A AMATAN,SIN NÚMERO,,3,BARRIO,LAS PALMAS,29710,,9646423804,PRIMER NIVEL,2,URBANO,1,OBRA NUEVA,1,PROPIO,"ESTABLECIMIENTO QUE PERTENECÍA A SECRETARIA DE SALUD DEL ESTADO, SE TTRANSFIERE A SERVICIOS DE SALUD IMSS BIENESTAR.",17.174342,-92.680541
CSIMB003803,"CENTRO DE SALUD CON SERVICIOS AMPLIADOS OCOTEPEC ""DR MANUEL VELASCO SUAREZ""","CENTRO DE SALUD CON SERVICIOS AMPLIADOS OCOTEPEC ""DR MANUEL VELASCO SUAREZ""",PICHUCALCO,SERVICIOS DE SALUD IMSS BIENESTAR ,7,CHIAPAS,OCOTEPEC,OCOTEPEC,1,TUXTLA GUTIERREZ,DE CONSULTA EXTERNA,24,CARRETERA,OCOTEPEC,SIN NÚMERO,,7,COLONIA,SAN ANDRES CARRIZAL,29690,,9321160982,PRIMER NIVEL,2,URBANO,1,OBRA NUEVA,1,PROPIO,"ESTABLECIMIENTO QUE PERTENECÍA A SECRETARIA DE SALUD DEL ESTADO, SE TTRANSFIERE A SERVICIOS DE SALUD IMSS BIENESTAR.",17.215259,-93.145047
CSIMB003815,SANTA MARIA,SANTA MARIA,PALENQUE,SERVICIOS DE SALUD IMSS BIENESTAR ,7,CHIAPAS,SALTO DE AGUA,SANTA MARIA,6,PALENQUE,DE CONSULTA EXTERNA,24,CARRETERA,PALENQUE-OCOSINGO,SIN NÚMERO,,13,EJIDO,SANTA MARIA,29900,,9671120383,PRIMER NIVEL,1,RURAL,1,OBRA NUEVA,1,PROPIO,"ESTABLECIMIENTO QUE PERTENECÍA A SECRETARIA DE SALUD DEL ESTADO, SE TTRANSFIERE A SERVICIOS DE SALUD IMSS BIENESTAR.",17.3518247,-92.07055
CSIMB003820,"CENTRO DE SALUD CON SERVICIOS AMPLIADOS CHAPULTENANGO, CHIAPAS","CENTRO DE SALUD CON SERVICIOS AMPLIADOS CHAPULTENANGO, CHIAPAS",PICHUCALCO,SERVICIOS DE SALUD IMSS BIENESTAR ,7,CHIAPAS,CHAPULTENANGO,CHAPULTENANGO,5,PICHUCALCO,DE CONSULTA EXTERNA,5,CALLE,LA PISTA,SIN NÚMERO,,3,BARRIO,AEROPISTA,29690,,9611817891,PRIMER NIVEL,2,URBANO,1,OBRA NUEVA,1,PROPIO,"ESTABLECIMIENTO QUE PERTENECÍA A SECRETARIA DE SALUD DEL ESTADO, SE TTRANSFIERE A SERVICIOS DE SALUD IMSS BIENESTAR.",17.342092,-93.128936
CSIMB003832,CENTRO DE SALUD CON SERVICIOS AMPLIADOS DR MANUEL VELASCO SUAREZ,CENTRO DE SALUD CON SERVICIOS AMPLIADOS DR MANUEL VELASCO SUAREZ,SAN CRISTOBAL DE LAS CASAS,SERVICIOS DE SALUD IMSS BIENESTAR ,7,CHIAPAS,HUIXTAN,HUIXTAN,2,SAN CRISTÓBAL DE LAS CASAS,DE CONSULTA EXTERNA,3,AVENIDA,4A PONIENTE NORTE,SIN NÚMERO,,25,PUEBLO,HUIXTAN,29470,,9612528626,PRIMER NIVEL,2,URBANO,1,OBRA NUEVA,1,PROPIO,"ESTABLECIMIENTO QUE PERTENECÍA A SECRETARIA DE SALUD DEL ESTADO, SE TTRANSFIERE A SERVICIOS DE SALUD IMSS BIENESTAR.",16.711919,-92.456116
CSIMB003844,CENTRO DE SALUD CON SERVICIOS AMPLIADO JOAQUIN MIGUEZ GUTIERREZ,CENTRO DE SALUD CON SERVICIOS AMPLIADO JOAQUIN MIGUEZ GUTIERREZ,TONALA,SERVICIOS DE SALUD IMSS BIENESTAR ,7,CHIAPAS,PIJIJIAPAN,JOAQUIN MIGUEL GUTIERREZ (MARGARITAS),8,TONALÁ,DE CONSULTA EXTERNA,3,AVENIDA,SEGUNDA SUR ORIENTE,SIN NÚMERO,,13,EJIDO,JOAQUIN MIGUEL GUTIÉRREZ (MARGARITAS),30550,,9931897352,PRIMER NIVEL,1,RURAL,1,OBRA NUEVA,1,PROPIO,"ESTABLECIMIENTO QUE PERTENECÍA A SECRETARIA DE SALUD DEL ESTADO, SE TTRANSFIERE A SERVICIOS DE SALUD IMSS BIENESTAR.",15.546364,-93.090553
CSIMB003856,CENTRO DE SALUD CON SERVICIOS AMPLIADOS PANTELHO DR MANUEL VELASCO SUAREZ,CENTRO DE SALUD CON SERVICIOS AMPLIADOS PANTELHO DR MANUEL VELASCO SUAREZ,CHAMULA,SERVICIOS DE SALUD IMSS BIENESTAR ,7,CHIAPAS,PANTELHO,PANTELHO,2,SAN CRISTÓBAL DE LAS CASAS,DE CONSULTA EXTERNA,19,PROLONGACIÓN,PANTELHO - ENCANTO ,SIN NÚMERO,,25,PUEBLO,PANTELHO,29880,,9323298917,PRIMER NIVEL,2,URBANO,1,OBRA NUEVA,1,PROPIO,"ESTABLECIMIENTO QUE PERTENECÍA A SECRETARIA DE SALUD DEL ESTADO, SE TTRANSFIERE A SERVICIOS DE SALUD IMSS BIENESTAR.",17.008665,-92.480261
CSIMB003861,CENTRO DE SALUD RURAL PAREDON,CENTRO DE SALUD RURAL PAREDON,TONALA,SERVICIOS DE SALUD IMSS BIENESTAR ,7,CHIAPAS,TONALA,PAREDON,8,TONALÁ,DE CONSULTA EXTERNA,5,CALLE,5 DE MAYO,SIN NÚMERO,,25,PUEBLO,PAREDON,30503,,9611847412,PRIMER NIVEL,2,URBANO,2,SUSTITUCION DE OBRA,1,PROPIO,"ESTABLECIMIENTO QUE PERTENECÍA A SECRETARIA DE SALUD DEL ESTADO, SE TTRANSFIERE A SERVICIOS DE SALUD IMSS BIENESTAR.",16.0508658,-93.8677875
CSIMB003873,CENTRO DE SALUD CRUZTÓN,CENTRO DE SALUD CRUZTÓN,SAN CRISTOBAL DE LAS CASAS,SERVICIOS DE SALUD IMSS BIENESTAR ,7,CHIAPAS,CHAMULA,CRUZTON,2,SAN CRISTÓBAL DE LAS CASAS,DE CONSULTA EXTERNA,5,CALLE,DEL MONTE ,SIN NÚMERO,,3,BARRIO,CONGREGACION CRUZTÓN,29321,,9671197904,PRIMER NIVEL,1,RURAL,1,OBRA NUEVA,1,PROPIO,"ESTABLECIMIENTO QUE PERTENECÍA A SECRETARIA DE SALUD DEL ESTADO, SE TTRANSFIERE A SERVICIOS DE SALUD IMSS BIENESTAR.",16.758944,-92.576088
CSIMB003885,CENTRO REGIONAL DE DESARROLLO INFANTIL Y ESTIMULACIÓN TEMPRANA,CENTRO REGIONAL DE DESARROLLO INFANTIL Y ESTIMULACIÓN TEMPRANA,SAN CRISTOBAL DE LAS CASAS,SERVICIOS DE SALUD IMSS BIENESTAR ,7,CHIAPAS,SAN CRISTOBAL DE LAS CASAS,SAN CRISTOBAL DE LAS CASAS,2,SAN CRISTÓBAL DE LAS CASAS,DE CONSULTA EXTERNA,5,CALLE,GALENO,SIN NÚMERO,,7,COLONIA,LOS PINOS,29280,,9617013992,PRIMER NIVEL,2,URBANO,1,OBRA NUEVA,1,PROPIO,"ESTABLECIMIENTO QUE PERTENECÍA A SECRETARIA DE SALUD DEL ESTADO, SE TTRANSFIERE A SERVICIOS DE SALUD IMSS BIENESTAR.",16.723389,-92.637898
CSIMB003890,CLINICA PARA LA ATENCION DE PARTO HUMANIZADO PICHUCALCO,CLINICA PARA LA ATENCION DE PARTO HUMANIZADO PICHUCALCO,PICHUCALCO,SERVICIOS DE SALUD IMSS BIENESTAR ,7,CHIAPAS,PICHUCALCO,PICHUCALCO,5,PICHUCALCO,DE CONSULTA EXTERNA,6,CALLEJÓN,SALAMANCA,SIN NÚMERO,,7,COLONIA,SIN NOMBRE,29520,,,SEGUNDO NIVEL,2,URBANO,6,SIN MODIFICACION,1,PROPIO,"ESTABLECIMIENTO QUE PERTENECÍA A SECRETARIA DE SALUD DEL ESTADO, SE TTRANSFIERE A SERVICIOS DE SALUD IMSS BIENESTAR.",17.517933,-93.12053
CSIMB003902,CLINICA PARA LA ATENCION DE PARTO HUMANIZADO SAN CRISTOBAL DE LAS CASAS,CLINICA PARA LA ATENCION DE PARTO HUMANIZADO SAN CRISTOBAL DE LAS CASAS,SAN CRISTOBAL DE LAS CASAS,SERVICIOS DE SALUD IMSS BIENESTAR ,7,CHIAPAS,SAN CRISTOBAL DE LAS CASAS,SAN CRISTOBAL DE LAS CASAS,2,SAN CRISTÓBAL DE LAS CASAS,DE CONSULTA EXTERNA,5,CALLE,LAGUNA DE PATZCUARO,SIN NÚMERO,,3,BARRIO,MARIA AUXILIADORA,29290,,9611201635,SEGUNDO NIVEL,2,URBANO,1,OBRA NUEVA,1,PROPIO,"ESTABLECIMIENTO QUE PERTENECÍA A SECRETARIA DE SALUD DEL ESTADO, SE TTRANSFIERE A SERVICIOS DE SALUD IMSS BIENESTAR.",16.71077,-92.629586
CSIMB003914,CENTRO DE SALUD SAN PEDRO COTZILNAM,CENTRO DE SALUD SAN PEDRO COTZILNAM,CHAMULA,SERVICIOS DE SALUD IMSS BIENESTAR ,7,CHIAPAS,ALDAMA,SAN PEDRO COTZILNAM,2,SAN CRISTÓBAL DE LAS CASAS,DE CONSULTA EXTERNA,22,NINGUNO,SIN NOMBRE,SIN NÚMERO,,25,PUEBLO,SAN PEDRO COTZILNAM,29879,A UN COSTADO DE LA ESCUELA PRIMARIA,9671381012,PRIMER NIVEL,1,RURAL,1,OBRA NUEVA,5,OTRO,"ESTABLECIMIENTO QUE PERTENECÍA A SECRETARIA DE SALUD DEL ESTADO, SE TTRANSFIERE A SERVICIOS DE SALUD IMSS BIENESTAR.",16.937856,-92.703182
CSIMB003926,HOSPITAL BÁSICO COMUNITARIO DE AMATÁN,HOSPITAL BÁSICO COMUNITARIO DE AMATÁN,SIMOJOVEL,SERVICIOS DE SALUD IMSS BIENESTAR ,7,CHIAPAS,AMATAN,AMATAN,5,PICHUCALCO,DE HOSPITALIZACIÓN,24,CARRETERA,TAPIJULAPA-AMATAN KM1,SIN NÚMERO,,7,COLONIA,CENTRO,29700,,9711329862,SEGUNDO NIVEL,2,URBANO,1,OBRA NUEVA,5,OTRO,"ESTABLECIMIENTO QUE PERTENECÍA A SECRETARIA DE SALUD DEL ESTADO, SE TTRANSFIERE A SERVICIOS DE SALUD IMSS BIENESTAR.",17.37796,-92.811238
CSIMB003931,CENTRO DE SALUD LAS LIMAS,CENTRO DE SALUD LAS LIMAS,CHAMULA,SERVICIOS DE SALUD IMSS BIENESTAR ,7,CHIAPAS,CHENALHO,LAS LIMAS,2,SAN CRISTÓBAL DE LAS CASAS,DE CONSULTA EXTERNA,22,NINGUNO,SIN NOMBRE,SIN NÚMERO,,21,PARAJE,LAS LIMAS,29873,A 50 MTS DE LA ESCUELA PRIMARIA,9611022556,PRIMER NIVEL,1,RURAL,1,OBRA NUEVA,5,OTRO,"ESTABLECIMIENTO QUE PERTENECÍA A SECRETARIA DE SALUD DEL ESTADO, SE TTRANSFIERE A SERVICIOS DE SALUD IMSS BIENESTAR.",16.948023,-92.595265
CSIMB003943,CLÍNICA PARA LA ATENCIÓN DE PARTO HUMANIZADO,CLÍNICA PARA LA ATENCIÓN DE PARTO HUMANIZADO,TUXTLA,SERVICIOS DE SALUD IMSS BIENESTAR ,7,CHIAPAS,TUXTLA GUTIERREZ,TUXTLA GUTIERREZ,1,TUXTLA GUTIERREZ,DE CONSULTA EXTERNA,4,BOULEVARD,AMIN SIMAN HABIB,SIN NÚMERO,,7,COLONIA,EL RETIRO ,29040,,9921071879,SEGUNDO NIVEL,2,URBANO,1,OBRA NUEVA,5,OTRO,"ESTABLECIMIENTO QUE PERTENECÍA A SECRETARIA DE SALUD DEL ESTADO, SE TTRANSFIERE A SERVICIOS DE SALUD IMSS BIENESTAR.",16.750999,-93.079226
CSIMB003955,CLINICA DE LA MUJER Y PARTO HUMANIZADO,CLINICA DE LA MUJER Y PARTO HUMANIZADO,TAPACHULA,SERVICIOS DE SALUD IMSS BIENESTAR ,7,CHIAPAS,HUIXTLA,HUIXTLA,7,TAPACHULA,DE CONSULTA EXTERNA,24,CARRETERA,HUIXTLA-VILLA COMALTITLAN KM. 0.5,SIN NÚMERO,,7,COLONIA,EL ESPEJO,30640,,9671332861,SEGUNDO NIVEL,2,URBANO,1,OBRA NUEVA,5,OTRO,"ESTABLECIMIENTO QUE PERTENECÍA A SECRETARIA DE SALUD DEL ESTADO, SE TTRANSFIERE A SERVICIOS DE SALUD IMSS BIENESTAR.",15.14819,-92.47624
CSIMB003960,C.S. NAPITE,C.S. NAPITE,SAN CRISTOBAL DE LAS CASAS,SERVICIOS DE SALUD IMSS BIENESTAR ,7,CHIAPAS,SAN CRISTOBAL DE LAS CASAS,NAPITE,2,SAN CRISTÓBAL DE LAS CASAS,DE CONSULTA EXTERNA,5,CALLE,SIN NOMBRE,SIN NÚMERO,,13,EJIDO,NAPITE,29316,,9321194611,PRIMER NIVEL,1,RURAL,4,REHABILITACION,5,OTRO,"ESTABLECIMIENTO QUE PERTENECÍA A SECRETARIA DE SALUD DEL ESTADO, SE TTRANSFIERE A SERVICIOS DE SALUD IMSS BIENESTAR.",16.556723,-92.368708
CSIMB003972,CLINICA PARA LA ATENCION DE PARTO HUMANIZADO BOCHIL ,CLINICA PARA LA ATENCION DE PARTO HUMANIZADO BOCHIL ,SIMOJOVEL,SERVICIOS DE SALUD IMSS BIENESTAR ,7,CHIAPAS,BOCHIL,BOCHIL,5,PICHUCALCO,DE CONSULTA EXTERNA,5,CALLE,CENTRAL,SIN NÚMERO,,25,PUEBLO,BOCHIL,29770,,9612362393,SEGUNDO NIVEL,2,URBANO,1,OBRA NUEVA,1,PROPIO,"ESTABLECIMIENTO QUE PERTENECÍA A SECRETARIA DE SALUD DEL ESTADO, SE TTRANSFIERE A SERVICIOS DE SALUD IMSS BIENESTAR.",16.996493,-92.890371
CSIMB003984,CLINICA PARA LA ATENCION DE PARTO HUMANIZADO COMITAN DE DOMINGUEZ,CLINICA PARA LA ATENCION DE PARTO HUMANIZADO COMITAN DE DOMINGUEZ,COMITAN,SERVICIOS DE SALUD IMSS BIENESTAR ,7,CHIAPAS,COMITAN DE DOMINGUEZ,COMITAN DE DOMINGUEZ,3,COMITÁN,DE CONSULTA EXTERNA,24,CARRETERA,INTERNACIONAL ZONA SUR ORIENTE,SIN NÚMERO,,7,COLONIA,CHICHIMA ACAPETAHUA,30093,,9612384058,SEGUNDO NIVEL,2,URBANO,1,OBRA NUEVA,1,PROPIO,"ESTABLECIMIENTO QUE PERTENECÍA A SECRETARIA DE SALUD DEL ESTADO, SE TTRANSFIERE A SERVICIOS DE SALUD IMSS BIENESTAR.",16.207476,-92.105772
CSIMB003996,CLINICA PARA LA ATENCION DE PARTO HUMANIZADO TONALA,CLINICA PARA LA ATENCION DE PARTO HUMANIZADO TONALA,TONALA,SERVICIOS DE SALUD IMSS BIENESTAR ,7,CHIAPAS,TONALA,TONALA,8,TONALÁ,DE CONSULTA EXTERNA,3,AVENIDA,LAS CRUCES,SIN NÚMERO,,7,COLONIA,EVOLUCION,30500,,9633458444,SEGUNDO NIVEL,2,URBANO,1,OBRA NUEVA,1,PROPIO,"ESTABLECIMIENTO QUE PERTENECÍA A SECRETARIA DE SALUD DEL ESTADO, SE TTRANSFIERE A SERVICIOS DE SALUD IMSS BIENESTAR.",16.091593,-93.76954
CSIMB004001,CLINICA PARA LA ATENCION DE PARTO HUMANIZADO TAPACHULA,CLINICA PARA LA ATENCION DE PARTO HUMANIZADO TAPACHULA,TAPACHULA,SERVICIOS DE SALUD IMSS BIENESTAR ,7,CHIAPAS,TAPACHULA,TAPACHULA DE CORDOVA Y ORDOÑEZ,7,TAPACHULA,DE CONSULTA EXTERNA,3,AVENIDA,FRAY MATIAS,SIN NÚMERO,,7,COLONIA,SAN FRANCISCO,30788,,9621524269,SEGUNDO NIVEL,2,URBANO,1,OBRA NUEVA,1,PROPIO,"ESTABLECIMIENTO QUE PERTENECÍA A SECRETARIA DE SALUD DEL ESTADO, SE TTRANSFIERE A SERVICIOS DE SALUD IMSS BIENESTAR.",14.87965,-92.24989
CSIMB004013,CARAVANA TIPO 0 CONOILJA,CARAVANA TIPO 0 CONOILJA,OXCHUC,SERVICIOS DE SALUD IMSS BIENESTAR ,7,CHIAPAS,OXCHUC,CONOILJA,2,SAN CRISTÓBAL DE LAS CASAS,DE CONSULTA EXTERNA,23,CAMINO,CONOILJA,SIN NÚMERO,,25,PUEBLO,CONOILJA,29461,,9671330205,PRIMER NIVEL,1,RURAL,1,OBRA NUEVA,1,PROPIO,"ESTABLECIMIENTO QUE PERTENECÍA A SECRETARIA DE SALUD DEL ESTADO, SE TTRANSFIERE A SERVICIOS DE SALUD IMSS BIENESTAR.",16.712289,-92.133919
CSIMB004025,CARAVANA TIPO 0 PACANAM,CARAVANA TIPO 0 PACANAM,CHAMULA,SERVICIOS DE SALUD IMSS BIENESTAR ,7,CHIAPAS,CHALCHIHUITAN,PACANAM,2,SAN CRISTÓBAL DE LAS CASAS,DE CONSULTA EXTERNA,22,NINGUNO,SIN NOMBRE,SIN NÚMERO,,27,RANCHERÍA,PACANAM,29851,,9671054347,PRIMER NIVEL,1,RURAL,1,OBRA NUEVA,1,PROPIO,"ESTABLECIMIENTO QUE PERTENECÍA A SECRETARIA DE SALUD DEL ESTADO, SE TTRANSFIERE A SERVICIOS DE SALUD IMSS BIENESTAR.",17.052321,-92.574007
CSIMB004030,CARAVANA TIPO 0 CALVARIO LAS DELICIAS,CARAVANA TIPO 0 CALVARIO LAS DELICIAS,YAJALON,SERVICIOS DE SALUD IMSS BIENESTAR ,7,CHIAPAS,YAJALON,CALVARIO LAS DELICIAS,6,PALENQUE,DE CONSULTA EXTERNA,5,CALLE,3A. ORIENTE NORTE,SIN NÚMERO,,13,EJIDO,CALVARIO LAS DELICIAS,29930,,9672825706,PRIMER NIVEL,1,RURAL,1,OBRA NUEVA,1,PROPIO,"ESTABLECIMIENTO QUE PERTENECÍA A SECRETARIA DE SALUD DEL ESTADO, SE TTRANSFIERE A SERVICIOS DE SALUD IMSS BIENESTAR.",17.181705,-92.363058
CSIMB004042,CARAVANA TIPO 0  MIGUEL HIDALGO,CARAVANA TIPO 0  MORELIA (VICTORICO RODULFO GRAJALES),OCOSINGO,SERVICIOS DE SALUD IMSS BIENESTAR ,7,CHIAPAS,CHILON,TZAJALA,9,OCOSINGO,DE CONSULTA EXTERNA,22,NINGUNO,SIN NOMBRE,SIN NÚMERO,,13,EJIDO,BARRIO TONINA,29940,,9932323408,PRIMER NIVEL,1,RURAL,1,OBRA NUEVA,1,PROPIO,"ESTABLECIMIENTO QUE PERTENECÍA A SECRETARIA DE SALUD DEL ESTADO, SE TTRANSFIERE A SERVICIOS DE SALUD IMSS BIENESTAR.",17.03114,-91.712793
CSIMB004054,CARAVANA TIPO 0 NUEVO SUSHILA,CARAVANA TIPO 0 NUEVO SUSHILA,OCOSINGO,SERVICIOS DE SALUD IMSS BIENESTAR ,7,CHIAPAS,OCOSINGO,SUSCHILA NUEVO,9,OCOSINGO,DE CONSULTA EXTERNA,24,CARRETERA,SIN NOMBRE,SIN NÚMERO,,13,EJIDO,BARRIO TONINA,29950,,9191324821,PRIMER NIVEL,1,RURAL,1,OBRA NUEVA,1,PROPIO,"ESTABLECIMIENTO QUE PERTENECÍA A SECRETARIA DE SALUD DEL ESTADO, SE TTRANSFIERE A SERVICIOS DE SALUD IMSS BIENESTAR.",16.826978,-91.953282
CSIMB004066,CARAVANA TIPO 0 SHASHIJA,CARAVANA TIPO 0 SHASHIJA,YAJALON,SERVICIOS DE SALUD IMSS BIENESTAR ,7,CHIAPAS,YAJALON,SHASHIJA,6,PALENQUE,DE CONSULTA EXTERNA,19,PROLONGACIÓN,JUÁREZ,SIN NÚMERO,,13,EJIDO,SHASHIJA,29930,,9613230968,PRIMER NIVEL,1,RURAL,1,OBRA NUEVA,1,PROPIO,"ESTABLECIMIENTO QUE PERTENECÍA A SECRETARIA DE SALUD DEL ESTADO, SE TTRANSFIERE A SERVICIOS DE SALUD IMSS BIENESTAR.",17.23657,-92.295452
CSIMB004071,CARAVANA TIPO 0 CALVARIO BAHUITZ,CARAVANA TIPO 0 CALVARIO BAHUITZ,YAJALON,SERVICIOS DE SALUD IMSS BIENESTAR ,7,CHIAPAS,YAJALON,CALVARIO BAHUITZ,6,PALENQUE,DE CONSULTA EXTERNA,19,PROLONGACIÓN,JUÁREZ,SIN NÚMERO,,13,EJIDO,CALVARIO BAHUITZ,29930,,9671944731,PRIMER NIVEL,1,RURAL,1,OBRA NUEVA,1,PROPIO,"ESTABLECIMIENTO QUE PERTENECÍA A SECRETARIA DE SALUD DEL ESTADO, SE TTRANSFIERE A SERVICIOS DE SALUD IMSS BIENESTAR.",17.16643,-92.356089
CSIMB004083,CARAVANA TIPO 0 SOMBRA GRANDE,CARAVANA TIPO 0 SOMBRA GRANDE,YAJALON,SERVICIOS DE SALUD IMSS BIENESTAR ,7,CHIAPAS,TUMBALA,SOMBRA GRANDE,6,PALENQUE,DE CONSULTA EXTERNA,19,PROLONGACIÓN,JUÁREZ,SIN NÚMERO,,13,EJIDO,SOMBRA GRANDE,29921,,9616558210,PRIMER NIVEL,1,RURAL,1,OBRA NUEVA,1,PROPIO,"ESTABLECIMIENTO QUE PERTENECÍA A SECRETARIA DE SALUD DEL ESTADO, SE TTRANSFIERE A SERVICIOS DE SALUD IMSS BIENESTAR.",17.29806,-92.31639
CSIMB004095,CARAVANA TIPO 0 TULAQUIL,CARAVANA TIPO 0 TULAQUIL,YAJALON,SERVICIOS DE SALUD IMSS BIENESTAR ,7,CHIAPAS,YAJALON,TULAQUIL,6,PALENQUE,DE CONSULTA EXTERNA,19,PROLONGACIÓN,JUÁREZ,SIN NÚMERO,,13,EJIDO,TULAQUIL,29930,,9622125772,PRIMER NIVEL,1,RURAL,1,OBRA NUEVA,1,PROPIO,"ESTABLECIMIENTO QUE PERTENECÍA A SECRETARIA DE SALUD DEL ESTADO, SE TTRANSFIERE A SERVICIOS DE SALUD IMSS BIENESTAR.",17.183238,-92.356473
CSIMB004100,CARAVANA TIPO 0 JOCHOMPAT CARMEN GRANDE,CARAVANA TIPO 0 JOCHOMPAT CARMEN GRANDE,SIMOJOVEL,SERVICIOS DE SALUD IMSS BIENESTAR ,7,CHIAPAS,SIMOJOVEL,JOCHAMPAT CARMEN GRANDE (LAS LAMINAS),5,PICHUCALCO,DE CONSULTA EXTERNA,5,CALLE,JOCHOMPAT ,SIN NÚMERO,,27,RANCHERÍA,JOCHOMPAT CARMEN GRANDE,29836,,9631360642,PRIMER NIVEL,1,RURAL,1,OBRA NUEVA,1,PROPIO,"ESTABLECIMIENTO QUE PERTENECÍA A SECRETARIA DE SALUD DEL ESTADO, SE TTRANSFIERE A SERVICIOS DE SALUD IMSS BIENESTAR.",17.354058,-92.77101
CSIMB004112,CARAVANA TIPO 0 LA AURORA,CARAVANA TIPO 0 LA AURORA,OCOSINGO,SERVICIOS DE SALUD IMSS BIENESTAR ,7,CHIAPAS,OCOSINGO,LA AURORA,9,OCOSINGO,DE CONSULTA EXTERNA,22,NINGUNO,SIN NOMBRE,SIN NÚMERO,,13,EJIDO,BARRIO SANTA LUCIA,29950,,9161191629,PRIMER NIVEL,1,RURAL,1,OBRA NUEVA,1,PROPIO,"ESTABLECIMIENTO QUE PERTENECÍA A SECRETARIA DE SALUD DEL ESTADO, SE TTRANSFIERE A SERVICIOS DE SALUD IMSS BIENESTAR.",16.883648,-92.202479
CSIMB004124,CARAVANA TIPO 0 SAN FRANCISCO,CARAVANA TIPO 0 EL ZAPOTAL,OCOSINGO,SERVICIOS DE SALUD IMSS BIENESTAR ,7,CHIAPAS,OCOSINGO,SAN FRANCISCO,9,OCOSINGO,DE CONSULTA EXTERNA,23,CAMINO,SIN NOMBRE,SIN NÚMERO,,13,EJIDO,BARRIO SANTA LUCIA,29950,,9611192046,PRIMER NIVEL,1,RURAL,1,OBRA NUEVA,1,PROPIO,"ESTABLECIMIENTO QUE PERTENECÍA A SECRETARIA DE SALUD DEL ESTADO, SE TTRANSFIERE A SERVICIOS DE SALUD IMSS BIENESTAR.",16.678567,-91.503508
CSIMB004136,CARAVANA TIPO 0 EL CENSO,CARAVANA TIPO 0 EL CENSO,OCOSINGO,SERVICIOS DE SALUD IMSS BIENESTAR ,7,CHIAPAS,OCOSINGO,EL CENSO,9,OCOSINGO,DE CONSULTA EXTERNA,22,NINGUNO,SIN NOMBRE,SIN NÚMERO,,13,EJIDO,BARRIO SANTA LUCIA,29950,,9672167924,PRIMER NIVEL,1,RURAL,1,OBRA NUEVA,1,PROPIO,"ESTABLECIMIENTO QUE PERTENECÍA A SECRETARIA DE SALUD DEL ESTADO, SE TTRANSFIERE A SERVICIOS DE SALUD IMSS BIENESTAR.",16.86289,-91.560839
CSIMB004141,CARAVANA TIPO 0 NUEVO MARISCAL,CARAVANA TIPO 0 NUEVO MARISCAL,PALENQUE,SERVICIOS DE SALUD IMSS BIENESTAR ,7,CHIAPAS,OCOSINGO,NUEVO MARISCAL,6,PALENQUE,DE CONSULTA EXTERNA,23,CAMINO,JUÁREZ,SIN NÚMERO,,13,EJIDO,NUEVO MARISCAL,29960,,9192268010,PRIMER NIVEL,1,RURAL,1,OBRA NUEVA,1,PROPIO,"ESTABLECIMIENTO QUE PERTENECÍA A SECRETARIA DE SALUD DEL ESTADO, SE TTRANSFIERE A SERVICIOS DE SALUD IMSS BIENESTAR.",16.98008,-91.185196
CSIMB004153,CARAVANA TIPO 0 MACEDONIA,CARAVANA TIPO 0 MACEDONIA,OCOSINGO,SERVICIOS DE SALUD IMSS BIENESTAR ,7,CHIAPAS,OCOSINGO,MACEDONIA,9,OCOSINGO,DE CONSULTA EXTERNA,22,NINGUNO,SIN NOMBRE,SIN NÚMERO,,13,EJIDO,CENTRO,29950,,2228131280,PRIMER NIVEL,1,RURAL,1,OBRA NUEVA,1,PROPIO,"ESTABLECIMIENTO QUE PERTENECÍA A SECRETARIA DE SALUD DEL ESTADO, SE TTRANSFIERE A SERVICIOS DE SALUD IMSS BIENESTAR.",16.982712,-91.842355
CSIMB004165,CARAVANA TIPO 0 SAN ANTONIO,CARAVANA TIPO 0 SAN ANTONIO,OCOSINGO,SERVICIOS DE SALUD IMSS BIENESTAR ,7,CHIAPAS,OCOSINGO,SAN ANTONIO,9,OCOSINGO,DE CONSULTA EXTERNA,23,CAMINO,SIN NOMBRE,SIN NÚMERO,,13,EJIDO,CENTRO,29950,,9612444167,PRIMER NIVEL,1,RURAL,1,OBRA NUEVA,1,PROPIO,"ESTABLECIMIENTO QUE PERTENECÍA A SECRETARIA DE SALUD DEL ESTADO, SE TTRANSFIERE A SERVICIOS DE SALUD IMSS BIENESTAR.",16.981921,-91.872371
CSIMB004170,CARAVANA TIPO 0 CINCO DE FEBRERO,CARAVANA TIPO 0 CINCO DE FEBRERO,OCOSINGO,SERVICIOS DE SALUD IMSS BIENESTAR ,7,CHIAPAS,OCOSINGO,CINCO DE FEBRERO,9,OCOSINGO,DE CONSULTA EXTERNA,22,NINGUNO,SIN NOMBRE,SIN NÚMERO,,13,EJIDO,CENTRO,29950,,9612384058,PRIMER NIVEL,1,RURAL,1,OBRA NUEVA,1,PROPIO,"ESTABLECIMIENTO QUE PERTENECÍA A SECRETARIA DE SALUD DEL ESTADO, SE TTRANSFIERE A SERVICIOS DE SALUD IMSS BIENESTAR.",16.993097,-91.728176
CSIMB004182,CARAVANA TIPO 0 SANTA LUCIA,CARAVANA TIPO 0 SANTA LUCIA,OCOSINGO,SERVICIOS DE SALUD IMSS BIENESTAR ,7,CHIAPAS,OCOSINGO,SANTA LUCIA,9,OCOSINGO,DE CONSULTA EXTERNA,23,CAMINO,SIN NOMBRE,SIN NÚMERO,,13,EJIDO,CENTRO,29950,,9921161107,PRIMER NIVEL,1,RURAL,1,OBRA NUEVA,1,PROPIO,"ESTABLECIMIENTO QUE PERTENECÍA A SECRETARIA DE SALUD DEL ESTADO, SE TTRANSFIERE A SERVICIOS DE SALUD IMSS BIENESTAR.",16.620106,-91.493574
CSIMB004194,CARAVANA TIPO ´0 LA CUEVA,CARAVANA TIPO ´0 LA CUEVA,OCOSINGO,SERVICIOS DE SALUD IMSS BIENESTAR ,7,CHIAPAS,OCOSINGO,LA CUEVA,9,OCOSINGO,DE CONSULTA EXTERNA,22,NINGUNO,SIN NOMBRE,SIN NÚMERO,,13,EJIDO,CENTRO,29950,,9622171084,PRIMER NIVEL,1,RURAL,1,OBRA NUEVA,1,PROPIO,"ESTABLECIMIENTO QUE PERTENECÍA A SECRETARIA DE SALUD DEL ESTADO, SE TTRANSFIERE A SERVICIOS DE SALUD IMSS BIENESTAR.",16.953538,-91.660954
CSIMB004206,CARAVANA TIPO 0 EL LACANDON,CARAVANA TIPO 0 EL LACANDON,PALENQUE,SERVICIOS DE SALUD IMSS BIENESTAR ,7,CHIAPAS,PALENQUE,EL LACANDON,6,PALENQUE,DE CONSULTA EXTERNA,19,PROLONGACIÓN,JUÁREZ,SIN NÚMERO,,13,EJIDO,EL LACANDON,29960,,9611739293,PRIMER NIVEL,1,RURAL,1,OBRA NUEVA,1,PROPIO,"ESTABLECIMIENTO QUE PERTENECÍA A SECRETARIA DE SALUD DEL ESTADO, SE TTRANSFIERE A SERVICIOS DE SALUD IMSS BIENESTAR.",17.478735,-91.860186
CSIMB004211,CARAVANA TIPO 0 EL EDEN,CARAVANA TIPO 0 EL EDEN,PALENQUE,SERVICIOS DE SALUD IMSS BIENESTAR ,7,CHIAPAS,PALENQUE,EL EDEN,6,PALENQUE,DE CONSULTA EXTERNA,19,PROLONGACIÓN,JUÁREZ,SIN NÚMERO,,13,EJIDO,EL EDEN,29960,,9612157590,PRIMER NIVEL,1,RURAL,1,OBRA NUEVA,1,PROPIO,"ESTABLECIMIENTO QUE PERTENECÍA A SECRETARIA DE SALUD DEL ESTADO, SE TTRANSFIERE A SERVICIOS DE SALUD IMSS BIENESTAR.",17.272723,-91.558999
CSIMB004223,CARAVANA TIPO 0 LICENCIADO GUSTAVO DIAZ ORDAZ,CARAVANA TIPO 0 LICENCIADO GUSTAVO DIAZ ORDAZ,PALENQUE,SERVICIOS DE SALUD IMSS BIENESTAR ,7,CHIAPAS,PALENQUE,LICENCIADO GUSTAVO DIAZ ORDAZ,6,PALENQUE,DE CONSULTA EXTERNA,19,PROLONGACIÓN,JUÁREZ,SIN NÚMERO,,13,EJIDO,LICENCIADO GUSTAVO DIAZ ORDAZ,29960,,9161001030,PRIMER NIVEL,1,RURAL,1,OBRA NUEVA,1,PROPIO,"ESTABLECIMIENTO QUE PERTENECÍA A SECRETARIA DE SALUD DEL ESTADO, SE TTRANSFIERE A SERVICIOS DE SALUD IMSS BIENESTAR.",17.43208,-91.765346
CSIMB004235,CARAVANA TIPO 0 LINDAVISTA (CHINIQUIJA),CARAVANA TIPO 0 LINDAVISTA (CHINIQUIJA),PALENQUE,SERVICIOS DE SALUD IMSS BIENESTAR ,7,CHIAPAS,PALENQUE,LINDAVISTA (CHINIQUIJA),6,PALENQUE,DE CONSULTA EXTERNA,19,PROLONGACIÓN,JUÁREZ,SIN NÚMERO,,13,EJIDO,LINDAVISTA (CHINIQUIJA),29960,,9161004043,PRIMER NIVEL,1,RURAL,1,OBRA NUEVA,1,PROPIO,"ESTABLECIMIENTO QUE PERTENECÍA A SECRETARIA DE SALUD DEL ESTADO, SE TTRANSFIERE A SERVICIOS DE SALUD IMSS BIENESTAR.",17.398872,-91.505197
CSIMB004240,CARAVANA TIPO 0 RICARDO FLORES MAGON,CARAVANA TIPO 0 RICARDO FLORES MAGON,PALENQUE,SERVICIOS DE SALUD IMSS BIENESTAR ,7,CHIAPAS,PALENQUE,RICARDO FLORES MAGON,6,PALENQUE,DE CONSULTA EXTERNA,19,PROLONGACIÓN,JUÁREZ,SIN NÚMERO,,13,EJIDO,RICARDO FLORES MAGON,29960,,9612730580,PRIMER NIVEL,1,RURAL,1,OBRA NUEVA,1,PROPIO,"ESTABLECIMIENTO QUE PERTENECÍA A SECRETARIA DE SALUD DEL ESTADO, SE TTRANSFIERE A SERVICIOS DE SALUD IMSS BIENESTAR.",17.21986,-91.545275
CSIMB004252,CARAVANA TIPO 0 NUEVA LIBERTAD,CARAVANA TIPO 0 NUEVA LIBERTAD,PALENQUE,SERVICIOS DE SALUD IMSS BIENESTAR ,7,CHIAPAS,OCOSINGO,NUEVA LIBERTAD,6,PALENQUE,DE CONSULTA EXTERNA,19,PROLONGACIÓN,JUÁREZ,SIN NÚMERO,,13,EJIDO,NUEVA LIBERTAD,29960,,,PRIMER NIVEL,1,RURAL,1,OBRA NUEVA,1,PROPIO,"ESTABLECIMIENTO QUE PERTENECÍA A SECRETARIA DE SALUD DEL ESTADO, SE TTRANSFIERE A SERVICIOS DE SALUD IMSS BIENESTAR.",17.101382,-91.307108
CSIMB004264,CARAVANA TIPO 0 LAZARO CARDENAS DEL RIO,CARAVANA TIPO 0 LAZARO CARDENAS DEL RIO,YAJALON,SERVICIOS DE SALUD IMSS BIENESTAR ,7,CHIAPAS,SABANILLA,LAZARO CARDENAS DEL RIO,6,PALENQUE,DE CONSULTA EXTERNA,19,PROLONGACIÓN,JUÁREZ,SIN NÚMERO,,13,EJIDO,LAZARO CARDENAS,29800,,9614097125,PRIMER NIVEL,1,RURAL,1,OBRA NUEVA,1,PROPIO,"ESTABLECIMIENTO QUE PERTENECÍA A SECRETARIA DE SALUD DEL ESTADO, SE TTRANSFIERE A SERVICIOS DE SALUD IMSS BIENESTAR.",17.320861,-92.604762
CSIMB004276,CARAVANA TIPO 0  ASUNCION HUITIUPAN,CARAVANA TIPO 0 ASUNCION HUITIUPAN,YAJALON,SERVICIOS DE SALUD IMSS BIENESTAR ,7,CHIAPAS,SABANILLA,ASUNCION HUITIUPAN,6,PALENQUE,DE CONSULTA EXTERNA,19,PROLONGACIÓN,JUÁREZ,SIN NÚMERO,,13,EJIDO,ASUNCION HUITIUPAN,29800,,9671003613,PRIMER NIVEL,1,RURAL,1,OBRA NUEVA,1,PROPIO,"ESTABLECIMIENTO QUE PERTENECÍA A SECRETARIA DE SALUD DEL ESTADO, SE TTRANSFIERE A SERVICIOS DE SALUD IMSS BIENESTAR.",17.227797,-92.574001
CSIMB004281,CARAVANA TIPO 0 TORTUGUERO 2A. SECCION,CARAVANA TIPO 0 TORTUGUERO 2A. SECCION,PALENQUE,SERVICIOS DE SALUD IMSS BIENESTAR ,7,CHIAPAS,SALTO DE AGUA,EL TORTUGUERO 2DA. SECCION,6,PALENQUE,DE CONSULTA EXTERNA,19,PROLONGACIÓN,JUÁREZ,SIN NÚMERO,,13,EJIDO,TORTUGUERO 2A. SECCION,29900,,9621168022,PRIMER NIVEL,1,RURAL,1,OBRA NUEVA,1,PROPIO,"ESTABLECIMIENTO QUE PERTENECÍA A SECRETARIA DE SALUD DEL ESTADO, SE TTRANSFIERE A SERVICIOS DE SALUD IMSS BIENESTAR.",17.32056,-92.11056
CSIMB004293,CARAVANA TIPO ´0 JOSE MARIA PINO SUAREZ,CARAVANA TIPO ´0 JOSE MARIA PINO SUAREZ,PALENQUE,SERVICIOS DE SALUD IMSS BIENESTAR ,7,CHIAPAS,SALTO DE AGUA,JOSE MARIA PINO SUAREZ,6,PALENQUE,DE CONSULTA EXTERNA,19,PROLONGACIÓN,JUÁREZ,SIN NÚMERO,,13,EJIDO,JOSE MARIA PINO SUAREZ,29900,,9933789224,PRIMER NIVEL,1,RURAL,1,OBRA NUEVA,1,PROPIO,"ESTABLECIMIENTO QUE PERTENECÍA A SECRETARIA DE SALUD DEL ESTADO, SE TTRANSFIERE A SERVICIOS DE SALUD IMSS BIENESTAR.",17.53347,-92.148987
CSIMB004305,CARAVANA TIPO 0 MANACAL,CARAVANA TIPO 0 MANACAL,TAPACHULA,SERVICIOS DE SALUD IMSS BIENESTAR ,7,CHIAPAS,TAPACHULA,EL MANACAL,7,TAPACHULA,DE CONSULTA EXTERNA,24,CARRETERA,CHESPAL NUEVO ,SIN NÚMERO,,13,EJIDO,EL MANACAL,30700,FRENTE A LA CANCHA PUBLICA,9671267611,PRIMER NIVEL,1,RURAL,1,OBRA NUEVA,1,PROPIO,"ESTABLECIMIENTO QUE PERTENECÍA A SECRETARIA DE SALUD DEL ESTADO, SE TTRANSFIERE A SERVICIOS DE SALUD IMSS BIENESTAR.",15.103386,-92.217509
CSIMB004310,CARAVANA DE SALUD 0 TOQUIAN CHIQUITO,CARAVANA DE SALUD 0 TOQUIAN CHIQUITO,TAPACHULA,SERVICIOS DE SALUD IMSS BIENESTAR ,7,CHIAPAS,TAPACHULA,TOQUIAN CHIQUITO,7,TAPACHULA,DE CONSULTA EXTERNA,1,AMPLIACIÓN,3A. ORIENTE NORTE,34,,13,EJIDO,TOQUIAN CHIQUITO,30806,,9191713353,PRIMER NIVEL,1,RURAL,1,OBRA NUEVA,1,PROPIO,"ESTABLECIMIENTO QUE PERTENECÍA A SECRETARIA DE SALUD DEL ESTADO, SE TTRANSFIERE A SERVICIOS DE SALUD IMSS BIENESTAR.",15.149672,-92.287216
CSIMB004322,CARAVANA TIPO 0 CERRO MISOPA,CARAVANA TIPO 0 CERRO MISOPA,YAJALON,SERVICIOS DE SALUD IMSS BIENESTAR ,7,CHIAPAS,TILA,CERRO MISOPA,6,PALENQUE,DE CONSULTA EXTERNA,23,CAMINO,CERRO MISOPA TILA,SIN NÚMERO,,13,EJIDO,CERRO MISOPA,29910,,9613701889,PRIMER NIVEL,1,RURAL,1,OBRA NUEVA,1,PROPIO,"ESTABLECIMIENTO QUE PERTENECÍA A SECRETARIA DE SALUD DEL ESTADO, SE TTRANSFIERE A SERVICIOS DE SALUD IMSS BIENESTAR.",17.554727,-92.519772
CSIMB004334,CARAVANA TIPO 0 ARROYO CARRIZAL,CARAVANA TIPO 0 ARROYO CARRIZAL,YAJALON,SERVICIOS DE SALUD IMSS BIENESTAR ,7,CHIAPAS,YAJALON,ARROYO CARRIZAL,6,PALENQUE,DE CONSULTA EXTERNA,19,PROLONGACIÓN,JUÁREZ,SIN NÚMERO,,13,EJIDO,ARROYO CARRIZAL,29930,,9611208236,PRIMER NIVEL,1,RURAL,1,OBRA NUEVA,1,PROPIO,"ESTABLECIMIENTO QUE PERTENECÍA A SECRETARIA DE SALUD DEL ESTADO, SE TTRANSFIERE A SERVICIOS DE SALUD IMSS BIENESTAR.",17.151439,-92.350281
CSIMB004346,CARAVANA TIPO 0 PUYIPA,CARAVANA TIPO 0 PUYIPA,PALENQUE,SERVICIOS DE SALUD IMSS BIENESTAR ,7,CHIAPAS,PALENQUE,PUYIPA,6,PALENQUE,DE CONSULTA EXTERNA,19,PROLONGACIÓN,JUÁREZ,SIN NÚMERO,,13,EJIDO,PUYIPA,29960,,9164071164,PRIMER NIVEL,1,RURAL,1,OBRA NUEVA,1,PROPIO,"ESTABLECIMIENTO QUE PERTENECÍA A SECRETARIA DE SALUD DEL ESTADO, SE TTRANSFIERE A SERVICIOS DE SALUD IMSS BIENESTAR.",17.347132,-91.938782
CSIMB004351,CARAVANA TIPO 0 EL OCOTAL,CARAVANA TIPO 0 EL OCOTAL,YAJALON,SERVICIOS DE SALUD IMSS BIENESTAR ,7,CHIAPAS,TILA,EL OCOTAL,6,PALENQUE,DE CONSULTA EXTERNA,19,PROLONGACIÓN,SIN NOMBRE,SIN NÚMERO,,13,EJIDO,EL OCOTAL,29930,,9622331246,PRIMER NIVEL,1,RURAL,1,OBRA NUEVA,1,PROPIO,"ESTABLECIMIENTO QUE PERTENECÍA A SECRETARIA DE SALUD DEL ESTADO, SE TTRANSFIERE A SERVICIOS DE SALUD IMSS BIENESTAR.",17.282458,-92.503983
CSIMB004363,CARAVANA TIPO 0 SANTA CANDELARIA,CARAVANA TIPO 0 SANTA CANDELARIA,YAJALON,SERVICIOS DE SALUD IMSS BIENESTAR ,7,CHIAPAS,YAJALON,SANTA CANDELARIA,6,PALENQUE,DE CONSULTA EXTERNA,19,PROLONGACIÓN,JUÁREZ,SIN NÚMERO,,13,EJIDO,SANTA CANDELARIA,29930,,9614524021,PRIMER NIVEL,1,RURAL,1,OBRA NUEVA,1,PROPIO,"ESTABLECIMIENTO QUE PERTENECÍA A SECRETARIA DE SALUD DEL ESTADO, SE TTRANSFIERE A SERVICIOS DE SALUD IMSS BIENESTAR.",17.162551,-92.310611
CSIMB004375,UNIDAD MEDICA MÓVIL ESQUIPULAS,UNIDAD MEDICA MÓVIL ESQUIPULAS,SIMOJOVEL,SERVICIOS DE SALUD IMSS BIENESTAR ,7,CHIAPAS,AMATAN,ESQUIPULAS,5,PICHUCALCO,DE APOYO,24,CARRETERA,LOS OLIVARES,SIN NÚMERO,,13,EJIDO,ESQUIPULAS,29705,CERCA DE LA CANCHA,9612525207,NO APLICA,1,RURAL,1,OBRA NUEVA,1,PROPIO,"ESTABLECIMIENTO QUE PERTENECÍA A SECRETARIA DE SALUD DEL ESTADO, SE TTRANSFIERE A SERVICIOS DE SALUD IMSS BIENESTAR.",17.109393,-92.760859
CSIMB004380,CARAVANA TIPO 0 LA ARENA,CARAVANA TIPO 0 LA ARENA,PALENQUE,SERVICIOS DE SALUD IMSS BIENESTAR ,7,CHIAPAS,OCOSINGO,LA ARENA,6,PALENQUE,DE CONSULTA EXTERNA,3,AVENIDA,11 SUR ORIENTE,SIN NÚMERO,,13,EJIDO,LA ARENA,29950,,9161214075,PRIMER NIVEL,1,RURAL,1,OBRA NUEVA,1,PROPIO,"ESTABLECIMIENTO QUE PERTENECÍA A SECRETARIA DE SALUD DEL ESTADO, SE TTRANSFIERE A SERVICIOS DE SALUD IMSS BIENESTAR.",17.115071,-91.522533
CSIMB004392,CARAVANA TIPO 0 ESPERANZA SÉTZER,CARAVANA TIPO 0 ESPERANZA SÉTZER,YAJALON,SERVICIOS DE SALUD IMSS BIENESTAR ,7,CHIAPAS,YAJALON,ESPERANZA SETZER,6,PALENQUE,DE CONSULTA EXTERNA,19,PROLONGACIÓN,JUÁREZ,SIN NÚMERO,,13,EJIDO,ESPERANZA SÉTZER,29930,,9671070183,PRIMER NIVEL,1,RURAL,1,OBRA NUEVA,1,PROPIO,"ESTABLECIMIENTO QUE PERTENECÍA A SECRETARIA DE SALUD DEL ESTADO, SE TTRANSFIERE A SERVICIOS DE SALUD IMSS BIENESTAR.",17.187929,-92.290059
CSIMB004404,CENTRO DE SALUD MICROREGIONAL CRISTOBAL COLON,CENTRO DE SALUD MICROREGIONAL CRISTOBAL COLON,CINTALAPA,SERVICIOS DE SALUD IMSS BIENESTAR ,7,CHIAPAS,JIQUIPILAS,CRISTOBAL COLON,1,TUXTLA GUTIERREZ,DE CONSULTA EXTERNA,5,CALLE,SIN NOMBRE,SIN NÚMERO,,7,COLONIA,CRISTOBAL COLON,30438,FRENTE AL PARQUE CENTRAL,9192094410,PRIMER NIVEL,1,RURAL,1,OBRA NUEVA,5,OTRO,"ESTABLECIMIENTO QUE PERTENECÍA A SECRETARIA DE SALUD DEL ESTADO, SE TTRANSFIERE A SERVICIOS DE SALUD IMSS BIENESTAR.",16.573056,-93.588333
CSIMB004416,COAPILLA,COAPILLA,TUXTLA,SERVICIOS DE SALUD IMSS BIENESTAR ,7,CHIAPAS,COAPILLA,COAPILLA,1,TUXTLA GUTIERREZ,DE CONSULTA EXTERNA,5,CALLE,3A. ORIENTE SUR ,SIN NÚMERO,,3,BARRIO,SAN ESTEBAN,29650,ENTRADA PRINCIPAL FRENTE A TALLER MECANICO,9611022556,PRIMER NIVEL,2,URBANO,1,OBRA NUEVA,5,OTRO,"ESTABLECIMIENTO QUE PERTENECÍA A SECRETARIA DE SALUD DEL ESTADO, SE TTRANSFIERE A SERVICIOS DE SALUD IMSS BIENESTAR.",17.1279104,-93.1586118
CSIMB004421,CENTRO DE SALUD MICROREGIONAL PONCIANO ARRIAGA,CENTRO DE SALUD MICROREGIONAL PONCIANO ARRIAGA,ACALA,SERVICIOS DE SALUD IMSS BIENESTAR ,7,CHIAPAS,TOTOLAPA,PONCIANO ARRIAGA,1,TUXTLA GUTIERREZ,DE CONSULTA EXTERNA,5,CALLE,2A. PONIENTE SUR,SIN NÚMERO,,7,COLONIA,PONCIANO ARRIAGA,30330,,9161221634,PRIMER NIVEL,1,RURAL,1,OBRA NUEVA,5,OTRO,"ESTABLECIMIENTO QUE PERTENECÍA A SECRETARIA DE SALUD DEL ESTADO, SE TTRANSFIERE A SERVICIOS DE SALUD IMSS BIENESTAR.",16.488753,-92.626846
CSIMB004433,CARAVANA TIPO 0 LA VICTORIA,CARAVANA TIPO 0 LA VICTORIA,CHAMULA,SERVICIOS DE SALUD IMSS BIENESTAR ,7,CHIAPAS,PANTELHO,LA VICTORIA,2,SAN CRISTÓBAL DE LAS CASAS,DE CONSULTA EXTERNA,23,CAMINO,SIN NOMBRE,SIN NÚMERO,,7,COLONIA,LA VICTORIA,29885,AUN COSTADO DE LA ESCUELA PREESCOLAR CONAFE,9191357356,PRIMER NIVEL,1,RURAL,6,SIN MODIFICACION,5,OTRO,"ESTABLECIMIENTO QUE PERTENECÍA A SECRETARIA DE SALUD DEL ESTADO, SE TTRANSFIERE A SERVICIOS DE SALUD IMSS BIENESTAR.",17.033023,-92.46542
CSIMB004445,CARAVANA TIPO 0 EL PIG,CARAVANA TIPO 0 EL PIG,SAN CRISTOBAL DE LAS CASAS,SERVICIOS DE SALUD IMSS BIENESTAR ,7,CHIAPAS,ZINACANTAN,EL PIG,2,SAN CRISTÓBAL DE LAS CASAS,DE CONSULTA EXTERNA,23,CAMINO,SIN NOMBRE,SIN NÚMERO,,21,PARAJE,EL PIG,29360,,9611889452,PRIMER NIVEL,1,RURAL,6,SIN MODIFICACION,5,OTRO,"ESTABLECIMIENTO QUE PERTENECÍA A SECRETARIA DE SALUD DEL ESTADO, SE TTRANSFIERE A SERVICIOS DE SALUD IMSS BIENESTAR.",16.732222,-92.764722
CSIMB004450,CARAVANA TIPO 0 PLAN PAREDÓN,CARAVANA TIPO 0 PLAN PAREDÓN,SIMOJOVEL,SERVICIOS DE SALUD IMSS BIENESTAR ,7,CHIAPAS,JITOTOL,PLAN PAREDON,5,PICHUCALCO,DE CONSULTA EXTERNA,24,CARRETERA,SIN NOMBRE,SIN NÚMERO,,13,EJIDO,PLAN PAREDÓN,29767,,9612002379,PRIMER NIVEL,1,RURAL,6,SIN MODIFICACION,1,PROPIO,"ESTABLECIMIENTO QUE PERTENECÍA A SECRETARIA DE SALUD DEL ESTADO, SE TTRANSFIERE A SERVICIOS DE SALUD IMSS BIENESTAR.",17.097373,-92.742236
CSIMB004462,CARAVANA TIPO 0 YUQUÍN,CARAVANA TIPO 0 YUQUÍN,SIMOJOVEL,SERVICIOS DE SALUD IMSS BIENESTAR ,7,CHIAPAS,SIMOJOVEL,YUQUIN,5,PICHUCALCO,DE CONSULTA EXTERNA,24,CARRETERA,A SIMOJOVEL-ANDRES DURAZNAL,SIN NÚMERO,,13,EJIDO,YUQUÍN,29824,,9321256268,PRIMER NIVEL,1,RURAL,6,SIN MODIFICACION,1,PROPIO,"ESTABLECIMIENTO QUE PERTENECÍA A SECRETARIA DE SALUD DEL ESTADO, SE TTRANSFIERE A SERVICIOS DE SALUD IMSS BIENESTAR.",17.030601,-92.761732
CSIMB004474,CARAVANA TIPO 0 SAN MIGUEL,CARAVANA TIPO 0 SAN MIGUEL,SIMOJOVEL,SERVICIOS DE SALUD IMSS BIENESTAR ,7,CHIAPAS,EL BOSQUE,SAN MIGUEL,5,PICHUCALCO,DE CONSULTA EXTERNA,24,CARRETERA,CONGREGACION SAN MIGUEL,SIN NÚMERO,,7,COLONIA,SAN MIGUEL,29846,,9191432948,PRIMER NIVEL,1,RURAL,6,SIN MODIFICACION,1,PROPIO,"ESTABLECIMIENTO QUE PERTENECÍA A SECRETARIA DE SALUD DEL ESTADO, SE TTRANSFIERE A SERVICIOS DE SALUD IMSS BIENESTAR.",17.097812,-92.699214
CSIMB004486,CARAVANA TIPO 0 LAS LIMAS,CARAVANA TIPO 0 LAS LIMAS,SIMOJOVEL,SERVICIOS DE SALUD IMSS BIENESTAR ,7,CHIAPAS,SIMOJOVEL,LAS LIMAS,5,PICHUCALCO,DE CONSULTA EXTERNA,24,CARRETERA,LAS LIMAS,SIN NÚMERO,,13,EJIDO,LAS LIMAS,29822,,9613266388,PRIMER NIVEL,1,RURAL,6,SIN MODIFICACION,1,PROPIO,"ESTABLECIMIENTO QUE PERTENECÍA A SECRETARIA DE SALUD DEL ESTADO, SE TTRANSFIERE A SERVICIOS DE SALUD IMSS BIENESTAR.",17.097812,-92.699214
CSIMB004491,CARAVANA TIPO 0 VILLAFLORES,CARAVANA TIPO 0 VILLAFLORES,YAJALON,SERVICIOS DE SALUD IMSS BIENESTAR ,7,CHIAPAS,TILA,VILLAFLORES,6,PALENQUE,DE CONSULTA EXTERNA,5,CALLE,JUÁREZ,SIN NÚMERO,,13,EJIDO,VILLAFLORE,29910,,9661013518,PRIMER NIVEL,1,RURAL,6,SIN MODIFICACION,1,PROPIO,"ESTABLECIMIENTO QUE PERTENECÍA A SECRETARIA DE SALUD DEL ESTADO, SE TTRANSFIERE A SERVICIOS DE SALUD IMSS BIENESTAR.",17.298101,-92.487655
CSIMB004503,CARAVANA TIPO 0 JOLNOPA GUADALUPE,CARAVANA TIPO 0 JOLNOPA GUADALUPE,YAJALON,SERVICIOS DE SALUD IMSS BIENESTAR ,7,CHIAPAS,TILA,JOLNOPA GUADALUPE,6,PALENQUE,DE CONSULTA EXTERNA,19,PROLONGACIÓN,JUÁREZ,SIN NÚMERO,,13,EJIDO,JOLNOPA GUADALUPE,29910,,9621146633,PRIMER NIVEL,1,RURAL,6,SIN MODIFICACION,1,PROPIO,"ESTABLECIMIENTO QUE PERTENECÍA A SECRETARIA DE SALUD DEL ESTADO, SE TTRANSFIERE A SERVICIOS DE SALUD IMSS BIENESTAR.",17.351908,-92.464072
CSIMB004515,CARAVANA TIPO 0 ESPERANZA TAKINUKUM,CARAVANA TIPO 0 ESPERANZA TAKINUKUM,YAJALON,SERVICIOS DE SALUD IMSS BIENESTAR ,7,CHIAPAS,YAJALON,ESPERANZA TAKINUKUM,6,PALENQUE,DE CONSULTA EXTERNA,19,PROLONGACIÓN,JUÁREZ,SIN NÚMERO,,13,EJIDO,ESPERANZA TAKINULUM,29930,,9612514886,PRIMER NIVEL,1,RURAL,6,SIN MODIFICACION,1,PROPIO,"ESTABLECIMIENTO QUE PERTENECÍA A SECRETARIA DE SALUD DEL ESTADO, SE TTRANSFIERE A SERVICIOS DE SALUD IMSS BIENESTAR.",17.210169,-92.330251
CSIMB004520,CARAVANA TIPO 0 LA CONCORDIA,CARAVANA TIPO 0 LA CONCORDIA,PALENQUE,SERVICIOS DE SALUD IMSS BIENESTAR ,7,CHIAPAS,SALTO DE AGUA,LA CONCORDIA (MONTE GRANDE),6,PALENQUE,DE CONSULTA EXTERNA,19,PROLONGACIÓN,JUÁREZ,SIN NÚMERO,,13,EJIDO,LA CONCORDIA,29900,,9671279041,PRIMER NIVEL,1,RURAL,6,SIN MODIFICACION,1,PROPIO,"ESTABLECIMIENTO QUE PERTENECÍA A SECRETARIA DE SALUD DEL ESTADO, SE TTRANSFIERE A SERVICIOS DE SALUD IMSS BIENESTAR.",17.273968,-92.025221
CSIMB004532,CARAVANA TIPO 0 SAN JUAN CHANCALAITO,CARAVANA TIPO 0 SAN JUAN CHANCALAITO,PALENQUE,SERVICIOS DE SALUD IMSS BIENESTAR ,7,CHIAPAS,PALENQUE,SAN JUAN CHANCALAITO,6,PALENQUE,DE CONSULTA EXTERNA,19,PROLONGACIÓN,JUÁREZ,SIN NÚMERO,,13,EJIDO,SAN JUAN CHANCALAITO,29960,,9934299964,PRIMER NIVEL,1,RURAL,6,SIN MODIFICACION,1,PROPIO,"ESTABLECIMIENTO QUE PERTENECÍA A SECRETARIA DE SALUD DEL ESTADO, SE TTRANSFIERE A SERVICIOS DE SALUD IMSS BIENESTAR.",17.345091,-91.728204
CSIMB004544,CARAVANA TIPO 0 EL PRADO,CARAVANA TIPO 0 EL PRADO,OCOSINGO,SERVICIOS DE SALUD IMSS BIENESTAR ,7,CHIAPAS,OCOSINGO,EL PRADO PACAYAL,9,OCOSINGO,DE CONSULTA EXTERNA,22,NINGUNO,SIN NOMBRE,SIN NÚMERO,,13,EJIDO,BARRIO TONINA,29950,,9621329569,PRIMER NIVEL,1,RURAL,6,SIN MODIFICACION,1,PROPIO,"ESTABLECIMIENTO QUE PERTENECÍA A SECRETARIA DE SALUD DEL ESTADO, SE TTRANSFIERE A SERVICIOS DE SALUD IMSS BIENESTAR.",16.676262,-91.666168
CSIMB004556,CENTRO DE SALUD POTRERILLO,CENTRO DE SALUD POTRERILLO,EL PORVENIR,SERVICIOS DE SALUD IMSS BIENESTAR ,7,CHIAPAS,AMATENANGO DE LA FRONTERA,POTRERILLO,10,MOTOZINTLA,DE CONSULTA EXTERNA,5,CALLE,AMATENANGO,SIN NÚMERO,,7,COLONIA,POTRERILLO,30940,,9631675487,PRIMER NIVEL,2,URBANO,2,SUSTITUCION DE OBRA,5,OTRO,"ESTABLECIMIENTO QUE PERTENECÍA A SECRETARIA DE SALUD DEL ESTADO, SE TTRANSFIERE A SERVICIOS DE SALUD IMSS BIENESTAR.",15.630281,-92.018419
CSIMB004561,CENTRO DE SALUD VILLA HERMOSA,CENTRO DE SALUD VILLA HERMOSA,EL PORVENIR,SERVICIOS DE SALUD IMSS BIENESTAR ,7,CHIAPAS,MOTOZINTLA,VILLA HERMOSA,10,MOTOZINTLA,DE CONSULTA EXTERNA,23,CAMINO,SIN NOMBRE,SIN NÚMERO,,13,EJIDO,VILLA HERMOSA,30910,,9612441088,PRIMER NIVEL,1,RURAL,1,OBRA NUEVA,5,OTRO,"ESTABLECIMIENTO QUE PERTENECÍA A SECRETARIA DE SALUD DEL ESTADO, SE TTRANSFIERE A SERVICIOS DE SALUD IMSS BIENESTAR.",15.296997,-92.343416
CSIMB004573,CENTRO DE SALUD SAN CRISTOBAL DE LAS CASAS,CENTRO DE SALUD SAN CRISTOBAL DE LAS CASAS,SAN CRISTOBAL DE LAS CASAS,SERVICIOS DE SALUD IMSS BIENESTAR ,7,CHIAPAS,SAN CRISTOBAL DE LAS CASAS,SAN CRISTOBAL DE LAS CASAS,2,SAN CRISTÓBAL DE LAS CASAS,DE CONSULTA EXTERNA,4,BOULEVARD,LOS CRONISTAS,42,,7,COLONIA,PRUDENCIO MOSCOSO,29217,A UN COSTADO DEL MERCADO ZONA NORTE,9612994285,PRIMER NIVEL,2,URBANO,1,OBRA NUEVA,5,OTRO,"ESTABLECIMIENTO QUE PERTENECÍA A SECRETARIA DE SALUD DEL ESTADO, SE TTRANSFIERE A SERVICIOS DE SALUD IMSS BIENESTAR.",16.753088,-92.65652
CSIMB004585,UNIDAD MEDICA MOVIL 311 SAN ANTONIO LOS ALTOS,UNIDAD MEDICA MOVIL 311 SAN ANTONIO LOS ALTOS,COMITAN,SERVICIOS DE SALUD IMSS BIENESTAR ,7,CHIAPAS,LAS MARGARITAS,SAN ANTONIO LOS ALTOS,3,COMITÁN,DE APOYO,22,NINGUNO,SIN NOMBRE,SIN NÚMERO,,7,COLONIA,SAN ANTONIO LOS ALTOS,30000,PASANDO EL DOMO,9622636063,NO APLICA,1,RURAL,1,OBRA NUEVA,5,OTRO,"ESTABLECIMIENTO QUE PERTENECÍA A SECRETARIA DE SALUD DEL ESTADO, SE TTRANSFIERE A SERVICIOS DE SALUD IMSS BIENESTAR.",16.278129,-91.692943
CSIMB004590,UNIDAD MEDICA MOVIL 307 SAMUEL LEON BRINDIS,UNIDAD MEDICA MOVIL 307 SAMUEL LEON BRINDIS,ACALA,SERVICIOS DE SALUD IMSS BIENESTAR ,7,CHIAPAS,SOCOLTENANGO,DOCTOR SAMUEL LEON BRINDIS,3,COMITÁN,DE CONSULTA EXTERNA,23,CAMINO,SIN NOMBRE,SIN NÚMERO,,7,COLONIA,DOCTOR SAMUEL LEÓN BRINDIS,30390,,9621635102,PRIMER NIVEL,1,RURAL,1,OBRA NUEVA,5,OTRO,"ESTABLECIMIENTO QUE PERTENECÍA A SECRETARIA DE SALUD DEL ESTADO, SE TTRANSFIERE A SERVICIOS DE SALUD IMSS BIENESTAR.",16.108992,-92.355745
CSIMB004602,CENTRO DE SALUD RURAL RANCHERIA EL CONGRESO,CENTRO DE SALUD RURAL RANCHERIA EL CONGRESO,TONALA,SERVICIOS DE SALUD IMSS BIENESTAR ,7,CHIAPAS,TONALA,EL CONGRESO,8,TONALÁ,DE CONSULTA EXTERNA,5,CALLE,SIN NOMBRE,SIN NÚMERO,,27,RANCHERÍA,EL CONGRESO,30503,FRENTE AL PARQUE CENTRAL,9161291319,PRIMER NIVEL,1,RURAL,1,OBRA NUEVA,5,OTRO,"ESTABLECIMIENTO QUE PERTENECÍA A SECRETARIA DE SALUD DEL ESTADO, SE TTRANSFIERE A SERVICIOS DE SALUD IMSS BIENESTAR.",16.0512185,-93.7911904
CSIMB004614,MIGUEL ALEMÁN,MIGUEL ALEMÁN,TAPACHULA,SERVICIOS DE SALUD IMSS BIENESTAR ,7,CHIAPAS,SUCHIATE,MIGUEL ALEMAN,7,TAPACHULA,DE CONSULTA EXTERNA,5,CALLE,CENTRAL SUR,2,,13,EJIDO,MIGUEL ALEMAN,30844,A UNA CUADRA DEL PARQUE CENTRAL,9191359221,PRIMER NIVEL,1,RURAL,6,SIN MODIFICACION,5,OTRO,"ESTABLECIMIENTO QUE PERTENECÍA A SECRETARIA DE SALUD DEL ESTADO, SE TTRANSFIERE A SERVICIOS DE SALUD IMSS BIENESTAR.",14.558858,-92.217144
CSIMB004626,H. B. C. DEL PORVENIR,H. B. C. DEL PORVENIR,EL PORVENIR,SERVICIOS DE SALUD IMSS BIENESTAR ,7,CHIAPAS,EL PORVENIR,EL PORVENIR DE VELASCO SUAREZ,10,MOTOZINTLA,DE HOSPITALIZACIÓN,5,CALLE,PINO SOL,SIN NÚMERO,,3,BARRIO,PINO SOL,30970,DOMICILIO CONOCIDO BARRIO PINO AL LADO DEL AUDITORIO,9681055073,SEGUNDO NIVEL,2,URBANO,6,SIN MODIFICACION,1,PROPIO,"ESTABLECIMIENTO QUE PERTENECÍA A SECRETARIA DE SALUD DEL ESTADO, SE TTRANSFIERE A SERVICIOS DE SALUD IMSS BIENESTAR.",15.453841,-92.276784
CSIMB004631,H. B. C. DE REVOLUCIÓN MEXICANA,H. B. C. DE REVOLUCIÓN MEXICANA,VILLAFLORES,SERVICIOS DE SALUD IMSS BIENESTAR ,7,CHIAPAS,VILLA CORZO,REVOLUCION MEXICANA,4,VILLAFLORES,DE HOSPITALIZACIÓN,5,CALLE,2A. NORTE ORIENTE ,SIN NÚMERO,,7,COLONIA,REVOLUCIÓN MEXICANA,30533,CARRETERA JALTENANGO-VILLACORZO S/N,9191102631,SEGUNDO NIVEL,2,URBANO,6,SIN MODIFICACION,1,PROPIO,"ESTABLECIMIENTO QUE PERTENECÍA A SECRETARIA DE SALUD DEL ESTADO, SE TTRANSFIERE A SERVICIOS DE SALUD IMSS BIENESTAR.",16.166713,-93.079977
CSIMB004643,"HOSPITAL BÁSICO COMUNITARIO, TAPILULA","HOSPITAL BÁSICO COMUNITARIO, TAPILULA",PICHUCALCO,SERVICIOS DE SALUD IMSS BIENESTAR ,7,CHIAPAS,TAPILULA,TAPILULA,5,PICHUCALCO,DE HOSPITALIZACIÓN,24,CARRETERA,INTERNACIONAL A PICHUCALCO,SIN NÚMERO,,3,BARRIO,GUADALUPE,29730,"ATRÁS DE LA IGLESIA DE GUADALUPE, CARRETERA A PICHUCALCO S/N",9931640589,SEGUNDO NIVEL,2,URBANO,6,SIN MODIFICACION,1,PROPIO,"ESTABLECIMIENTO QUE PERTENECÍA A SECRETARIA DE SALUD DEL ESTADO, SE TTRANSFIERE A SERVICIOS DE SALUD IMSS BIENESTAR.",17.255878,-93.017017
CSIMB004655,CENTRO DE SALUD SAN MIGUEL 1A. SECCIÓN,CENTRO DE SALUD SAN MIGUEL 1A. SECCIÓN,PICHUCALCO,SERVICIOS DE SALUD IMSS BIENESTAR ,7,CHIAPAS,REFORMA,SAN MIGUEL 1RA. SECCION,5,PICHUCALCO,DE CONSULTA EXTERNA,23,CAMINO,A BOCA LIMON,SIN NÚMERO,,27,RANCHERÍA,SAN MIGUEL 1RA. SECCION,29507,NO DISPONIBLE,9617098163,PRIMER NIVEL,1,RURAL,6,SIN MODIFICACION,5,OTRO,"ESTABLECIMIENTO QUE PERTENECÍA A SECRETARIA DE SALUD DEL ESTADO, SE TTRANSFIERE A SERVICIOS DE SALUD IMSS BIENESTAR.",17.906518,-93.175296
CSIMB004660,CENTRO DE SALUD LA CEIBA,CENTRO DE SALUD LA CEIBA,SIMOJOVEL,SERVICIOS DE SALUD IMSS BIENESTAR ,7,CHIAPAS,SIMOJOVEL,LA CEIBA,5,PICHUCALCO,DE CONSULTA EXTERNA,5,CALLE,SECTOR 3,SIN NÚMERO,,3,BARRIO,CENTRO,29833,NO DISPONIBLE,9926611210,PRIMER NIVEL,1,RURAL,6,SIN MODIFICACION,5,OTRO,"ESTABLECIMIENTO QUE PERTENECÍA A SECRETARIA DE SALUD DEL ESTADO, SE TTRANSFIERE A SERVICIOS DE SALUD IMSS BIENESTAR.",17.134066,-92.518188
CSIMB004672,CENTRO DE SALUD RAFAEL PASCACIO GAMBOA,CENTRO DE SALUD RAFAEL PASCACIO GAMBOA,PICHUCALCO,SERVICIOS DE SALUD IMSS BIENESTAR ,7,CHIAPAS,REFORMA,RAFAEL PASCACIO GAMBOA,5,PICHUCALCO,DE CONSULTA EXTERNA,5,CALLE,SIN NOMBRE,SIN NÚMERO,,7,COLONIA,CENTRO,29508,NO DISPONIBLE,9341125450,PRIMER NIVEL,1,RURAL,6,SIN MODIFICACION,5,OTRO,"ESTABLECIMIENTO QUE PERTENECÍA A SECRETARIA DE SALUD DEL ESTADO, SE TTRANSFIERE A SERVICIOS DE SALUD IMSS BIENESTAR.",17.916408,-93.270013
CSIMB004684,EL MANGUITO,EL MANGUITO,TONALA,SERVICIOS DE SALUD IMSS BIENESTAR ,7,CHIAPAS,TONALA,EL MANGUITO,8,TONALÁ,DE CONSULTA EXTERNA,5,CALLE,SIN NOMBRE,SIN NÚMERO,,27,RANCHERÍA,EL MANGUITO,30511,FRENTE A LA ESC. PRIMARIA BENITO JUÁREZ,5551515597,PRIMER NIVEL,1,RURAL,6,SIN MODIFICACION,5,OTRO,"ESTABLECIMIENTO QUE PERTENECÍA A SECRETARIA DE SALUD DEL ESTADO, SE TTRANSFIERE A SERVICIOS DE SALUD IMSS BIENESTAR.",15.7608914,-93.528736
CSIMB004696,SOYALÓ,SOYALÓ,ACALA,SERVICIOS DE SALUD IMSS BIENESTAR ,7,CHIAPAS,SOYALO,SOYALO,1,TUXTLA GUTIERREZ,DE CONSULTA EXTERNA,24,CARRETERA,EMILIANO ZAPATA,SIN NÚMERO,,25,PUEBLO,SOYALO,29780,CARR. A SOYALO,9626284029,PRIMER NIVEL,2,URBANO,6,SIN MODIFICACION,5,OTRO,"ESTABLECIMIENTO QUE PERTENECÍA A SECRETARIA DE SALUD DEL ESTADO, SE TTRANSFIERE A SERVICIOS DE SALUD IMSS BIENESTAR.",16.8890486,-92.9145703
CSIMB004701,NUEVO HUIXTÁN,NUEVO HUIXTÁN,COMITAN,SERVICIOS DE SALUD IMSS BIENESTAR ,7,CHIAPAS,LAS MARGARITAS,NUEVO HUIXTAN,3,COMITÁN,DE CONSULTA EXTERNA,3,AVENIDA,1A. PONIENTE NORTE,SIN NÚMERO,,13,EJIDO,NUEVO HUIXTAN,30180,CALLE MORELOS ESQ. AV. MÉXICO S/N.,9611390741,PRIMER NIVEL,1,RURAL,6,SIN MODIFICACION,1,PROPIO,"ESTABLECIMIENTO QUE PERTENECÍA A SECRETARIA DE SALUD DEL ESTADO, SE TTRANSFIERE A SERVICIOS DE SALUD IMSS BIENESTAR.",16.15555,-91.413056
CSIMB004713,H. B. C. DE LARRAINZAR,H. B. C. DE LARRAINZAR,CHAMULA,SERVICIOS DE SALUD IMSS BIENESTAR ,7,CHIAPAS,LARRAINZAR,LARRAINZAR,2,SAN CRISTÓBAL DE LAS CASAS,DE HOSPITALIZACIÓN,24,CARRETERA,A PUERTO CATE,SIN NÚMERO,,25,PUEBLO,LARRAINZAR,29860,,9636360236,SEGUNDO NIVEL,2,URBANO,6,SIN MODIFICACION,1,PROPIO,"ESTABLECIMIENTO QUE PERTENECÍA A SECRETARIA DE SALUD DEL ESTADO, SE TTRANSFIERE A SERVICIOS DE SALUD IMSS BIENESTAR.",16.879071,-92.714878
CSIMB004725,H. B. C. DE SANTO DOMINGO,H. B. C. DE SANTO DOMINGO,PALENQUE,SERVICIOS DE SALUD IMSS BIENESTAR ,7,CHIAPAS,OCOSINGO,SANTO DOMINGO,6,PALENQUE,DE HOSPITALIZACIÓN,5,CALLE,VICENTE GUERRRO,SIN NÚMERO,,25,PUEBLO,SANTO DOMINGO,29950,VICENTE S/N,9613482423,SEGUNDO NIVEL,1,RURAL,6,SIN MODIFICACION,1,PROPIO,"ESTABLECIMIENTO QUE PERTENECÍA A SECRETARIA DE SALUD DEL ESTADO, SE TTRANSFIERE A SERVICIOS DE SALUD IMSS BIENESTAR.",17.0232,-91.4195
CSIMB004730,CENTRO DE SALUD MICROREGIONAL BALUNACO,CENTRO DE SALUD MICROREGIONAL BALUNACO,CHAMULA,SERVICIOS DE SALUD IMSS BIENESTAR ,7,CHIAPAS,CHALCHIHUITAN,BALUNACO,2,SAN CRISTÓBAL DE LAS CASAS,DE CONSULTA EXTERNA,24,CARRETERA,CRUCERO NAMTIK PARAJE,SIN NÚMERO,,25,PUEBLO,BALUNACO,29851,CRUCERO NAMTIK PARAJE,9613363825,PRIMER NIVEL,1,RURAL,6,SIN MODIFICACION,5,OTRO,"ESTABLECIMIENTO QUE PERTENECÍA A SECRETARIA DE SALUD DEL ESTADO, SE TTRANSFIERE A SERVICIOS DE SALUD IMSS BIENESTAR.",17.00843,-92.569182
CSIMB004742,NATILTÓN,NATILTÓN,COMITAN,SERVICIOS DE SALUD IMSS BIENESTAR ,7,CHIAPAS,CHANAL,NATILTON,2,SAN CRISTÓBAL DE LAS CASAS,DE CONSULTA EXTERNA,23,CAMINO,SIN NOMBRE,SIN NÚMERO,,21,PARAJE,NATILTON,29441,CAMINO SANTA ROSALIA,9994865636,PRIMER NIVEL,1,RURAL,6,SIN MODIFICACION,5,OTRO,"ESTABLECIMIENTO QUE PERTENECÍA A SECRETARIA DE SALUD DEL ESTADO, SE TTRANSFIERE A SERVICIOS DE SALUD IMSS BIENESTAR.",16.525238,-92.205621
CSIMB004754,MAJUMPEPEN,MAJUMPEPEN,CHAMULA,SERVICIOS DE SALUD IMSS BIENESTAR ,7,CHIAPAS,CHENALHO,MAJONPEPENTIK,2,SAN CRISTÓBAL DE LAS CASAS,DE CONSULTA EXTERNA,24,CARRETERA,PANTELHO,SIN NÚMERO,,21,PARAJE,MAJUMPEPEN,29870,CARRETERA PANTELHO,9612493836,PRIMER NIVEL,1,RURAL,6,SIN MODIFICACION,5,OTRO,"ESTABLECIMIENTO QUE PERTENECÍA A SECRETARIA DE SALUD DEL ESTADO, SE TTRANSFIERE A SERVICIOS DE SALUD IMSS BIENESTAR.",16.971508,-92.545765
CSIMB004766,TZAJALCHÉN,TZAJALCHÉN,CHAMULA,SERVICIOS DE SALUD IMSS BIENESTAR ,7,CHIAPAS,CHENALHO,TZAJALCHEN,2,SAN CRISTÓBAL DE LAS CASAS,DE CONSULTA EXTERNA,23,CAMINO,TZAMETAL,SIN NUMERO,,27,RANCHERÍA,TZAJALCHEN,29876,CAMINO TZAMETAL,0,PRIMER NIVEL,1,RURAL,1,OBRA NUEVA,5,OTRO,"ESTABLECIMIENTO QUE PERTENECÍA A SECRETARIA DE SALUD DEL ESTADO, SE TTRANSFIERE A SERVICIOS DE SALUD IMSS BIENESTAR. PENDIENTE PERMISO SANITARIO YA QUE SE PRESETAN FALLAS EN PLATAFORMA COFEPRIS, SE ANEXA OFICIO.",17.040351,-92.520227
CSIMB004771,SAN JUAN CANCUC,SAN JUAN CANCUC,OXCHUC,SERVICIOS DE SALUD IMSS BIENESTAR ,7,CHIAPAS,SAN JUAN CANCUC,SAN JUAN CANCUC,2,SAN CRISTÓBAL DE LAS CASAS,DE CONSULTA EXTERNA,24,CARRETERA,SIN NOMBRE,SIN NÚMERO,,25,PUEBLO,SAN JUAN CANCUC,29790,A UN COSTADO DE LAS RUINAS DE LA IGLESIA CATÓLICA,9631662407,PRIMER NIVEL,2,URBANO,1,OBRA NUEVA,5,OTRO,"ESTABLECIMIENTO QUE PERTENECÍA A SECRETARIA DE SALUD DEL ESTADO, SE TTRANSFIERE A SERVICIOS DE SALUD IMSS BIENESTAR.",16.8857,-92.36297
CSIMB004783,ZINACANTÁN,ZINACANTÁN,SAN CRISTOBAL DE LAS CASAS,SERVICIOS DE SALUD IMSS BIENESTAR ,7,CHIAPAS,ZINACANTAN,ZINACANTAN,2,SAN CRISTÓBAL DE LAS CASAS,DE CONSULTA EXTERNA,5,CALLE,JUAN PABLO II,SIN NÚMERO,,21,PARAJE,CENTRO,29350,"CONOCIDO, COL. CENTRO",9612768193,PRIMER NIVEL,2,URBANO,6,SIN MODIFICACION,5,OTRO,"ESTABLECIMIENTO QUE PERTENECÍA A SECRETARIA DE SALUD DEL ESTADO, SE TTRANSFIERE A SERVICIOS DE SALUD IMSS BIENESTAR.",16.763814,-92.72269
CSIMB004795,CARAVANA TIPO 3 TZAJALÁ,CARAVANA TIPO 3 TZAJALÁ,SAN CRISTOBAL DE LAS CASAS,SERVICIOS DE SALUD IMSS BIENESTAR ,7,CHIAPAS,TEOPISCA,TZAJALA,2,SAN CRISTÓBAL DE LAS CASAS,DE CONSULTA EXTERNA,23,CAMINO,TZAJALA,SIN NÚMERO,,13,EJIDO,TZAJALA,29412,AVENIDA INSURGENTES NO.26,9661020270,PRIMER NIVEL,1,RURAL,6,SIN MODIFICACION,5,OTRO,"ESTABLECIMIENTO QUE PERTENECÍA A SECRETARIA DE SALUD DEL ESTADO, SE TTRANSFIERE A SERVICIOS DE SALUD IMSS BIENESTAR.",16.602932,-92.469129
CSIMB004800,CARAVANA TIPO 2 EL TRIUNFO,CARAVANA TIPO 2 EL TRIUNFO,PICHUCALCO,SERVICIOS DE SALUD IMSS BIENESTAR ,7,CHIAPAS,PANTEPEC,EL TRIUNFO,5,PICHUCALCO,DE CONSULTA EXTERNA,23,CAMINO,EL TRIUNFO,SIN NÚMERO,,27,RANCHERÍA,EL TRIUNFO,29661,CALLE ALDAMA NO. 7,9612695018,PRIMER NIVEL,1,RURAL,6,SIN MODIFICACION,1,PROPIO,"ESTABLECIMIENTO QUE PERTENECÍA A SECRETARIA DE SALUD DEL ESTADO, SE TTRANSFIERE A SERVICIOS DE SALUD IMSS BIENESTAR.",17.219383,-93.053901
CSIMB004812,CARAVANA TIPO 2 DOS RIOS,CARAVANA TIPO 2 DOS RIOS,PALENQUE,SERVICIOS DE SALUD IMSS BIENESTAR ,7,CHIAPAS,SALTO DE AGUA,DOS RIOS,6,PALENQUE,DE CONSULTA EXTERNA,5,CALLE,JUÁREZ,SIN NÚMERO,,13,EJIDO,DOS RIOS,29900,PROLONGACIÓN JUÁREZ S/N,9671203949,PRIMER NIVEL,1,RURAL,6,SIN MODIFICACION,1,PROPIO,"ESTABLECIMIENTO QUE PERTENECÍA A SECRETARIA DE SALUD DEL ESTADO, SE TTRANSFIERE A SERVICIOS DE SALUD IMSS BIENESTAR.",17.48528,-92.30917
CSIMB004824,CARAVANA TIPO 1 CHEWAL MUQUENAL,CARAVANA TIPO 1 CHEWAL MUQUENAL,YAJALON,SERVICIOS DE SALUD IMSS BIENESTAR ,7,CHIAPAS,CHILON,CHEWAL MUQUENAL,9,OCOSINGO,DE CONSULTA EXTERNA,23,CAMINO,SITIM - CHILON,SIN NÚMERO,,27,RANCHERÍA,SIN NOMBRE,29940,CASA EJIDAL,9613534031,PRIMER NIVEL,1,RURAL,6,SIN MODIFICACION,1,PROPIO,"ESTABLECIMIENTO QUE PERTENECÍA A SECRETARIA DE SALUD DEL ESTADO, SE TTRANSFIERE A SERVICIOS DE SALUD IMSS BIENESTAR.",17.038688,-92.277442
CSIMB004836,CARAVANA TIPO 1 YA´ALTZEMEN,CARAVANA TIPO 1 YA´ALTZEMEN,YAJALON,SERVICIOS DE SALUD IMSS BIENESTAR ,7,CHIAPAS,CHILON,YA'ALTZEMEN,9,OCOSINGO,DE CONSULTA EXTERNA,23,CAMINO,SIN NOMBRE,SIN NÚMERO,,27,RANCHERÍA,SIN NOMBRE,29940,CASA EJIDAL,9613185730,PRIMER NIVEL,1,RURAL,6,SIN MODIFICACION,1,PROPIO,"ESTABLECIMIENTO QUE PERTENECÍA A SECRETARIA DE SALUD DEL ESTADO, SE TTRANSFIERE A SERVICIOS DE SALUD IMSS BIENESTAR.",17.042297,-92.248797
CSIMB004841,CARAVANA TIPO 2 LA FLORIDA,CARAVANA TIPO 2 LA FLORIDA,CINTALAPA,SERVICIOS DE SALUD IMSS BIENESTAR ,7,CHIAPAS,CINTALAPA DE FIGUEROA,LA FLORIDA,1,TUXTLA GUTIERREZ,DE CONSULTA EXTERNA,5,CALLE,HIDALGO,SIN NÚMERO,,7,COLONIA,LA FLORIDA,30426,CASA EJIDAL,9611201646,PRIMER NIVEL,1,RURAL,6,SIN MODIFICACION,1,PROPIO,"ESTABLECIMIENTO QUE PERTENECÍA A SECRETARIA DE SALUD DEL ESTADO, SE TTRANSFIERE A SERVICIOS DE SALUD IMSS BIENESTAR.",17.2375,-93.1386
CSIMB004853,CENTRO DE SALUD IXTAPANGAJOYA,CENTRO DE SALUD IXTAPANGAJOYA,PICHUCALCO,SERVICIOS DE SALUD IMSS BIENESTAR ,7,CHIAPAS,IXTAPANGAJOYA,IXTAPANGAJOYA,5,PICHUCALCO,DE CONSULTA EXTERNA,5,CALLE,DE LA INDEPENDENCIA,SIN NÚMERO,,25,PUEBLO,IXTAPANGAJOYA,29590,"CARRETERA IXTAPANGAJOYA-TEAPA, BARRIO LOS REYES",9161245766,PRIMER NIVEL,2,URBANO,6,SIN MODIFICACION,5,OTRO,"ESTABLECIMIENTO QUE PERTENECÍA A SECRETARIA DE SALUD DEL ESTADO, SE TTRANSFIERE A SERVICIOS DE SALUD IMSS BIENESTAR.",17.498132,-92.999423
CSIMB004865,CENTRO DE SALUD SOLOSUCHIAPA,CENTRO DE SALUD SOLOSUCHIAPA,PICHUCALCO,SERVICIOS DE SALUD IMSS BIENESTAR ,7,CHIAPAS,SOLOSUCHIAPA,SOLOSUCHIAPA,5,PICHUCALCO,DE CONSULTA EXTERNA,5,CALLE,FRANCISCO I. MADERO,SIN NÚMERO,,7,COLONIA,CENTRO,29580,"PROLONGACIÓN DE FRANCISCO I. MADERO, AUN COSTADO DEL TELEBACHILLERATO.",9626205953,PRIMER NIVEL,2,URBANO,6,SIN MODIFICACION,5,OTRO,"ESTABLECIMIENTO QUE PERTENECÍA A SECRETARIA DE SALUD DEL ESTADO, SE TTRANSFIERE A SERVICIOS DE SALUD IMSS BIENESTAR.",17.430068,-93.029241
CSIMB004870,SITALÁ,SITALÁ,YAJALON,SERVICIOS DE SALUD IMSS BIENESTAR ,7,CHIAPAS,SITALA,SITALA,9,OCOSINGO,DE CONSULTA EXTERNA,5,CALLE,José maría Morelos y pavón,SIN NÚMERO,,25,PUEBLO,SITALA,29890,ANTIGUO CAMPO DE FUTBOL,9611044238,PRIMER NIVEL,2,URBANO,6,SIN MODIFICACION,4,IRREGULAR,"ESTABLECIMIENTO QUE PERTENECÍA A SECRETARIA DE SALUD DEL ESTADO, SE TTRANSFIERE A SERVICIOS DE SALUD IMSS BIENESTAR.",17.02113,-92.311377
CSIMB004882,NUEVO PARAÍSO,NUEVO PARAÍSO,VILLAFLORES,SERVICIOS DE SALUD IMSS BIENESTAR ,7,CHIAPAS,LA CONCORDIA,NUEVO PARAISO,4,VILLAFLORES,DE CONSULTA EXTERNA,5,CALLE,SIN NOMBRE,SIN NÚMERO,,7,COLONIA,NUEVO PARAISO,30495,CALLE PRINCIPAL A UN LADO DE LA IGLESIA,5585348571,PRIMER NIVEL,1,RURAL,6,SIN MODIFICACION,5,OTRO,"ESTABLECIMIENTO QUE PERTENECÍA A SECRETARIA DE SALUD DEL ESTADO, SE TTRANSFIERE A SERVICIOS DE SALUD IMSS BIENESTAR.",15.87,-92.9492
CSIMB004894,EL TEPEYAC,EL TEPEYAC,CINTALAPA,SERVICIOS DE SALUD IMSS BIENESTAR ,7,CHIAPAS,CINTALAPA DE FIGUEROA,EL TEPEYAC,1,TUXTLA GUTIERREZ,DE CONSULTA EXTERNA,5,CALLE,CUARTA PONIENTE,420,,27,RANCHERÍA,EL TEPEYAC,30400,CONOCIDO,9681036057,PRIMER NIVEL,1,RURAL,6,SIN MODIFICACION,5,OTRO,"ESTABLECIMIENTO QUE PERTENECÍA A SECRETARIA DE SALUD DEL ESTADO, SE TTRANSFIERE A SERVICIOS DE SALUD IMSS BIENESTAR.",16.64775,-93.829899
CSIMB004906,CARAVANA TIPO 2 SNA OQUIL,CARAVANA TIPO 2 SNA OQUIL,OXCHUC,SERVICIOS DE SALUD IMSS BIENESTAR ,7,CHIAPAS,HUIXTAN,SNA OQUIL,2,SAN CRISTÓBAL DE LAS CASAS,DE CONSULTA EXTERNA,22,NINGUNO,SNA OQUIL,SIN NÚMERO,,25,PUEBLO,SNA OQUIL,29470,,9611098257,PRIMER NIVEL,1,RURAL,6,SIN MODIFICACION,4,IRREGULAR,"ESTABLECIMIENTO QUE PERTENECÍA A SECRETARIA DE SALUD DEL ESTADO, SE TTRANSFIERE A SERVICIOS DE SALUD IMSS BIENESTAR.",16.730278,-92.354167
CSIMB004911,UNIDAD MÉDICA MÓVIL TIPO 2 CHIOTIC,UNIDAD MÉDICA MÓVIL TIPO 2 CHIOTIC,CHAMULA,SERVICIOS DE SALUD IMSS BIENESTAR ,7,CHIAPAS,CHAMULA,CHIOTIC,2,SAN CRISTÓBAL DE LAS CASAS,DE CONSULTA EXTERNA,5,CALLE,CHIOTIC,SIN NÚMERO,,21,PARAJE,CHIOTIC,29329,A 10 MTS DE LA CANCHA DE LA ESCUELA PRIMARIA FRAY BARTOLOME,9671611699,PRIMER NIVEL,1,RURAL,6,SIN MODIFICACION,1,PROPIO,"ESTABLECIMIENTO QUE PERTENECÍA A SECRETARIA DE SALUD DEL ESTADO, SE TTRANSFIERE A SERVICIOS DE SALUD IMSS BIENESTAR.",16.848806,-92.62528
CSIMB004923,LAS LAURAS,LAS LAURAS,TAPACHULA,SERVICIOS DE SALUD IMSS BIENESTAR ,7,CHIAPAS,ACAPETAHUA,LAS LAURAS,7,TAPACHULA,DE CONSULTA EXTERNA,24,CARRETERA,MUNICIPAL AL EMBARCADERO,SIN NÚMERO,,38,ZONA FEDERAL,LAS LAURAS,30585,A 400 MTRS ANTES DEL TANQUE ELEVADO DE AGUA,9612153969,PRIMER NIVEL,1,RURAL,6,SIN MODIFICACION,5,OTRO,"ESTABLECIMIENTO QUE PERTENECÍA A SECRETARIA DE SALUD DEL ESTADO, SE TTRANSFIERE A SERVICIOS DE SALUD IMSS BIENESTAR.",15.18095,-92.749554
CSIMB004935,MAZATÁN,MAZATÁN,TAPACHULA,SERVICIOS DE SALUD IMSS BIENESTAR ,7,CHIAPAS,MAZATAN,MAZATAN,7,TAPACHULA,DE CONSULTA EXTERNA,3,AVENIDA,ALLENDE,SIN NÚMERO,,3,BARRIO,MAZATAN,30650,ATRÁS DE LA CLINICA DEL I.M.S.S.,9626963490,PRIMER NIVEL,2,URBANO,6,SIN MODIFICACION,5,OTRO,"ESTABLECIMIENTO QUE PERTENECÍA A SECRETARIA DE SALUD DEL ESTADO, SE TTRANSFIERE A SERVICIOS DE SALUD IMSS BIENESTAR.",14.872368,-92.45273
CSIMB004940,NUEVO MILENIO,NUEVO MILENIO,TAPACHULA,SERVICIOS DE SALUD IMSS BIENESTAR ,7,CHIAPAS,TAPACHULA,TAPACHULA DE CORDOVA Y ORDOÑEZ,7,TAPACHULA,DE CONSULTA EXTERNA,5,CALLE,SAN RAMON,SIN NÚMERO,,7,COLONIA,NUEVO MILENIO,30799,A DOS CUADRAS DE LA ESC. PRIM. HERCILIO ESPINOZA ESQUINCA,9621491241,PRIMER NIVEL,2,URBANO,6,SIN MODIFICACION,5,OTRO,"ESTABLECIMIENTO QUE PERTENECÍA A SECRETARIA DE SALUD DEL ESTADO, SE TTRANSFIERE A SERVICIOS DE SALUD IMSS BIENESTAR.",14.891731,-92.30044
CSIMB004952,CENTRO DE SALUD NUEVO JUAN DEL GRIJALVA,CENTRO DE SALUD NUEVO JUAN DEL GRIJALVA,PICHUCALCO,SERVICIOS DE SALUD IMSS BIENESTAR ,7,CHIAPAS,OSTUACAN,NUEVO JUAN DEL GRIJALVA,5,PICHUCALCO,DE CONSULTA EXTERNA,5,CALLE,CENTRAL PONIENTE,SIN NÚMERO,,7,COLONIA,CENTRO,29554,FRENTE A LA ESCUELA PRIMARIA,9611299743,PRIMER NIVEL,1,RURAL,6,SIN MODIFICACION,5,OTRO,"ESTABLECIMIENTO QUE PERTENECÍA A SECRETARIA DE SALUD DEL ESTADO, SE TTRANSFIERE A SERVICIOS DE SALUD IMSS BIENESTAR.",17.4272,-93.3722
CSIMB004964,CARAVANA TIPO 0 JUC'NIL,CARAVANA TIPO 0 JUC'NIL,OXCHUC,SERVICIOS DE SALUD IMSS BIENESTAR ,7,CHIAPAS,SAN JUAN CANCUC,JUC'NIL,2,SAN CRISTÓBAL DE LAS CASAS,DE CONSULTA EXTERNA,22,NINGUNO,JUC NIL,SIN NÚMERO,,,,JUC NIL,29797,CASA EJIDAL,,PRIMER NIVEL,1,RURAL,6,SIN MODIFICACION,1,PROPIO,"ESTABLECIMIENTO QUE PERTENECÍA A SECRETARIA DE SALUD DEL ESTADO, SE TTRANSFIERE A SERVICIOS DE SALUD IMSS BIENESTAR.",16.996235,-92.414813
CSIMB004976,CARAVANA TIPO 0 SAN CARLOS CORRALITO,CARAVANA TIPO 0 SAN CARLOS CORRALITO,CHAMULA,SERVICIOS DE SALUD IMSS BIENESTAR ,7,CHIAPAS,PANTELHO,SAN CARLOS CORRALITO,2,SAN CRISTÓBAL DE LAS CASAS,DE CONSULTA EXTERNA,22,NINGUNO,SIN NOMBRE,SIN NÚMERO,,13,EJIDO,SAN CARLOS CORRALITO,29880,FRENTE A LA CASA EJIDAL,9932511614,PRIMER NIVEL,1,RURAL,6,SIN MODIFICACION,5,OTRO,"ESTABLECIMIENTO QUE PERTENECÍA A SECRETARIA DE SALUD DEL ESTADO, SE TTRANSFIERE A SERVICIOS DE SALUD IMSS BIENESTAR.",17.083651,-92.423425
CSIMB004981,CARAVANA TIPO 0 SAN JOSÉ BUENAVISTA TERCERO,CARAVANA TIPO 0 SAN JOSÉ BUENAVISTA TERCERO,CHAMULA,SERVICIOS DE SALUD IMSS BIENESTAR ,7,CHIAPAS,PANTELHO,SAN JOSE BUENAVISTA TERCERO,2,SAN CRISTÓBAL DE LAS CASAS,DE CONSULTA EXTERNA,23,CAMINO,SIN NOMBRE,SIN NÚMERO,,25,PUEBLO,SAN JOSE BUENAVISTA TERCERO,29884,FRENTE A LA CASA EJIDAL,9186880573,PRIMER NIVEL,1,RURAL,6,SIN MODIFICACION,1,PROPIO,"ESTABLECIMIENTO QUE PERTENECÍA A SECRETARIA DE SALUD DEL ESTADO, SE TTRANSFIERE A SERVICIOS DE SALUD IMSS BIENESTAR.",17.055113,-92.500836
CSIMB004993,CARAVANA TIPO 1 CAMOAPA 1A. SECCIÓN,CARAVANA TIPO 1 CAMOAPA 1A. SECCIÓN,PICHUCALCO,SERVICIOS DE SALUD IMSS BIENESTAR ,7,CHIAPAS,PICHUCALCO,CAMOAPA 1RA. SECCION A (PORTACELI),5,PICHUCALCO,DE CONSULTA EXTERNA,24,CARRETERA,CAMOAPA 1RA. SECCION,SIN NÚMERO,,27,RANCHERÍA,CAMOAPA 1RA. SECCION,29535,FRENTE A LA CASA EJIDAL,9612410228,PRIMER NIVEL,1,RURAL,6,SIN MODIFICACION,1,PROPIO,"ESTABLECIMIENTO QUE PERTENECÍA A SECRETARIA DE SALUD DEL ESTADO, SE TTRANSFIERE A SERVICIOS DE SALUD IMSS BIENESTAR.",17.776525,-93.386859
CSIMB005005,CARAVANA TIPO 1 JOTOLCHÉN,CARAVANA TIPO 1 JOTOLCHÉN,SIMOJOVEL,SERVICIOS DE SALUD IMSS BIENESTAR ,7,CHIAPAS,SAN ANDRES DURAZNAL,JOTOLCHEN,5,PICHUCALCO,DE CONSULTA EXTERNA,24,CARRETERA,SIN NOMBRE,SIN NÚMERO,,13,EJIDO,JOTOLCHEN,29825,FRENTE A LA CASA EJIDAL,9191311421,PRIMER NIVEL,1,RURAL,6,SIN MODIFICACION,1,PROPIO,"ESTABLECIMIENTO QUE PERTENECÍA A SECRETARIA DE SALUD DEL ESTADO, SE TTRANSFIERE A SERVICIOS DE SALUD IMSS BIENESTAR.",17.155033,-92.782475
CSIMB005010,UNIDAD MEDICA MOVIL SANTA CRUZ NIHO,UNIDAD MEDICA MOVIL SANTA CRUZ NIHO,SIMOJOVEL,SERVICIOS DE SALUD IMSS BIENESTAR ,7,CHIAPAS,BOCHIL,SANTA CRUZ NIHO,5,PICHUCALCO,DE APOYO,24,CARRETERA,LUIS ESPINOZA,SIN NÚMERO,,7,COLONIA,SANTA CRUZ NIHO,29775,CERCA DE LA PRIMARIA MARIANO ABASOLO,9613668122,NO APLICA,1,RURAL,6,SIN MODIFICACION,1,PROPIO,"ESTABLECIMIENTO QUE PERTENECÍA A SECRETARIA DE SALUD DEL ESTADO, SE TTRANSFIERE A SERVICIOS DE SALUD IMSS BIENESTAR.",17.021248,-92.951185
CSIMB005022,CARAVANA TIPO 0 POMILTIC,CARAVANA TIPO 0 POMILTIC,YAJALON,SERVICIOS DE SALUD IMSS BIENESTAR ,7,CHIAPAS,SITALA,POMILTIC,9,OCOSINGO,DE CONSULTA EXTERNA,23,CAMINO,Pomiltic,SIN NÚMERO,,25,PUEBLO,SIN NOMBRE,29890,A UN COSTADO DE LA PISTA AÉREA,9626426087,PRIMER NIVEL,1,RURAL,6,SIN MODIFICACION,1,PROPIO,"ESTABLECIMIENTO QUE PERTENECÍA A SECRETARIA DE SALUD DEL ESTADO, SE TTRANSFIERE A SERVICIOS DE SALUD IMSS BIENESTAR.",17.064359,-92.34245
CSIMB005034,CARAVANA TIPO 1 BUENAVISTA TENOJIB,CARAVANA TIPO 1 BUENAVISTA TENOJIB,YAJALON,SERVICIOS DE SALUD IMSS BIENESTAR ,7,CHIAPAS,CHILON,BUENAVISTA TENOJIB,9,OCOSINGO,DE CONSULTA EXTERNA,22,NINGUNO,SIN NOMBRE,SIN NÚMERO,,42,NINGUNO,SIN NOMBRE,29940,CASA EJIDAL,9621702736,PRIMER NIVEL,1,RURAL,6,SIN MODIFICACION,1,PROPIO,"ESTABLECIMIENTO QUE PERTENECÍA A SECRETARIA DE SALUD DEL ESTADO, SE TTRANSFIERE A SERVICIOS DE SALUD IMSS BIENESTAR.",17.107979,-92.212987
CSIMB005046,CARAVANA TIPO 3 XANIL,CARAVANA TIPO 3 XANIL,OCOSINGO,SERVICIOS DE SALUD IMSS BIENESTAR ,7,CHIAPAS,CHILON,XANIL,9,OCOSINGO,DE CONSULTA EXTERNA,22,NINGUNO,SIN NOMBRE,SIN NÚMERO,,13,EJIDO,SIN NOMBRE,29940,A LADO DE LA CANCHA DE BÁSQUET BOL,9331176951,PRIMER NIVEL,1,RURAL,6,SIN MODIFICACION,1,PROPIO,"ESTABLECIMIENTO QUE PERTENECÍA A SECRETARIA DE SALUD DEL ESTADO, SE TTRANSFIERE A SERVICIOS DE SALUD IMSS BIENESTAR.",17.216632,-92.105974
CSIMB005051,CARAVANA TIPO 3 TEMÓ,CARAVANA TIPO 3 TEMÓ,OCOSINGO,SERVICIOS DE SALUD IMSS BIENESTAR ,7,CHIAPAS,CHILON,TEMO,9,OCOSINGO,DE CONSULTA EXTERNA,22,NINGUNO,SIN NOMBRE,SIN NÚMERO,,42,NINGUNO,SIN NOMBRE,29940,FRENTE A LA CASA EJIDAL,9618515274,PRIMER NIVEL,1,RURAL,6,SIN MODIFICACION,1,PROPIO,"ESTABLECIMIENTO QUE PERTENECÍA A SECRETARIA DE SALUD DEL ESTADO, SE TTRANSFIERE A SERVICIOS DE SALUD IMSS BIENESTAR.",17.014845,-92.135731
CSIMB005063,CARAVANA TIPO 0 JOL CATARRAYA,CARAVANA TIPO 0 JOL CATARRAYA,OCOSINGO,SERVICIOS DE SALUD IMSS BIENESTAR ,7,CHIAPAS,CHILON,JOL CATARRAYA,9,OCOSINGO,DE CONSULTA EXTERNA,22,NINGUNO,SIN NOMBRE,SIN NÚMERO,,27,RANCHERÍA,SIN NOMBRE,29940,FRENTE A LA CASA EJIDAL,9196703265,PRIMER NIVEL,1,RURAL,6,SIN MODIFICACION,1,PROPIO,"ESTABLECIMIENTO QUE PERTENECÍA A SECRETARIA DE SALUD DEL ESTADO, SE TTRANSFIERE A SERVICIOS DE SALUD IMSS BIENESTAR.",17.052517,-91.821786
CSIMB005075,CARAVANA TIPO 0 CHUTALILJÁ,CARAVANA TIPO 0 CHUTALILJÁ,OCOSINGO,SERVICIOS DE SALUD IMSS BIENESTAR ,7,CHIAPAS,CHILON,CHUTALILJA,9,OCOSINGO,DE CONSULTA EXTERNA,22,NINGUNO,SIN NOMBRE,SIN NÚMERO,,13,EJIDO,SIN NOMBRE,29940,A 50 METROS A COSTADO DE LA ESCUELA PRIMARIA.,9612756923,PRIMER NIVEL,1,RURAL,6,SIN MODIFICACION,1,PROPIO,"ESTABLECIMIENTO QUE PERTENECÍA A SECRETARIA DE SALUD DEL ESTADO, SE TTRANSFIERE A SERVICIOS DE SALUD IMSS BIENESTAR.",17.200652,-92.007906
CSIMB005080,CARAVANA TIPO 0 RIO NEGRO,CARAVANA TIPO 0 RIO NEGRO,PICHUCALCO,SERVICIOS DE SALUD IMSS BIENESTAR ,7,CHIAPAS,FRANCISCO LEON,RIO NEGRO,1,TUXTLA GUTIERREZ,DE CONSULTA EXTERNA,22,NINGUNO,SIN NOMBRE,SIN NÚMERO,,7,COLONIA,RÍO NEGRO,29568,FRENTE A LA CASA EJIDAL,9616214200,PRIMER NIVEL,1,RURAL,6,SIN MODIFICACION,1,PROPIO,"ESTABLECIMIENTO QUE PERTENECÍA A SECRETARIA DE SALUD DEL ESTADO, SE TTRANSFIERE A SERVICIOS DE SALUD IMSS BIENESTAR.",17.240111,-93.271206
CSIMB005092,CARAVANA TIPO 0 LOS MANGOS,CARAVANA TIPO 0 LOS MANGOS,CHAMULA,SERVICIOS DE SALUD IMSS BIENESTAR ,7,CHIAPAS,PANTELHO,LOS MANGOS,2,SAN CRISTÓBAL DE LAS CASAS,DE CONSULTA EXTERNA,5,CALLE,LOS MANGOS,SIN NUMERO,,13,EJIDO,LOS MANGOS,29884,A UN COSTADO DE LA CASA EJIDAL,0,PRIMER NIVEL,1,RURAL,6,SIN MODIFICACION,1,PROPIO,"ESTABLECIMIENTO QUE PERTENECÍA A SECRETARIA DE SALUD DEL ESTADO, SE TTRANSFIERE A SERVICIOS DE SALUD IMSS BIENESTAR.",17.080775,-92.457559
CSIMB005104,CARAVANA TIPO 1 SAN CARALAMPIO,CARAVANA TIPO 1 SAN CARALAMPIO,SAN CRISTOBAL DE LAS CASAS,SERVICIOS DE SALUD IMSS BIENESTAR ,7,CHIAPAS,AMATENANGO DEL VALLE,SAN CARALAMPIO,2,SAN CRISTÓBAL DE LAS CASAS,DE CONSULTA EXTERNA,24,CARRETERA,amatenan del valle-comitan de dominguez,SIN NÚMERO,,27,RANCHERÍA,SAN CARALAMPIO,29430,"A 5 MTS DE LA SECUNDARIA CONAFE, FRENTE A LA CANCHA DE BASQUET BOL",9671411522,PRIMER NIVEL,1,RURAL,6,SIN MODIFICACION,1,PROPIO,"ESTABLECIMIENTO QUE PERTENECÍA A SECRETARIA DE SALUD DEL ESTADO, SE TTRANSFIERE A SERVICIOS DE SALUD IMSS BIENESTAR.",16.494074,-92.350878
CSIMB005116,CARAVANA TIPO 0 SANTA ANITA,CARAVANA TIPO 0 SANTA ANITA,PICHUCALCO,SERVICIOS DE SALUD IMSS BIENESTAR ,7,CHIAPAS,IXHUATAN,SANTA ANITA,5,PICHUCALCO,DE CONSULTA EXTERNA,24,CARRETERA,SANTA ANITA,SIN NÚMERO,,13,EJIDO,SANTA ANITA,29723,FRENTE A LA CASA EJIDAL,9613270553,PRIMER NIVEL,1,RURAL,6,SIN MODIFICACION,1,PROPIO,"ESTABLECIMIENTO QUE PERTENECÍA A SECRETARIA DE SALUD DEL ESTADO, SE TTRANSFIERE A SERVICIOS DE SALUD IMSS BIENESTAR.",17.298415,-92.976545
CSIMB005121,CARAVANA TIPO 0 CHABECLUMIL,CARAVANA TIPO 0 CHABECLUMIL,YAJALON,SERVICIOS DE SALUD IMSS BIENESTAR ,7,CHIAPAS,SITALA,CHABECLUMIL,9,OCOSINGO,DE CONSULTA EXTERNA,5,CALLE,SIN NOMBRE,SIN NÚMERO,,7,COLONIA,SIN NOMBRE,29890,FRENTE A LA CASA EJIDAL,9613700471,PRIMER NIVEL,1,RURAL,6,SIN MODIFICACION,1,PROPIO,"ESTABLECIMIENTO QUE PERTENECÍA A SECRETARIA DE SALUD DEL ESTADO, SE TTRANSFIERE A SERVICIOS DE SALUD IMSS BIENESTAR.",17.070262,-92.362062
CSIMB005133,CARAVANA TIPO 3 CENTRO JOLAKIL,CARAVANA TIPO 3 CENTRO JOLAKIL,YAJALON,SERVICIOS DE SALUD IMSS BIENESTAR ,7,CHIAPAS,CHILON,CENTRO JOLAKIL,9,OCOSINGO,DE CONSULTA EXTERNA,23,CAMINO,Sitala,SIN NÚMERO,,27,RANCHERÍA,SIN NOMBRE,29940,FRENTE A LA CASA EJIDAL,9611788819,PRIMER NIVEL,1,RURAL,6,SIN MODIFICACION,1,PROPIO,"ESTABLECIMIENTO QUE PERTENECÍA A SECRETARIA DE SALUD DEL ESTADO, SE TTRANSFIERE A SERVICIOS DE SALUD IMSS BIENESTAR.",17.0273,-92.253222
CSIMB005145,CARAVANA TIPO 0 LA PALMA UNO,CARAVANA TIPO 0 LA PALMA UNO,OXCHUC,SERVICIOS DE SALUD IMSS BIENESTAR ,7,CHIAPAS,SAN JUAN CANCUC,LA PALMA UNO,2,SAN CRISTÓBAL DE LAS CASAS,DE CONSULTA EXTERNA,23,CAMINO,SIN NOMBRE,SIN NÚMERO,,25,PUEBLO,LA PALMA UNO,29797,FRENTE A LA CASA EJIDAL,9931477801,PRIMER NIVEL,1,RURAL,6,SIN MODIFICACION,1,PROPIO,"ESTABLECIMIENTO QUE PERTENECÍA A SECRETARIA DE SALUD DEL ESTADO, SE TTRANSFIERE A SERVICIOS DE SALUD IMSS BIENESTAR.",16.974853,-92.370706
CSIMB005150,CARAVANA TIPO 0 ADOLFO RUÍZ CORTÍNEZ,CARAVANA TIPO 0 ADOLFO RUÍZ CORTÍNEZ,CINTALAPA,SERVICIOS DE SALUD IMSS BIENESTAR ,7,CHIAPAS,TECPATAN,ADOLFO RUIZ CORTINES,1,TUXTLA GUTIERREZ,DE CONSULTA EXTERNA,24,CARRETERA,SIN NOMBRE,SIN NÚMERO,,13,EJIDO,ADOLFO RUÍZ CORTÍNEZ,29613,CASA EJIDAL,9141308336,PRIMER NIVEL,1,RURAL,6,SIN MODIFICACION,1,PROPIO,"ESTABLECIMIENTO QUE PERTENECÍA A SECRETARIA DE SALUD DEL ESTADO, SE TTRANSFIERE A SERVICIOS DE SALUD IMSS BIENESTAR.",17.295467,-93.392383
CSIMB005162,CARAVANA TIPO 0 POCOLTÓN,CARAVANA TIPO 0 POCOLTÓN,CHAMULA,SERVICIOS DE SALUD IMSS BIENESTAR ,7,CHIAPAS,LARRAINZAR,POCOLTON,2,SAN CRISTÓBAL DE LAS CASAS,DE CONSULTA EXTERNA,23,CAMINO,POCOLTON,SIN NÚMERO,,21,PARAJE,POCOLTON,29860,CASA EJIDAL,9631372114,PRIMER NIVEL,1,RURAL,6,SIN MODIFICACION,1,PROPIO,"ESTABLECIMIENTO QUE PERTENECÍA A SECRETARIA DE SALUD DEL ESTADO, SE TTRANSFIERE A SERVICIOS DE SALUD IMSS BIENESTAR.",16.884336,-92.699069
CSIMB005174,CARAVANA TIPO 1 SUYTIK,CARAVANA TIPO 1 SUYTIK,CHAMULA,SERVICIOS DE SALUD IMSS BIENESTAR ,7,CHIAPAS,LARRAINZAR,SUYTIK,2,SAN CRISTÓBAL DE LAS CASAS,DE CONSULTA EXTERNA,24,CARRETERA,SUYTIK,SIN NÚMERO,,7,COLONIA,SUYTIK,29863,ENTRE LA ESCUELA PRIMARIA Y LA CANCHA DEPORTIVA,9241382938,PRIMER NIVEL,1,RURAL,6,SIN MODIFICACION,1,PROPIO,"ESTABLECIMIENTO QUE PERTENECÍA A SECRETARIA DE SALUD DEL ESTADO, SE TTRANSFIERE A SERVICIOS DE SALUD IMSS BIENESTAR.",16.885427,-92.730243
CSIMB005186,LAS MARGARITAS,LAS MARGARITAS,COMITAN,SERVICIOS DE SALUD IMSS BIENESTAR ,7,CHIAPAS,LAS MARGARITAS,LAS MARGARITAS,3,COMITÁN,DE CONSULTA EXTERNA,5,CALLE,4A. NORTE ORIENTE,SIN NÚMERO,,3,BARRIO,LA PILA,30187,4A. NORTE ORIENTE Y 2A. AV. ORIENTE NORTE S/N,9631884189,PRIMER NIVEL,2,URBANO,6,SIN MODIFICACION,1,PROPIO,"ESTABLECIMIENTO QUE PERTENECÍA A SECRETARIA DE SALUD DEL ESTADO, SE TTRANSFIERE A SERVICIOS DE SALUD IMSS BIENESTAR.",16.319633,-91.983376
CSIMB005191,VERACRUZ,VERACRUZ,COMITAN,SERVICIOS DE SALUD IMSS BIENESTAR ,7,CHIAPAS,LAS MARGARITAS,VERACRUZ,3,COMITÁN,DE CONSULTA EXTERNA,23,CAMINO,SECTOR 2,SIN NÚMERO,,13,EJIDO,VERACRUZ,30189,"VERACRUZ, SECTOR 2, PASANDO LA IGLESIA DE SAN MATEO",9612062390,PRIMER NIVEL,1,RURAL,6,SIN MODIFICACION,1,PROPIO,"ESTABLECIMIENTO QUE PERTENECÍA A SECRETARIA DE SALUD DEL ESTADO, SE TTRANSFIERE A SERVICIOS DE SALUD IMSS BIENESTAR.",16.40464,-91.999962
CSIMB005203,CESSA SAN LUCAS,CESSA SAN LUCAS,ACALA,SERVICIOS DE SALUD IMSS BIENESTAR ,7,CHIAPAS,SAN LUCAS,SAN LUCAS,1,TUXTLA GUTIERREZ,DE CONSULTA EXTERNA,5,CALLE,FRANCISCO I. MADERO,SIN NÚMERO,,3,BARRIO,TRIUNFO,29400,"CALLE FRANCISCO I. MADERO S/N. BARRIO EL TRIUNFO, CERCA DEL OJO DE AGUA",9633325618,PRIMER NIVEL,2,URBANO,6,SIN MODIFICACION,5,OTRO,"ESTABLECIMIENTO QUE PERTENECÍA A SECRETARIA DE SALUD DEL ESTADO, SE TTRANSFIERE A SERVICIOS DE SALUD IMSS BIENESTAR.",16.616703,-92.717374
CSIMB005215,CENTRO DE SALUD MICROREGIONAL BELISARIO DOMÍNGUEZ,CENTRO DE SALUD MICROREGIONAL BELISARIO DOMÍNGUEZ,OXCHUC,SERVICIOS DE SALUD IMSS BIENESTAR ,7,CHIAPAS,ALTAMIRANO,BELISARIO DOMINGUEZ,9,OCOSINGO,DE CONSULTA EXTERNA,22,NINGUNO,SIN NOMBRE,SIN NÚMERO,,13,EJIDO,SIN NOMBRE,30196,FRENTE A LA ESCUELA PRIMARIA,9614274634,PRIMER NIVEL,1,RURAL,6,SIN MODIFICACION,4,IRREGULAR,"ESTABLECIMIENTO QUE PERTENECÍA A SECRETARIA DE SALUD DEL ESTADO, SE TTRANSFIERE A SERVICIOS DE SALUD IMSS BIENESTAR.",16.6445,-91.7419
CSIMB005220,CENTRO DE SALUD MICROREGIONAL YAXALA,CENTRO DE SALUD MICROREGIONAL YAXALA,OCOSINGO,SERVICIOS DE SALUD IMSS BIENESTAR ,7,CHIAPAS,OCOSINGO,YAXALA,9,OCOSINGO,DE CONSULTA EXTERNA,22,NINGUNO,SIN NOMBRE,SIN NÚMERO,,13,EJIDO,CENTRO,29950,FRENTE A LA ESCUELA PRIMARIA,9191312814,PRIMER NIVEL,1,RURAL,6,SIN MODIFICACION,4,IRREGULAR,"ESTABLECIMIENTO QUE PERTENECÍA A SECRETARIA DE SALUD DEL ESTADO, SE TTRANSFIERE A SERVICIOS DE SALUD IMSS BIENESTAR.",16.897944,-91.70412
CSIMB005232,CENTRO DE SALUD RURAL SAN MARTÍN,CENTRO DE SALUD RURAL SAN MARTÍN,OCOSINGO,SERVICIOS DE SALUD IMSS BIENESTAR ,7,CHIAPAS,OCOSINGO,SAN MARTIN,9,OCOSINGO,DE CONSULTA EXTERNA,24,CARRETERA,SIN NOMBRE,SIN NÚMERO,,27,RANCHERÍA,SAN MARTIN,29950,UBICADO A UN COSTADO DE LA CASA DE SALUD,9612384058,PRIMER NIVEL,1,RURAL,6,SIN MODIFICACION,4,IRREGULAR,"ESTABLECIMIENTO QUE PERTENECÍA A SECRETARIA DE SALUD DEL ESTADO, SE TTRANSFIERE A SERVICIOS DE SALUD IMSS BIENESTAR.",16.945283,-91.620317
CSIMB005244,CENTRO DE SALUD MICROREGIONAL LA REFORMA,CENTRO DE SALUD MICROREGIONAL LA REFORMA,OCOSINGO,SERVICIOS DE SALUD IMSS BIENESTAR ,7,CHIAPAS,OCOSINGO,LA REFORMA,9,OCOSINGO,DE CONSULTA EXTERNA,23,CAMINO,SIN NOMBRE,SIN NÚMERO,,13,EJIDO,LA REFORMA,29952,,9141004670,PRIMER NIVEL,1,RURAL,1,OBRA NUEVA,4,IRREGULAR,"ESTABLECIMIENTO QUE PERTENECÍA A SECRETARIA DE SALUD DEL ESTADO, SE TTRANSFIERE A SERVICIOS DE SALUD IMSS BIENESTAR.",16.960077,-91.90053
CSIMB005256,CENTRO DE SALUD MICROREGIONAL LOS QUINICHEZ,CENTRO DE SALUD MICROREGIONAL LOS QUINICHEZ,OCOSINGO,SERVICIOS DE SALUD IMSS BIENESTAR ,7,CHIAPAS,OCOSINGO,LOS QUINICHEZ,9,OCOSINGO,DE CONSULTA EXTERNA,24,CARRETERA,SIN NOMBRE,SIN NÚMERO,,13,EJIDO,SIN NOMBRE,29950,CERCA DEL TEMPLO EVANGÉLICO JERUSALÉN,3339661025,PRIMER NIVEL,1,RURAL,6,SIN MODIFICACION,4,IRREGULAR,"ESTABLECIMIENTO QUE PERTENECÍA A SECRETARIA DE SALUD DEL ESTADO, SE TTRANSFIERE A SERVICIOS DE SALUD IMSS BIENESTAR.",16.872467,-91.97521
CSIMB005261,CENTRO DE SALUD MICROREGIONAL EL CARMEN,CENTRO DE SALUD MICROREGIONAL EL CARMEN,OCOSINGO,SERVICIOS DE SALUD IMSS BIENESTAR ,7,CHIAPAS,CHILON,EL CARMEN,9,OCOSINGO,DE CONSULTA EXTERNA,23,CAMINO,SIN NOMBRE,SIN NÚMERO,,25,PUEBLO,EL CARMEN,29944,CERCA DE LA ESCUELA PRIMARIA CUITLAHUAC,9622122069,PRIMER NIVEL,1,RURAL,6,SIN MODIFICACION,4,IRREGULAR,"ESTABLECIMIENTO QUE PERTENECÍA A SECRETARIA DE SALUD DEL ESTADO, SE TTRANSFIERE A SERVICIOS DE SALUD IMSS BIENESTAR.",17.013651,-92.039671
CSIMB005273,CENTRO DE SALUD MICROREGIONAL PATELNÁ,CENTRO DE SALUD MICROREGIONAL PATELNÁ,OCOSINGO,SERVICIOS DE SALUD IMSS BIENESTAR ,7,CHIAPAS,CHILON,PATELNA,9,OCOSINGO,DE CONSULTA EXTERNA,23,CAMINO,SIN NOMBRE,SIN NÚMERO,,27,RANCHERÍA,SIN NOMBRE,29940,10 MTS. DE LA ESCUELA PRIMARIA,9612801395,PRIMER NIVEL,1,RURAL,6,SIN MODIFICACION,4,IRREGULAR,"ESTABLECIMIENTO QUE PERTENECÍA A SECRETARIA DE SALUD DEL ESTADO, SE TTRANSFIERE A SERVICIOS DE SALUD IMSS BIENESTAR.",17.202473,-92.157911
CSIMB005285,CENTRO DE SALUD MICROREGIONAL BOLONTÓN,CENTRO DE SALUD MICROREGIONAL BOLONTÓN,OCOSINGO,SERVICIOS DE SALUD IMSS BIENESTAR ,7,CHIAPAS,CHILON,BOLONTON,9,OCOSINGO,DE CONSULTA EXTERNA,23,CAMINO,SIN NOMBRE,SIN NÚMERO,,25,PUEBLO,SIN NOMBRE,29940,FRENTE AL JARDÍN DE NIÑOS HÉROES,8261276290,PRIMER NIVEL,1,RURAL,6,SIN MODIFICACION,4,IRREGULAR,"ESTABLECIMIENTO QUE PERTENECÍA A SECRETARIA DE SALUD DEL ESTADO, SE TTRANSFIERE A SERVICIOS DE SALUD IMSS BIENESTAR.",17.177975,-92.131375
CSIMB005290,CENTRO DE SALUD MICROREGIONAL CRUCERO CHICH,CENTRO DE SALUD MICROREGIONAL CRUCERO CHICH,OCOSINGO,SERVICIOS DE SALUD IMSS BIENESTAR ,7,CHIAPAS,CHILON,CRUCERO CHICH,9,OCOSINGO,DE CONSULTA EXTERNA,24,CARRETERA,SIN NOMBRE,SIN NÚMERO,,27,RANCHERÍA,SIN NOMBRE,29940,50 MTS DE LA ESCUELA PRIMARIA,9611948957,PRIMER NIVEL,1,RURAL,6,SIN MODIFICACION,4,IRREGULAR,"ESTABLECIMIENTO QUE PERTENECÍA A SECRETARIA DE SALUD DEL ESTADO, SE TTRANSFIERE A SERVICIOS DE SALUD IMSS BIENESTAR.",17.161613,-92.122869
CSIMB005302,CENTRO DE SALUD MICROREGIONAL EL MANGO,CENTRO DE SALUD MICROREGIONAL EL MANGO,OCOSINGO,SERVICIOS DE SALUD IMSS BIENESTAR ,7,CHIAPAS,CHILON,EL MANGO,9,OCOSINGO,DE CONSULTA EXTERNA,24,CARRETERA,SIN NOMBRE,SIN NÚMERO,,13,EJIDO,SIN NOMBRE,29940,COLINDA CON LA ESCUELA PRIMARIA,9611029876,PRIMER NIVEL,1,RURAL,6,SIN MODIFICACION,4,IRREGULAR,"ESTABLECIMIENTO QUE PERTENECÍA A SECRETARIA DE SALUD DEL ESTADO, SE TTRANSFIERE A SERVICIOS DE SALUD IMSS BIENESTAR.",17.160265,-92.059882
CSIMB005314,CENTRO DE SALUD MICROREGIONAL GOLOLTÓN,CENTRO DE SALUD MICROREGIONAL GOLOLTÓN,YAJALON,SERVICIOS DE SALUD IMSS BIENESTAR ,7,CHIAPAS,CHILON,GOLOLTON,9,OCOSINGO,DE CONSULTA EXTERNA,23,CAMINO,Gololton,SIN NÚMERO,,27,RANCHERÍA,SIN NOMBRE,29940,FRENTE A LA CANCHA DE FUT BOL,9613534031,PRIMER NIVEL,1,RURAL,6,SIN MODIFICACION,4,IRREGULAR,"ESTABLECIMIENTO QUE PERTENECÍA A SECRETARIA DE SALUD DEL ESTADO, SE TTRANSFIERE A SERVICIOS DE SALUD IMSS BIENESTAR.",17.031304,-92.223129
CSIMB005326,CENTRO DE SALUD MICROREGIONAL YULUBMAX,CENTRO DE SALUD MICROREGIONAL YULUBMAX,YAJALON,SERVICIOS DE SALUD IMSS BIENESTAR ,7,CHIAPAS,CHILON,YULUBMAX,9,OCOSINGO,DE CONSULTA EXTERNA,24,CARRETERA,A SITALÁ,SIN NÚMERO,,27,RANCHERÍA,YULUBMAX,29946,CARRETERA A SITALÁ,9191638815,PRIMER NIVEL,1,RURAL,6,SIN MODIFICACION,4,IRREGULAR,"ESTABLECIMIENTO QUE PERTENECÍA A SECRETARIA DE SALUD DEL ESTADO, SE TTRANSFIERE A SERVICIOS DE SALUD IMSS BIENESTAR.",17.054504,-92.236091
CSIMB005331,CENTRO DE SALUD MICROREGIONAL SAN GABRIEL,CENTRO DE SALUD MICROREGIONAL SAN GABRIEL,OCOSINGO,SERVICIOS DE SALUD IMSS BIENESTAR ,7,CHIAPAS,CHILON,SAN GABRIEL,9,OCOSINGO,DE CONSULTA EXTERNA,22,NINGUNO,SAN GABRIEL 1RA SECCION ,SIN NÚMERO,,27,RANCHERÍA,SAN GABRIEL,29940,A UN LADO DE LA TIENDA DEL SEÑOR SAMUEL SARAGOS ESTRADA,9671399464,PRIMER NIVEL,1,RURAL,6,SIN MODIFICACION,4,IRREGULAR,"ESTABLECIMIENTO QUE PERTENECÍA A SECRETARIA DE SALUD DEL ESTADO, SE TTRANSFIERE A SERVICIOS DE SALUD IMSS BIENESTAR.",17.053968,-91.982944
CSIMB005343,BELISARIO DOMÍNGUEZ,BELISARIO DOMÍNGUEZ,EL PORVENIR,SERVICIOS DE SALUD IMSS BIENESTAR ,7,CHIAPAS,MOTOZINTLA,BELISARIO DOMINGUEZ,10,MOTOZINTLA,DE CONSULTA EXTERNA,5,CALLE,ARNULFO ROBLERO VELAZQUEZ,SIN NÚMERO,,13,EJIDO,BELISARIO DOMINGUEZ,30910,"ARNULFO ROBLERO VELAZQUEZ S/N, COL. BARRIO EL CAMPO",9621361045,PRIMER NIVEL,2,URBANO,6,SIN MODIFICACION,5,OTRO,"ESTABLECIMIENTO QUE PERTENECÍA A SECRETARIA DE SALUD DEL ESTADO, SE TTRANSFIERE A SERVICIOS DE SALUD IMSS BIENESTAR.",15.303017,-92.382582
CSIMB005355,TAPACHULA (U.N.E.M.E. SORID),TAPACHULA (U.N.E.M.E. SORID),TAPACHULA,SERVICIOS DE SALUD IMSS BIENESTAR ,7,CHIAPAS,TAPACHULA,TAPACHULA DE CORDOVA Y ORDOÑEZ,7,TAPACHULA,DE CONSULTA EXTERNA,5,CALLE,VICENTE GUERRERO,2,,16,FRACCIONAMIENTO,LA ANTORCHA,30798,A DOS CUADRAS DEL MERCADO LAS ANTORCHAS (FRENTE A LA CANCHA).,9621120546,PRIMER NIVEL,2,URBANO,6,SIN MODIFICACION,5,OTRO,"ESTABLECIMIENTO QUE PERTENECÍA A SECRETARIA DE SALUD DEL ESTADO, SE TTRANSFIERE A SERVICIOS DE SALUD IMSS BIENESTAR.",14.892468,-92.291408
CSIMB005360,CENTRO COMUNITARIO DE SALUD MENTAL Y ADICCIONES TAPACHULA AKISHINO I,CENTRO COMUNITARIO DE SALUD MENTAL Y ADICCIONES TAPACHULA AKISHINO I,TAPACHULA,SERVICIOS DE SALUD IMSS BIENESTAR ,7,CHIAPAS,TAPACHULA,TAPACHULA DE CORDOVA Y ORDOÑEZ,7,TAPACHULA,DE CONSULTA EXTERNA,5,CALLE,VICENTE GUERRERO,SIN NÚMERO,,16,FRACCIONAMIENTO,LA ANTORCHA,30798,A DOS CUADRAS DEL MERCADO LAS ANTORCHAS (FRENTE A LA CANCHA).,9626232110,PRIMER NIVEL,2,URBANO,6,SIN MODIFICACION,5,OTRO,"ESTABLECIMIENTO QUE PERTENECÍA A SECRETARIA DE SALUD DEL ESTADO, SE TTRANSFIERE A SERVICIOS DE SALUD IMSS BIENESTAR.",14.892283,-92.291285
CSIMB005372,CENTRO COMUNITARIO DE SALUD MENTAL Y ADICCIONES TAPACHULA HOSPITAL II,CENTRO COMUNITARIO DE SALUD MENTAL Y ADICCIONES TAPACHULA HOSPITAL II,TAPACHULA,SERVICIOS DE SALUD IMSS BIENESTAR ,7,CHIAPAS,TAPACHULA,TAPACHULA DE CORDOVA Y ORDOÑEZ,7,TAPACHULA,DE CONSULTA EXTERNA,24,CARRETERA,ANTIGUO AEROPUERTO,SIN NÚMERO,,7,COLONIA,LA ANTORCHA,30798,CARR. ANTIGUO AEROPUERTO S/N EXPLANADA DEL HOSP. GRAL.,9622437075,PRIMER NIVEL,2,URBANO,6,SIN MODIFICACION,5,OTRO,"ESTABLECIMIENTO QUE PERTENECÍA A SECRETARIA DE SALUD DEL ESTADO, SE TTRANSFIERE A SERVICIOS DE SALUD IMSS BIENESTAR.",14.886555,-92.290625
CSIMB005384,CENTRO COMUNITARIO DE SALUD MENTAL Y ADICCIONES TUXTLA GUTIÉRREZ,CENTRO COMUNITARIO DE SALUD MENTAL Y ADICCIONES TUXTLA GUTIÉRREZ,TUXTLA,SERVICIOS DE SALUD IMSS BIENESTAR ,7,CHIAPAS,TUXTLA GUTIERREZ,TUXTLA GUTIERREZ,1,TUXTLA GUTIERREZ,DE CONSULTA EXTERNA,25,LIBRAMIENTO,NORTE ORIENTE SALOMON GONZALEZ BLANCO,SIN NÚMERO,A,7,COLONIA,LAS PALMAS,29000,"LIBR. NTE. OTE. SALOMON GONZALEZ BLANCO ESQ. PRESA MASATEPEC NO. 3453-A, COL. LAS PALMAS",9612513887,PRIMER NIVEL,2,URBANO,6,SIN MODIFICACION,5,OTRO,"ESTABLECIMIENTO QUE PERTENECÍA A SECRETARIA DE SALUD DEL ESTADO, SE TTRANSFIERE A SERVICIOS DE SALUD IMSS BIENESTAR.",16.7566,-93.0837
CSIMB005396,VILLA DEL MAR,VILLA DEL MAR,TONALA,SERVICIOS DE SALUD IMSS BIENESTAR ,7,CHIAPAS,ARRIAGA,VILLA DEL MAR,8,TONALÁ,DE CONSULTA EXTERNA,5,CALLE,SIN NOMBRE,SIN NÚMERO,,13,EJIDO,VILLA DEL MAR,30450,CALLE PRINCIPAL A UN LADO DE LA CASA DEL SR. ISIDRO VILLANUEVA,9625295260,PRIMER NIVEL,1,RURAL,6,SIN MODIFICACION,5,OTRO,"ESTABLECIMIENTO QUE PERTENECÍA A SECRETARIA DE SALUD DEL ESTADO, SE TTRANSFIERE A SERVICIOS DE SALUD IMSS BIENESTAR.",16.1324133,-93.9565703
CSIMB005401,CACHIMBO,CACHIMBO,TONALA,SERVICIOS DE SALUD IMSS BIENESTAR ,7,CHIAPAS,PIJIJIAPAN,CACHIMBO,8,TONALÁ,DE CONSULTA EXTERNA,23,CAMINO,SIN NOMBRE,SIN NÚMERO,,7,COLONIA,CACHIMBO,30546,CALLE PRINCIPAL ANTES DEL CRUCERO DEL CAMINO A LAS GARZAS,9933847435,PRIMER NIVEL,1,RURAL,6,SIN MODIFICACION,5,OTRO,"ESTABLECIMIENTO QUE PERTENECÍA A SECRETARIA DE SALUD DEL ESTADO, SE TTRANSFIERE A SERVICIOS DE SALUD IMSS BIENESTAR.",15.6729928,-93.2489469
CSIMB005413,PUENTE MARGARITA,PUENTE MARGARITA,TONALA,SERVICIOS DE SALUD IMSS BIENESTAR ,7,CHIAPAS,PIJIJIAPAN,PUENTE MARGARITAS,8,TONALÁ,DE CONSULTA EXTERNA,23,CAMINO,SIN NOMBRE,SIN NÚMERO,,27,RANCHERÍA,PUENTE MARGARITA,30550,A UN LADO DEL JARDÍN DE NIÑOS,9171272742,PRIMER NIVEL,1,RURAL,6,SIN MODIFICACION,5,OTRO,"ESTABLECIMIENTO QUE PERTENECÍA A SECRETARIA DE SALUD DEL ESTADO, SE TTRANSFIERE A SERVICIOS DE SALUD IMSS BIENESTAR.",15.5902625,-93.0580261
CSIMB005425,LA LAGUNA,LA LAGUNA,TONALA,SERVICIOS DE SALUD IMSS BIENESTAR ,7,CHIAPAS,TONALA,LA LAGUNA,8,TONALÁ,DE CONSULTA EXTERNA,5,CALLE,SIN NOMBRE,SIN NÚMERO,,27,RANCHERÍA,LA LAGUNA,30505,JUNTO A LA CASA EJIDAL,9687440619,PRIMER NIVEL,1,RURAL,6,SIN MODIFICACION,5,OTRO,"ESTABLECIMIENTO QUE PERTENECÍA A SECRETARIA DE SALUD DEL ESTADO, SE TTRANSFIERE A SERVICIOS DE SALUD IMSS BIENESTAR.",15.9973751,-93.8059573
CSIMB005430,LA POLKA,LA POLKA,TONALA,SERVICIOS DE SALUD IMSS BIENESTAR ,7,CHIAPAS,TONALA,LA POLKA,8,TONALÁ,DE CONSULTA EXTERNA,5,CALLE,MIGUEL HIDALGO,SIN NÚMERO,,25,PUEBLO,LA POLKA,30505,A 50 MTS APROX DE LA CALLE PRINCIPAL DESPUÉS DE LA IGLESIA CATÓLICA,9932134959,PRIMER NIVEL,1,RURAL,6,SIN MODIFICACION,5,OTRO,"ESTABLECIMIENTO QUE PERTENECÍA A SECRETARIA DE SALUD DEL ESTADO, SE TTRANSFIERE A SERVICIOS DE SALUD IMSS BIENESTAR.",15.9557846,-93.6663222
CSIMB005442,SAN CRISTÓBAL (U.N.E.M.E. ENFERMEDADES CRÓNICAS),SAN CRISTÓBAL (U.N.E.M.E. ENFERMEDADES CRÓNICAS),SAN CRISTOBAL DE LAS CASAS,SERVICIOS DE SALUD IMSS BIENESTAR ,7,CHIAPAS,SAN CRISTOBAL DE LAS CASAS,SAN CRISTOBAL DE LAS CASAS,2,SAN CRISTÓBAL DE LAS CASAS,DE CONSULTA EXTERNA,5,CALLE,19 DE JULIO,SIN NÚMERO,,16,FRACCIONAMIENTO,SANTA MARÍA,29240,"19 DE JULIO S/N, FRACC. SANTA MARIA",9611299743,PRIMER NIVEL,2,URBANO,6,SIN MODIFICACION,5,OTRO,"ESTABLECIMIENTO QUE PERTENECÍA A SECRETARIA DE SALUD DEL ESTADO, SE TTRANSFIERE A SERVICIOS DE SALUD IMSS BIENESTAR.",16.746258,-92.655377
CSIMB005454,CENTRO COMUNITARIO DE SALUD MENTAL Y ADICCIONES SAN CRISTOBAL DE LAS CASAS,CENTRO COMUNITARIO DE SALUD MENTAL Y ADICCIONES SAN CRISTOBAL DE LAS CASAS,SAN CRISTOBAL DE LAS CASAS,SERVICIOS DE SALUD IMSS BIENESTAR ,7,CHIAPAS,SAN CRISTOBAL DE LAS CASAS,SAN CRISTOBAL DE LAS CASAS,2,SAN CRISTÓBAL DE LAS CASAS,DE CONSULTA EXTERNA,5,CALLE,19 DE JULIO,SIN NÚMERO,,16,FRACCIONAMIENTO,SANTA MARÍA,29240,"19 DE JULIO S/N, FRACC. SANTA MARIA",9191617096,PRIMER NIVEL,2,URBANO,6,SIN MODIFICACION,5,OTRO,"ESTABLECIMIENTO QUE PERTENECÍA A SECRETARIA DE SALUD DEL ESTADO, SE TTRANSFIERE A SERVICIOS DE SALUD IMSS BIENESTAR.",16.746074,-92.655103
CSIMB005466,TUXTLA (U.N.E.M.E. CRÓNICO DEGENERATIVOS),TUXTLA (U.N.E.M.E. CRÓNICO DEGENERATIVOS),TUXTLA,SERVICIOS DE SALUD IMSS BIENESTAR ,7,CHIAPAS,TUXTLA GUTIERREZ,TUXTLA GUTIERREZ,1,TUXTLA GUTIERREZ,DE CONSULTA EXTERNA,3,AVENIDA,PRESA MAZATEPEC,SIN NÚMERO,,7,COLONIA,LAS PALMAS,29000,"CALZ. SAMUEL LEON BRINDIS S/N, COL. LAS PALMAS",9651039745,PRIMER NIVEL,2,URBANO,6,SIN MODIFICACION,5,OTRO,"ESTABLECIMIENTO QUE PERTENECÍA A SECRETARIA DE SALUD DEL ESTADO, SE TTRANSFIERE A SERVICIOS DE SALUD IMSS BIENESTAR.",16.7496,-93.1004
CSIMB005471,LAS PALMERAS,LAS PALMERAS,TAPACHULA,SERVICIOS DE SALUD IMSS BIENESTAR ,7,CHIAPAS,TAPACHULA,LAS PALMERAS,7,TAPACHULA,DE CONSULTA EXTERNA,3,AVENIDA,NORBERTO DE GYVES CORDOVA,SIN NÚMERO,,7,COLONIA,LAS PALMERAS,30785,A LADO DE LA ESC. TELESECUNDARIA,9161166171,PRIMER NIVEL,1,RURAL,6,SIN MODIFICACION,5,OTRO,"ESTABLECIMIENTO QUE PERTENECÍA A SECRETARIA DE SALUD DEL ESTADO, SE TTRANSFIERE A SERVICIOS DE SALUD IMSS BIENESTAR.",14.867381,-92.275266
CSIMB005483,H. B. C.  DR. RAFAEL ALFARO GONZÁLEZ PIJIJIAPAN,H. B. C. DR. RAFAEL ALFARO GONZÁLEZ PIJIJIAPAN,TONALA,SERVICIOS DE SALUD IMSS BIENESTAR ,7,CHIAPAS,PIJIJIAPAN,PIJIJIAPAN,8,TONALÁ,DE HOSPITALIZACIÓN,24,CARRETERA,SAN JUAN,SIN NÚMERO,,3,BARRIO,LOS PINOS,30540,CARR. SAN JUAN BARRIO LOS PINOS S/N,9321692743,SEGUNDO NIVEL,2,URBANO,6,SIN MODIFICACION,1,PROPIO,"ESTABLECIMIENTO QUE PERTENECÍA A SECRETARIA DE SALUD DEL ESTADO, SE TTRANSFIERE A SERVICIOS DE SALUD IMSS BIENESTAR.",15.6710722,-93.2117136
CSIMB005495,H. B. C. DE TEOPISCA,H. B. C. DE TEOPISCA,SAN CRISTOBAL DE LAS CASAS,SERVICIOS DE SALUD IMSS BIENESTAR ,7,CHIAPAS,TEOPISCA,TEOPISCA,2,SAN CRISTÓBAL DE LAS CASAS,DE HOSPITALIZACIÓN,5,CALLE,GUSTAVO DÍAZ ORDAZ,2,,3,BARRIO,SAN ANTONIO,29410,PROL. GUSTAVO DIAZ ORDAZ A UN COSTADO DEL COLEGIO DE BACHILLERES. PLANTEL 24,9666630687,SEGUNDO NIVEL,2,URBANO,6,SIN MODIFICACION,1,PROPIO,"ESTABLECIMIENTO QUE PERTENECÍA A SECRETARIA DE SALUD DEL ESTADO, SE TTRANSFIERE A SERVICIOS DE SALUD IMSS BIENESTAR.",16.554808,-92.475661
CSIMB005500,HOSPITAL DE LAS CULTURAS SAN CRISTOBAL DE LAS CASAS,HOSPITAL DE LAS CULTURAS SAN CRISTOBAL DE LAS CASAS,SAN CRISTOBAL DE LAS CASAS,SERVICIOS DE SALUD IMSS BIENESTAR ,7,CHIAPAS,SAN CRISTOBAL DE LAS CASAS,SAN CRISTOBAL DE LAS CASAS,2,SAN CRISTÓBAL DE LAS CASAS,DE HOSPITALIZACIÓN,4,BOULEVARD,JAVIER LÓPEZ MORENO,SIN NÚMERO,,3,BARRIO,FÁTIMA,29264,EJE VÍAL NO. 1 ESQ. BLVR. JAVIER LÓPEZ MORENO,4432056216,SEGUNDO NIVEL,2,URBANO,6,SIN MODIFICACION,1,PROPIO,"ESTABLECIMIENTO QUE PERTENECÍA A SECRETARIA DE SALUD DEL ESTADO, SE TTRANSFIERE A SERVICIOS DE SALUD IMSS BIENESTAR.",16.723703,-92.652269
CSIMB005512,HOSPITAL DE LA MUJER COMITÁN,HOSPITAL DE LA MUJER COMITÁN,COMITAN,SERVICIOS DE SALUD IMSS BIENESTAR ,7,CHIAPAS,COMITAN DE DOMINGUEZ,COMITAN DE DOMINGUEZ,3,COMITÁN,DE HOSPITALIZACIÓN,24,CARRETERA,INTERNACIONAL ZONA SUR ORIENTE QUINTA SAN CARALAMPIO,SIN NÚMERO,,27,RANCHERÍA,CHICHIMA ACAPETAHUA,30093,"CARR. INTERNACIONAL ZONA SUR ORIENTE, DENOMINADA RANCHERIA CHICHIMÁ ACAPETAHUA, QUINTA SAN CARALAMPIO",9191324821,SEGUNDO NIVEL,2,URBANO,6,SIN MODIFICACION,1,PROPIO,"ESTABLECIMIENTO QUE PERTENECÍA A SECRETARIA DE SALUD DEL ESTADO, SE TTRANSFIERE A SERVICIOS DE SALUD IMSS BIENESTAR.",16.207545,-92.106986
CSIMB005524,H. B. C. DE FRONTERA COMALAPA,H. B. C. DE FRONTERA COMALAPA,EL PORVENIR,SERVICIOS DE SALUD IMSS BIENESTAR ,7,CHIAPAS,FRONTERA COMALAPA,FRONTERA COMALAPA,3,COMITÁN,DE HOSPITALIZACIÓN,24,CARRETERA,FRONTERA COMALAPA-PASO HONDO,SIN NÚMERO,,3,BARRIO,VISTA HERMOSA,30140,CARR. FRONTERA COMALAPA - PASO HONDO,9676724403,SEGUNDO NIVEL,2,URBANO,6,SIN MODIFICACION,1,PROPIO,"ESTABLECIMIENTO QUE PERTENECÍA A SECRETARIA DE SALUD DEL ESTADO, SE TTRANSFIERE A SERVICIOS DE SALUD IMSS BIENESTAR.",15.667289,-92.1326
CSIMB005536,H. B. C. DE CHALCHIHUITÁN,H. B. C. DE CHALCHIHUITÁN,CHAMULA,SERVICIOS DE SALUD IMSS BIENESTAR ,7,CHIAPAS,CHALCHIHUITAN,CHALCHIHUITAN,2,SAN CRISTÓBAL DE LAS CASAS,DE HOSPITALIZACIÓN,16,PEATONAL,CERCA DEL PANTEÓN,SIN NÚMERO,,25,PUEBLO,CHALCHIHUITÁN,29850,CERCA DEL PANTEÓN,9671141999,SEGUNDO NIVEL,2,URBANO,6,SIN MODIFICACION,1,PROPIO,"ESTABLECIMIENTO QUE PERTENECÍA A SECRETARIA DE SALUD DEL ESTADO, SE TTRANSFIERE A SERVICIOS DE SALUD IMSS BIENESTAR.",16.957888,-92.619907
CSIMB005541,CENTRO DE SALUD MICROREGIONAL CHABAN,CENTRO DE SALUD MICROREGIONAL CHABAN,OCOSINGO,SERVICIOS DE SALUD IMSS BIENESTAR ,7,CHIAPAS,CHILON,CHABAN,9,OCOSINGO,DE CONSULTA EXTERNA,24,CARRETERA,SIN NOMBRE,SIN NÚMERO,,27,RANCHERÍA,CHABAN,29949,120 MTS DE LA SALIDA DE SAN GABRIEL,9617012564,PRIMER NIVEL,1,RURAL,6,SIN MODIFICACION,4,IRREGULAR,"ESTABLECIMIENTO QUE PERTENECÍA A SECRETARIA DE SALUD DEL ESTADO, SE TTRANSFIERE A SERVICIOS DE SALUD IMSS BIENESTAR.",17.215716,-92.122202
CSIMB005553,CENTRO DE SALUD MICROREGIONAL MUQUENAL,CENTRO DE SALUD MICROREGIONAL MUQUENAL,OCOSINGO,SERVICIOS DE SALUD IMSS BIENESTAR ,7,CHIAPAS,CHILON,MUQUENAL,9,OCOSINGO,DE CONSULTA EXTERNA,24,CARRETERA,ocosingo -palenque,SIN NÚMERO,,13,EJIDO,SIN NOMBRE,29940,A UN COSTADO DE LA ESCUELA PRIMARIA BILINGÜE,9611946142,PRIMER NIVEL,1,RURAL,6,SIN MODIFICACION,4,IRREGULAR,"ESTABLECIMIENTO QUE PERTENECÍA A SECRETARIA DE SALUD DEL ESTADO, SE TTRANSFIERE A SERVICIOS DE SALUD IMSS BIENESTAR.",17.137236,-92.131189
CSIMB005565,CENTRO DE SALUD MICROREGIONAL CARMEN XAQUILA,CENTRO DE SALUD MICROREGIONAL CARMEN XAQUILA,YAJALON,SERVICIOS DE SALUD IMSS BIENESTAR ,7,CHIAPAS,CHILON,CARMEN XAQUILA,9,OCOSINGO,DE CONSULTA EXTERNA,22,NINGUNO,SIN NOMBRE,SIN NÚMERO,,27,RANCHERÍA,CARMEN XAQUILA,29948,A UN COSTADO DE LA ESCUELA PRIMARIA,,PRIMER NIVEL,1,RURAL,6,SIN MODIFICACION,4,IRREGULAR,"ESTABLECIMIENTO QUE PERTENECÍA A SECRETARIA DE SALUD DEL ESTADO, SE TTRANSFIERE A SERVICIOS DE SALUD IMSS BIENESTAR.",17.069832,-92.287004
CSIMB005570,CENTRO DE SALUD MICROREGIONAL EL EDEN,CENTRO DE SALUD MICROREGIONAL EL EDEN,OCOSINGO,SERVICIOS DE SALUD IMSS BIENESTAR ,7,CHIAPAS,CHILON,EL EDEN,9,OCOSINGO,DE CONSULTA EXTERNA,23,CAMINO,A GUAQUITEPEC,SIN NÚMERO,,27,RANCHERÍA,SIN NOMBRE,29940,CAMINO DE TERRACERÍA RUMBO A GUAQUITEPEC,9611930738,PRIMER NIVEL,1,RURAL,6,SIN MODIFICACION,4,IRREGULAR,"ESTABLECIMIENTO QUE PERTENECÍA A SECRETARIA DE SALUD DEL ESTADO, SE TTRANSFIERE A SERVICIOS DE SALUD IMSS BIENESTAR.",16.981303,-92.256206
CSIMB005582,HOSPITAL GENERAL BICENTENARIO VILLAFLORES,HOSPITAL GENERAL BICENTENARIO VILLAFLORES,VILLAFLORES,SERVICIOS DE SALUD IMSS BIENESTAR ,7,CHIAPAS,VILLAFLORES,VILLAFLORES,4,VILLAFLORES,DE HOSPITALIZACIÓN,24,CARRETERA,TUXTLA GUTIÉRREZ-VILLAFLORES KM. 87,SIN NÚMERO,,28,RANCHO,BELLAVISTA,30476,"CARRETERA TUXTLA GUTIÉRREZ-VILLAFLORES, RANCHO BELLA VISTA, KM. 87",9616495137,SEGUNDO NIVEL,2,URBANO,6,SIN MODIFICACION,1,PROPIO,"ESTABLECIMIENTO QUE PERTENECÍA A SECRETARIA DE SALUD DEL ESTADO, SE TTRANSFIERE A SERVICIOS DE SALUD IMSS BIENESTAR.",16.258402,-93.265141
CSIMB005594,CENTRO DE SALUD MACAYO 3A. SECCIÓN,CENTRO DE SALUD MACAYO 3A. SECCIÓN,PICHUCALCO,SERVICIOS DE SALUD IMSS BIENESTAR ,7,CHIAPAS,REFORMA,MACAYO 3RA. SECCION,5,PICHUCALCO,DE CONSULTA EXTERNA,24,CARRETERA,A HUIMANGUILLO,SIN NÚMERO,,27,RANCHERÍA,MACAYO 3RA SECC,29509,CERCA DE LA ESCUELA PRIMARIA,9161210315,PRIMER NIVEL,1,RURAL,6,SIN MODIFICACION,5,OTRO,"ESTABLECIMIENTO QUE PERTENECÍA A SECRETARIA DE SALUD DEL ESTADO, SE TTRANSFIERE A SERVICIOS DE SALUD IMSS BIENESTAR.",17.936276,-93.301697
CSIMB005606,CENTRO DE SALUD  LAGUNA GRANDE,CENTRO DE SALUD LAGUNA GRANDE,PICHUCALCO,SERVICIOS DE SALUD IMSS BIENESTAR ,7,CHIAPAS,PANTEPEC,LAGUNA GRANDE,5,PICHUCALCO,DE CONSULTA EXTERNA,23,CAMINO,LAGUNA GRANDE,SIN NÚMERO,,13,EJIDO,LAGUNA GRANDE,29667,A UN COSTADO DEL JARDÍN DE NIÑOS,9186445115,PRIMER NIVEL,1,RURAL,6,SIN MODIFICACION,5,OTRO,"ESTABLECIMIENTO QUE PERTENECÍA A SECRETARIA DE SALUD DEL ESTADO, SE TTRANSFIERE A SERVICIOS DE SALUD IMSS BIENESTAR.",17.248359,-93.083336
CSIMB005611,CENTRO DE SALUD VILLA LUZ,CENTRO DE SALUD VILLA LUZ,SIMOJOVEL,SERVICIOS DE SALUD IMSS BIENESTAR ,7,CHIAPAS,HUITIUPAN,VILLA LUZ,5,PICHUCALCO,DE CONSULTA EXTERNA,23,CAMINO,SIN NOMBRE,SIN NÚMERO,,13,EJIDO,VILLA LUZ,29715,A UN COSTADO DE LA CANCHA EJIDAL,5551505410,PRIMER NIVEL,1,RURAL,6,SIN MODIFICACION,5,OTRO,"ESTABLECIMIENTO QUE PERTENECÍA A SECRETARIA DE SALUD DEL ESTADO, SE TTRANSFIERE A SERVICIOS DE SALUD IMSS BIENESTAR.",17.2807,-92.7191
CSIMB005623,CENTRO DE SALUD RURAL NUEVA SABANILLA,CENTRO DE SALUD RURAL NUEVA SABANILLA,COMITAN,SERVICIOS DE SALUD IMSS BIENESTAR ,7,CHIAPAS,MARAVILLA TENEJAPA,NUEVA SABANILLA,3,COMITÁN,DE CONSULTA EXTERNA,22,NINGUNO,SIN NOMBRE,SIN NÚMERO,,13,EJIDO,NUEVA SABANILLA,30182,RUMBO A LA CARRETERA NUEVA ESPERANZA A 200 MTS.,9616170700,PRIMER NIVEL,1,RURAL,6,SIN MODIFICACION,1,PROPIO,"ESTABLECIMIENTO QUE PERTENECÍA A SECRETARIA DE SALUD DEL ESTADO, SE TTRANSFIERE A SERVICIOS DE SALUD IMSS BIENESTAR.",16.263056,-91.222222
CSIMB005635,LAS LIMAS,LAS LIMAS,CHAMULA,SERVICIOS DE SALUD IMSS BIENESTAR ,7,CHIAPAS,PANTELHO,LAS LIMAS,2,SAN CRISTÓBAL DE LAS CASAS,DE CONSULTA EXTERNA,22,NINGUNO,SIN NOMBRE,SIN NÚMERO,,7,COLONIA,LAS LIMAS,29884,A UN COSTADO DE LA CARRETERA A 500 MTS DEL RÍO GRANDE,,PRIMER NIVEL,1,RURAL,6,SIN MODIFICACION,5,OTRO,"ESTABLECIMIENTO QUE PERTENECÍA A SECRETARIA DE SALUD DEL ESTADO, SE TTRANSFIERE A SERVICIOS DE SALUD IMSS BIENESTAR.",17.077023,-92.487644
CSIMB005640,MACVILHO,MACVILHO,CHAMULA,SERVICIOS DE SALUD IMSS BIENESTAR ,7,CHIAPAS,CHAMULA,MACVILHO,2,SAN CRISTÓBAL DE LAS CASAS,DE CONSULTA EXTERNA,5,CALLE,BARRIO CENTRO,SIN NÚMERO,,21,PARAJE,MACVILHO,29336,ATRÁS DE LA ESCUELA PRIMARIA,9672400736,PRIMER NIVEL,1,RURAL,6,SIN MODIFICACION,5,OTRO,"ESTABLECIMIENTO QUE PERTENECÍA A SECRETARIA DE SALUD DEL ESTADO, SE TTRANSFIERE A SERVICIOS DE SALUD IMSS BIENESTAR.",16.857465,-92.693602
CSIMB005652,ICO,ICO,CHAMULA,SERVICIOS DE SALUD IMSS BIENESTAR ,7,CHIAPAS,ALDAMA,ICO,2,SAN CRISTÓBAL DE LAS CASAS,DE CONSULTA EXTERNA,22,NINGUNO,SIN NOMBRE,SIN NÚMERO,,27,RANCHERÍA,ICO,29879,A UN COSTADO DE LA AGENCIA MUNICIPAL,9191067152,PRIMER NIVEL,1,RURAL,6,SIN MODIFICACION,5,OTRO,"ESTABLECIMIENTO QUE PERTENECÍA A SECRETARIA DE SALUD DEL ESTADO, SE TTRANSFIERE A SERVICIOS DE SALUD IMSS BIENESTAR.",16.915118,-92.711177
CSIMB005664,CHILIMJOVELTIC,CHILIMJOVELTIC,SAN CRISTOBAL DE LAS CASAS,SERVICIOS DE SALUD IMSS BIENESTAR ,7,CHIAPAS,CHAMULA,CHILIMJOVELTIC,2,SAN CRISTÓBAL DE LAS CASAS,DE CONSULTA EXTERNA,24,CARRETERA,CHILIMJOVELTIC,SIN NÚMERO,,7,COLONIA,CHILIMJOVELTIC,29328,A UN COSTADO DE LA ESCUELA PRIMARIA,9612332084,PRIMER NIVEL,1,RURAL,6,SIN MODIFICACION,5,OTRO,"ESTABLECIMIENTO QUE PERTENECÍA A SECRETARIA DE SALUD DEL ESTADO, SE TTRANSFIERE A SERVICIOS DE SALUD IMSS BIENESTAR.",16.779392,-92.582007
CSIMB005676,TZIMOL,TZIMOL,COMITAN,SERVICIOS DE SALUD IMSS BIENESTAR ,7,CHIAPAS,TZIMOL,TZIMOL,3,COMITÁN,DE CONSULTA EXTERNA,24,CARRETERA,COMITAN-PIJILTIC KM. 13,SIN NÚMERO,,3,BARRIO,MACMANTIC,30110,"CARRETERA COMITAN-PIJILTIC KM 13 Y ESQ. BLVD BENITO JUÁREZ S/N, COL. BARRIO MACMANTIC",9611423988,PRIMER NIVEL,2,URBANO,6,SIN MODIFICACION,1,PROPIO,"ESTABLECIMIENTO QUE PERTENECÍA A SECRETARIA DE SALUD DEL ESTADO, SE TTRANSFIERE A SERVICIOS DE SALUD IMSS BIENESTAR.",16.172232,-92.1956
CSIMB005681,CENTRO COMUNITARIO DE SALUD MENTAL Y ADICCIONES COMITÁN DE DOMÍNGUEZ,CENTRO COMUNITARIO DE SALUD MENTAL Y ADICCIONES COMITÁN DE DOMÍNGUEZ,COMITAN,SERVICIOS DE SALUD IMSS BIENESTAR ,7,CHIAPAS,COMITAN DE DOMINGUEZ,COMITAN DE DOMINGUEZ,3,COMITÁN,DE CONSULTA EXTERNA,4,BOULEVARD,TENAM,SIN NÚMERO,,16,FRACCIONAMIENTO,ARBOLEDAS,30068,"BOULEVARD TENAM S/N Y CALLE ENCINOS, COL. FRACC. ARBOLEDAS",9671131701,PRIMER NIVEL,2,URBANO,6,SIN MODIFICACION,1,PROPIO,"ESTABLECIMIENTO QUE PERTENECÍA A SECRETARIA DE SALUD DEL ESTADO, SE TTRANSFIERE A SERVICIOS DE SALUD IMSS BIENESTAR.",16.236272,-92.154946
CSIMB005693,CENTRO COMUNITARIO DE SALUD MENTAL Y ADICCIONES FRONTERA COMALAPA,CENTRO COMUNITARIO DE SALUD MENTAL Y ADICCIONES FRONTERA COMALAPA,EL PORVENIR,SERVICIOS DE SALUD IMSS BIENESTAR ,7,CHIAPAS,FRONTERA COMALAPA,FRONTERA COMALAPA,3,COMITÁN,DE CONSULTA EXTERNA,19,PROLONGACIÓN,DE LA 5A. AVENIDA PONIENTE NORTE,SIN NÚMERO,,7,COLONIA,SAN FRANCISCO LA AURORA,30140,ATRÁS DE LA AGENCIA DEL MINISTERIO PÚBLICO,9671149737,PRIMER NIVEL,2,URBANO,6,SIN MODIFICACION,1,PROPIO,"ESTABLECIMIENTO QUE PERTENECÍA A SECRETARIA DE SALUD DEL ESTADO, SE TTRANSFIERE A SERVICIOS DE SALUD IMSS BIENESTAR.",15.667565,-92.132689
CSIMB005705,CARAVANA TIPO 0 TZABALHÓ,CARAVANA TIPO 0 TZABALHÓ,CHAMULA,SERVICIOS DE SALUD IMSS BIENESTAR ,7,CHIAPAS,CHENALHO,TZABALHO,2,SAN CRISTÓBAL DE LAS CASAS,DE CONSULTA EXTERNA,23,CAMINO,TZABALHO,SIN NÚMERO,,13,EJIDO,TZABALHO,29873,CASA EJIDAL,9614109689,PRIMER NIVEL,1,RURAL,6,SIN MODIFICACION,1,PROPIO,"ESTABLECIMIENTO QUE PERTENECÍA A SECRETARIA DE SALUD DEL ESTADO, SE TTRANSFIERE A SERVICIOS DE SALUD IMSS BIENESTAR.",16.936837,-92.61957
CSIMB005710,CARAVANA TIPO 0 NUEVA REFORMA,CARAVANA TIPO 0 NUEVA REFORMA,CHAMULA,SERVICIOS DE SALUD IMSS BIENESTAR ,7,CHIAPAS,PANTELHO,NUEVA REFORMA,2,SAN CRISTÓBAL DE LAS CASAS,DE CONSULTA EXTERNA,23,CAMINO,NUEVA REFORMA,SIN NÚMERO,,25,PUEBLO,NUEVA REFORMA,29880,,9191357338,PRIMER NIVEL,1,RURAL,6,SIN MODIFICACION,1,PROPIO,"ESTABLECIMIENTO QUE PERTENECÍA A SECRETARIA DE SALUD DEL ESTADO, SE TTRANSFIERE A SERVICIOS DE SALUD IMSS BIENESTAR.",17.109848,-92.423671
CSIMB005722,CARAVANA TIPO 0 SAN ANTONIO BALASHILNA,CARAVANA TIPO 0 SAN ANTONIO BALASHILNA,OXCHUC,SERVICIOS DE SALUD IMSS BIENESTAR ,7,CHIAPAS,HUIXTAN,SAN ANTONIO BALASHILNA,2,SAN CRISTÓBAL DE LAS CASAS,DE CONSULTA EXTERNA,24,CARRETERA,SAN ANTONIO BALASHILNA,SIN NÚMERO,,25,PUEBLO,SAN ANTONIO BALASHILNA,29470,ENTRE ESCUELA PRIMARIA Y ESCUELA PREESCOLAR,9611816801,PRIMER NIVEL,1,RURAL,6,SIN MODIFICACION,1,PROPIO,"ESTABLECIMIENTO QUE PERTENECÍA A SECRETARIA DE SALUD DEL ESTADO, SE TTRANSFIERE A SERVICIOS DE SALUD IMSS BIENESTAR.",16.740064,-92.371165
CSIMB005734,CARAVANA TIPO 0 EL DURAZNAL SANTA FE,CARAVANA TIPO 0 EL DURAZNAL SANTA FE,YAJALON,SERVICIOS DE SALUD IMSS BIENESTAR ,7,CHIAPAS,CHILON,EL DURAZNAL SANTA FE,9,OCOSINGO,DE CONSULTA EXTERNA,22,NINGUNO,SIN NOMBRE,SIN NÚMERO,,25,PUEBLO,SIN NOMBRE,29940,CASA EJIDAL,9612867104,PRIMER NIVEL,1,RURAL,6,SIN MODIFICACION,1,PROPIO,"ESTABLECIMIENTO QUE PERTENECÍA A SECRETARIA DE SALUD DEL ESTADO, SE TTRANSFIERE A SERVICIOS DE SALUD IMSS BIENESTAR.",17.11463,-92.34063
CSIMB005746,CARAVANA TIPO 0 BAWITZ TUTZILTIK,CARAVANA TIPO 0 BAWITZ TUTZILTIK,OCOSINGO,SERVICIOS DE SALUD IMSS BIENESTAR ,7,CHIAPAS,CHILON,BAWITZ TUTZILTIK,9,OCOSINGO,DE CONSULTA EXTERNA,6,CALLEJÓN,SIN NOMBRE,SIN NÚMERO,,27,RANCHERÍA,SIN NOMBRE,29940,CASA EJIDAL,9611524802,PRIMER NIVEL,1,RURAL,6,SIN MODIFICACION,1,PROPIO,"ESTABLECIMIENTO QUE PERTENECÍA A SECRETARIA DE SALUD DEL ESTADO, SE TTRANSFIERE A SERVICIOS DE SALUD IMSS BIENESTAR.",17.088632,-92.049162
CSIMB005751,CARAVANA TIPO 0 SEGUNDO TZAJALCHÉN,CARAVANA TIPO 0 SEGUNDO TZAJALCHÉN,OCOSINGO,SERVICIOS DE SALUD IMSS BIENESTAR ,7,CHIAPAS,CHILON,SEGUNDO TZAJALCHEN,9,OCOSINGO,DE CONSULTA EXTERNA,23,CAMINO,SIN NOMBRE,SIN NÚMERO,,25,PUEBLO,SIN NOMBRE,29940,CASA EJIDAL,9661032387,PRIMER NIVEL,1,RURAL,6,SIN MODIFICACION,1,PROPIO,"ESTABLECIMIENTO QUE PERTENECÍA A SECRETARIA DE SALUD DEL ESTADO, SE TTRANSFIERE A SERVICIOS DE SALUD IMSS BIENESTAR.",17.171406,-92.004213
CSIMB005763,CARAVANA TIPO 0 PARAÍSO CHICOTÁNIL,CARAVANA TIPO 0 PARAÍSO CHICOTÁNIL,YAJALON,SERVICIOS DE SALUD IMSS BIENESTAR ,7,CHIAPAS,SITALA,PARAISO CHICOTANIL,9,OCOSINGO,DE CONSULTA EXTERNA,23,CAMINO,Paraiso chicotanil,SIN NÚMERO,,27,RANCHERÍA,SIN NOMBRE,29890,CASA EJIDAL,9626251304,PRIMER NIVEL,1,RURAL,6,SIN MODIFICACION,1,PROPIO,"ESTABLECIMIENTO QUE PERTENECÍA A SECRETARIA DE SALUD DEL ESTADO, SE TTRANSFIERE A SERVICIOS DE SALUD IMSS BIENESTAR.",17.011341,-92.344438
CSIMB005775,CARAVANA TIPO 0 YOCHIBJÁ,CARAVANA TIPO 0 YOCHIBJÁ,OCOSINGO,SERVICIOS DE SALUD IMSS BIENESTAR ,7,CHIAPAS,CHILON,YOCHIBJA,9,OCOSINGO,DE CONSULTA EXTERNA,23,CAMINO,SIN NOMBRE,SIN NÚMERO,,27,RANCHERÍA,SIN NOMBRE,29940,CASA EJIDAL,9612119782,PRIMER NIVEL,1,RURAL,6,SIN MODIFICACION,1,PROPIO,"ESTABLECIMIENTO QUE PERTENECÍA A SECRETARIA DE SALUD DEL ESTADO, SE TTRANSFIERE A SERVICIOS DE SALUD IMSS BIENESTAR.",17.151755,-91.891873
CSIMB005780,CARAVANA TIPO 0 UJCAYIL,CARAVANA TIPO 0 UJCAYIL,OCOSINGO,SERVICIOS DE SALUD IMSS BIENESTAR ,7,CHIAPAS,CHILON,UJCAYIL,9,OCOSINGO,DE CONSULTA EXTERNA,22,NINGUNO,SIN NOMBRE,SIN NÚMERO,,25,PUEBLO,SIN NOMBRE,29940,CASA EJIDAL,9611064003,PRIMER NIVEL,1,RURAL,6,SIN MODIFICACION,1,PROPIO,"ESTABLECIMIENTO QUE PERTENECÍA A SECRETARIA DE SALUD DEL ESTADO, SE TTRANSFIERE A SERVICIOS DE SALUD IMSS BIENESTAR.",17.082631,-92.168041
CSIMB005792,CENTRO DE SALUD MICROREGIONAL CERRO JAQUIMA,CENTRO DE SALUD MICROREGIONAL CERRO JAQUIMA,PICHUCALCO,SERVICIOS DE SALUD IMSS BIENESTAR ,7,CHIAPAS,OCOTEPEC,CERRO JAQUIMA,1,TUXTLA GUTIERREZ,DE CONSULTA EXTERNA,23,CAMINO,SIN NOMBRE,SIN NÚMERO,,13,EJIDO,CERRO JAQUIMA,29683,A UN LADO DE LA ESCUELA PRIMARIA,9161167321,PRIMER NIVEL,1,RURAL,6,SIN MODIFICACION,5,OTRO,"ESTABLECIMIENTO QUE PERTENECÍA A SECRETARIA DE SALUD DEL ESTADO, SE TTRANSFIERE A SERVICIOS DE SALUD IMSS BIENESTAR.",17.23955,-93.140478
CSIMB005804,CENTRO DE SALUD MICROREGIONAL SAN MIGUEL LA SARDINA,CENTRO DE SALUD MICROREGIONAL SAN MIGUEL LA SARDINA,PICHUCALCO,SERVICIOS DE SALUD IMSS BIENESTAR ,7,CHIAPAS,FRANCISCO LEON,SAN MIGUEL LA SARDINA,1,TUXTLA GUTIERREZ,DE CONSULTA EXTERNA,24,CARRETERA,SAN MIGUEL,SIN NÚMERO,,25,PUEBLO,SAN MIGUEL LA SARDINA,29562,FRENTE A LA CASA EJIDAL,9631710778,PRIMER NIVEL,1,RURAL,6,SIN MODIFICACION,5,OTRO,"ESTABLECIMIENTO QUE PERTENECÍA A SECRETARIA DE SALUD DEL ESTADO, SE TTRANSFIERE A SERVICIOS DE SALUD IMSS BIENESTAR.",17.295162,-93.352572
CSIMB005816,CENTRO DE SALUD MICROREGIONAL SAN JOSÉ PLAN OCOTAL,CENTRO DE SALUD MICROREGIONAL SAN JOSÉ PLAN OCOTAL,PICHUCALCO,SERVICIOS DE SALUD IMSS BIENESTAR ,7,CHIAPAS,OCOTEPEC,SAN JOSE PLAN OCOTAL,1,TUXTLA GUTIERREZ,DE CONSULTA EXTERNA,5,CALLE,SIN NOMBRE,SIN NÚMERO,,25,PUEBLO,SAN JOSE PLAN OCOTAL,29864,FRENTE A LA CANCHA DE BASQUET BOL,9615806283,PRIMER NIVEL,1,RURAL,6,SIN MODIFICACION,5,OTRO,"ESTABLECIMIENTO QUE PERTENECÍA A SECRETARIA DE SALUD DEL ESTADO, SE TTRANSFIERE A SERVICIOS DE SALUD IMSS BIENESTAR.",17.203622,-93.181963
CSIMB005821,CENTRO COMUNITARIO DE SALUD MENTAL Y ADICCIONES TONALÁ,CENTRO COMUNITARIO DE SALUD MENTAL Y ADICCIONES TONALÁ,TONALA,SERVICIOS DE SALUD IMSS BIENESTAR ,7,CHIAPAS,TONALA,TONALA,8,TONALÁ,DE CONSULTA EXTERNA,4,BOULEVARD,JUAN JOSE CALZADA,480,,5,CIUDAD,EVOLUCION,30500,"CALLE JUAN JOSE CALZADA NO. 480 , COL.. EVOLUCIÓN",9621700766,PRIMER NIVEL,2,URBANO,6,SIN MODIFICACION,5,OTRO,"ESTABLECIMIENTO QUE PERTENECÍA A SECRETARIA DE SALUD DEL ESTADO, SE TTRANSFIERE A SERVICIOS DE SALUD IMSS BIENESTAR.",16.0872508,-93.7695918
CSIMB005833,CENTRO COMUNITARIO DE SALUD MENTAL Y ADICCIONES PALENQUE,CENTRO COMUNITARIO DE SALUD MENTAL Y ADICCIONES PALENQUE,PALENQUE,SERVICIOS DE SALUD IMSS BIENESTAR ,7,CHIAPAS,PALENQUE,PALENQUE,6,PALENQUE,DE CONSULTA EXTERNA,4,BOULEVARD,TENAM,SIN NÚMERO,,16,FRACCIONAMIENTO,ARBOLEDAS,29960,"BOULEVARD TEMAN S/N Y CALLE ENCINOS, FRACC. ARBOLEDAS",9191366372,PRIMER NIVEL,2,URBANO,6,SIN MODIFICACION,5,OTRO,"ESTABLECIMIENTO QUE PERTENECÍA A SECRETARIA DE SALUD DEL ESTADO, SE TTRANSFIERE A SERVICIOS DE SALUD IMSS BIENESTAR.",17.5173718,-91.991244
CSIMB005845,CENTRO DE SALUD MICROREGIONAL LA LIBERTAD,CENTRO DE SALUD MICROREGIONAL LA LIBERTAD,CHAMULA,SERVICIOS DE SALUD IMSS BIENESTAR ,7,CHIAPAS,CHENALHO,LA LIBERTAD,2,SAN CRISTÓBAL DE LAS CASAS,DE CONSULTA EXTERNA,16,PEATONAL,LA LIBERTAD,SIN NÚMERO,,25,PUEBLO,LA LIBERTAD,29871,FRENTE A LA ESCUELA PRIMARIA,9673439115,PRIMER NIVEL,1,RURAL,6,SIN MODIFICACION,5,OTRO,"ESTABLECIMIENTO QUE PERTENECÍA A SECRETARIA DE SALUD DEL ESTADO, SE TTRANSFIERE A SERVICIOS DE SALUD IMSS BIENESTAR.",16.905576,-92.565469
CSIMB005850,CENTRO DE SALUD MICROREGIONAL YUT BASH UNO,CENTRO DE SALUD MICROREGIONAL YUT BASH UNO,SAN CRISTOBAL DE LAS CASAS,SERVICIOS DE SALUD IMSS BIENESTAR ,7,CHIAPAS,CHAMULA,YUT BASH UNO,2,SAN CRISTÓBAL DE LAS CASAS,DE CONSULTA EXTERNA,5,CALLE,SIN NOMBRE,SIN NÚMERO,,21,PARAJE,YUT BASH UNO,29324,3 KM. DESPUES DE LA ESCUELA DE LA LOCALIDAD DE JOPAJALTON,9611190300,PRIMER NIVEL,1,RURAL,6,SIN MODIFICACION,5,OTRO,"ESTABLECIMIENTO QUE PERTENECÍA A SECRETARIA DE SALUD DEL ESTADO, SE TTRANSFIERE A SERVICIOS DE SALUD IMSS BIENESTAR.",16.806992,-92.638918
CSIMB005862,CENTRO DE SALUD MICROREGIONAL CHIMTIC,CENTRO DE SALUD MICROREGIONAL CHIMTIC,CHAMULA,SERVICIOS DE SALUD IMSS BIENESTAR ,7,CHIAPAS,CHENALHO,CHIMTIC,2,SAN CRISTÓBAL DE LAS CASAS,DE CONSULTA EXTERNA,24,CARRETERA,A LA LIBERTAD,SIN NÚMERO,,27,RANCHERÍA,CHIMTIC,29876,A 9.5 KM. CARRETERA A LA LIBERTAD,9671014010,PRIMER NIVEL,1,RURAL,6,SIN MODIFICACION,5,OTRO,"ESTABLECIMIENTO QUE PERTENECÍA A SECRETARIA DE SALUD DEL ESTADO, SE TTRANSFIERE A SERVICIOS DE SALUD IMSS BIENESTAR.",16.922898,-92.604316
CSIMB005874,CENTRO DE SALUD MICROREGIONAL CHIXILTÓN,CENTRO DE SALUD MICROREGIONAL CHIXILTÓN,CHAMULA,SERVICIOS DE SALUD IMSS BIENESTAR ,7,CHIAPAS,CHENALHO,CHIXILTON,2,SAN CRISTÓBAL DE LAS CASAS,DE CONSULTA EXTERNA,22,NINGUNO,SIN NOMBRE,SIN NÚMERO,,27,RANCHERÍA,CHIXILTON,29873,A UN COSTADO DE LA ESCUELA PRIMARIA,9616161869,PRIMER NIVEL,1,RURAL,6,SIN MODIFICACION,5,OTRO,"ESTABLECIMIENTO QUE PERTENECÍA A SECRETARIA DE SALUD DEL ESTADO, SE TTRANSFIERE A SERVICIOS DE SALUD IMSS BIENESTAR.",16.920814,-92.617243
CSIMB005886,CENTRO DE SALUD MICROREGIONAL NUEVA MORELIA,CENTRO DE SALUD MICROREGIONAL NUEVA MORELIA,EL PORVENIR,SERVICIOS DE SALUD IMSS BIENESTAR ,7,CHIAPAS,AMATENANGO DE LA FRONTERA,NUEVA MORELIA,10,MOTOZINTLA,DE CONSULTA EXTERNA,5,CALLE,SECTOR 2,SIN NÚMERO,,13,EJIDO,NUEVA MORELIA,30944,SECTOR 2 FRENTE A LA TELESECUNDARIA NO. 836 JAIME SABINES,9631644965,PRIMER NIVEL,1,RURAL,6,SIN MODIFICACION,5,OTRO,"ESTABLECIMIENTO QUE PERTENECÍA A SECRETARIA DE SALUD DEL ESTADO, SE TTRANSFIERE A SERVICIOS DE SALUD IMSS BIENESTAR.",15.616561,-92.144541
CSIMB005891,"HOSPITAL BÁSICO COMUNITARIO OSTUACAN, CHIAPAS","HOSPITAL BÁSICO COMUNITARIO OSTUACAN, CHIAPAS",PICHUCALCO,SERVICIOS DE SALUD IMSS BIENESTAR ,7,CHIAPAS,OSTUACAN,OSTUACAN,5,PICHUCALCO,DE HOSPITALIZACIÓN,5,CALLE,ZARAGOZA,SIN NÚMERO,,7,COLONIA,CENTRO,29550,ZARAGOZA ENTRE AV. BENITO JUÁREZ,9671954201,SEGUNDO NIVEL,2,URBANO,6,SIN MODIFICACION,1,PROPIO,"ESTABLECIMIENTO QUE PERTENECÍA A SECRETARIA DE SALUD DEL ESTADO, SE TTRANSFIERE A SERVICIOS DE SALUD IMSS BIENESTAR.",17.407516,-93.335205
CSIMB005903,CENTRO DE SALUD MICROREGIONAL YASHNAIL,CENTRO DE SALUD MICROREGIONAL YASHNAIL,OXCHUC,SERVICIOS DE SALUD IMSS BIENESTAR ,7,CHIAPAS,SAN JUAN CANCUC,YASHNAIL,2,SAN CRISTÓBAL DE LAS CASAS,DE CONSULTA EXTERNA,23,CAMINO,SIN NOMBRE,SIN NÚMERO,,25,PUEBLO,YASHNAIL,29792,400 MTS ANTES DE LA PRIMARIA,9191406049,PRIMER NIVEL,1,RURAL,6,SIN MODIFICACION,5,OTRO,"ESTABLECIMIENTO QUE PERTENECÍA A SECRETARIA DE SALUD DEL ESTADO, SE TTRANSFIERE A SERVICIOS DE SALUD IMSS BIENESTAR.",16.861545,-92.393521
CSIMB005915,CENTRO DE SALUD MICROREGIONAL BAPUZ,CENTRO DE SALUD MICROREGIONAL BAPUZ,OXCHUC,SERVICIOS DE SALUD IMSS BIENESTAR ,7,CHIAPAS,SAN JUAN CANCUC,BAPUZ,2,SAN CRISTÓBAL DE LAS CASAS,DE CONSULTA EXTERNA,16,PEATONAL,SIN NOMBRE,SIN NÚMERO,,25,PUEBLO,BAPUZ,29795,FRENTE A LA ESCUELA EJIDAL,9211157187,PRIMER NIVEL,1,RURAL,6,SIN MODIFICACION,5,OTRO,"ESTABLECIMIENTO QUE PERTENECÍA A SECRETARIA DE SALUD DEL ESTADO, SE TTRANSFIERE A SERVICIOS DE SALUD IMSS BIENESTAR.",16.942304,-92.382085
CSIMB005920,CENTRO DE SALUD MICROREGIONAL TZULUWITZ,CENTRO DE SALUD MICROREGIONAL TZULUWITZ,OXCHUC,SERVICIOS DE SALUD IMSS BIENESTAR ,7,CHIAPAS,SAN JUAN CANCUC,TZULUWITZ,2,SAN CRISTÓBAL DE LAS CASAS,DE CONSULTA EXTERNA,23,CAMINO,SIN NOMBRE,SIN NÚMERO,,25,PUEBLO,TZULUWITZ,29795,A 500 MTS DE LA ESCUELA PRIMARIA,9611142392,PRIMER NIVEL,1,RURAL,6,SIN MODIFICACION,5,OTRO,"ESTABLECIMIENTO QUE PERTENECÍA A SECRETARIA DE SALUD DEL ESTADO, SE TTRANSFIERE A SERVICIOS DE SALUD IMSS BIENESTAR.",16.889314,-92.401151
CSIMB005932,CENTRO DE SALUD MICROREGIONAL CHILOLJA,CENTRO DE SALUD MICROREGIONAL CHILOLJA,OXCHUC,SERVICIOS DE SALUD IMSS BIENESTAR ,7,CHIAPAS,SAN JUAN CANCUC,CHILOLJA,2,SAN CRISTÓBAL DE LAS CASAS,DE CONSULTA EXTERNA,24,CARRETERA,SIN NOMBRE,SIN NÚMERO,,25,PUEBLO,CHILOLJA,29792,A UN KM. DEL CRUCERO CHILOLJA,9631295617,PRIMER NIVEL,1,RURAL,6,SIN MODIFICACION,5,OTRO,"ESTABLECIMIENTO QUE PERTENECÍA A SECRETARIA DE SALUD DEL ESTADO, SE TTRANSFIERE A SERVICIOS DE SALUD IMSS BIENESTAR.",16.886989,-92.425607
CSIMB005944,CENTRO DE SALUD MICROREGIONAL SAN ANDRES PUERTO RICO,CENTRO DE SALUD MICROREGIONAL SAN ANDRES PUERTO RICO,OXCHUC,SERVICIOS DE SALUD IMSS BIENESTAR ,7,CHIAPAS,HUIXTAN,SAN ANDRES PUERTO RICO,2,SAN CRISTÓBAL DE LAS CASAS,DE CONSULTA EXTERNA,23,CAMINO,SIN NOMBRE,SIN NÚMERO,,27,RANCHERÍA,SAN ANDRÚS PUERTO RICO,29473,A UN COSTADO DE LA ESCUELA,9161423464,PRIMER NIVEL,1,RURAL,6,SIN MODIFICACION,5,OTRO,"ESTABLECIMIENTO QUE PERTENECÍA A SECRETARIA DE SALUD DEL ESTADO, SE TTRANSFIERE A SERVICIOS DE SALUD IMSS BIENESTAR.",16.699715,-92.403127
CSIMB005956,CENTRO DE SALUD MICROREGIONAL SANTA ROSA,CENTRO DE SALUD MICROREGIONAL SANTA ROSA,OXCHUC,SERVICIOS DE SALUD IMSS BIENESTAR ,7,CHIAPAS,HUIXTAN,SANTA ROSA,2,SAN CRISTÓBAL DE LAS CASAS,DE CONSULTA EXTERNA,24,CARRETERA,SIN NOMBRE,SIN NÚMERO,,25,PUEBLO,SANTA ROSA,29470,CARRETERA A LA LOCALIDAD DE RÍO FLORIDO,9612336698,PRIMER NIVEL,1,RURAL,6,SIN MODIFICACION,5,OTRO,"ESTABLECIMIENTO QUE PERTENECÍA A SECRETARIA DE SALUD DEL ESTADO, SE TTRANSFIERE A SERVICIOS DE SALUD IMSS BIENESTAR.",16.691289,-92.31669
CSIMB005961,CENTRO DE SALUD MICROREGIONAL YIBELJOJ,CENTRO DE SALUD MICROREGIONAL YIBELJOJ,CHAMULA,SERVICIOS DE SALUD IMSS BIENESTAR ,7,CHIAPAS,CHENALHO,YIBELJOJ,2,SAN CRISTÓBAL DE LAS CASAS,DE CONSULTA EXTERNA,22,NINGUNO,SIN NOMBRE,SIN NÚMERO,,25,PUEBLO,YIBELJOJ,29870,"A UN COSTADO DE LA CARRETERA, RUMBO A LA COMUNIDAD DE LA LIBERTAD",9631472003,PRIMER NIVEL,1,RURAL,6,SIN MODIFICACION,5,OTRO,"ESTABLECIMIENTO QUE PERTENECÍA A SECRETARIA DE SALUD DEL ESTADO, SE TTRANSFIERE A SERVICIOS DE SALUD IMSS BIENESTAR.",16.957945,-92.503754
CSIMB005973,CENTRO DE SALUD MICROREGIONAL CAÑADA GRANDE,CENTRO DE SALUD MICROREGIONAL CAÑADA GRANDE,SAN CRISTOBAL DE LAS CASAS,SERVICIOS DE SALUD IMSS BIENESTAR ,7,CHIAPAS,TENEJAPA,CAÑADA GRANDE,2,SAN CRISTÓBAL DE LAS CASAS,DE CONSULTA EXTERNA,24,CARRETERA,SIN NOMBRE,SIN NÚMERO,,25,PUEBLO,LA CAÑADA GRANDE,29480,A 600 MTS. DE LA ENTRADA A LA LOCALIDAD,2721309317,PRIMER NIVEL,1,RURAL,6,SIN MODIFICACION,5,OTRO,"ESTABLECIMIENTO QUE PERTENECÍA A SECRETARIA DE SALUD DEL ESTADO, SE TTRANSFIERE A SERVICIOS DE SALUD IMSS BIENESTAR.",16.818597,-92.522399
CSIMB005985,CENTRO DE SALUD MICROREGIONAL MAJOMUT,CENTRO DE SALUD MICROREGIONAL MAJOMUT,CHAMULA,SERVICIOS DE SALUD IMSS BIENESTAR ,7,CHIAPAS,CHENALHO,MAJOMUT,2,SAN CRISTÓBAL DE LAS CASAS,DE CONSULTA EXTERNA,22,NINGUNO,SIN NOMBRE,SIN NÚMERO,,25,PUEBLO,MAJOMUT,29870,A UN COSTADO DE LA BODEGA DE CAFÉ,9672871553,PRIMER NIVEL,1,RURAL,6,SIN MODIFICACION,5,OTRO,"ESTABLECIMIENTO QUE PERTENECÍA A SECRETARIA DE SALUD DEL ESTADO, SE TTRANSFIERE A SERVICIOS DE SALUD IMSS BIENESTAR.",16.972625,-92.523729
CSIMB005990,CENTRO DE SALUD SIBERIA,CENTRO DE SALUD SIBERIA,SAN CRISTOBAL DE LAS CASAS,SERVICIOS DE SALUD IMSS BIENESTAR ,7,CHIAPAS,CHANAL,SIBERIA,2,SAN CRISTÓBAL DE LAS CASAS,DE CONSULTA EXTERNA,23,CAMINO,SIN NOMBRE,SIN NÚMERO,,7,COLONIA,SIBERIA,29444,FRENTE A LA AGENCIA RURAL MUNICIPAL,9671411911,PRIMER NIVEL,1,RURAL,6,SIN MODIFICACION,5,OTRO,"ESTABLECIMIENTO QUE PERTENECÍA A SECRETARIA DE SALUD DEL ESTADO, SE TTRANSFIERE A SERVICIOS DE SALUD IMSS BIENESTAR.",16.61756,-92.292926
CSIMB006002,CENTRO DE SALUD MICROREGIONAL CHULNA,CENTRO DE SALUD MICROREGIONAL CHULNA,OXCHUC,SERVICIOS DE SALUD IMSS BIENESTAR ,7,CHIAPAS,OXCHUC,CHULNA,2,SAN CRISTÓBAL DE LAS CASAS,DE CONSULTA EXTERNA,23,CAMINO,SIN NOMBRE,SIN NÚMERO,,25,PUEBLO,CHULNA,29460,A UN COSTADO DE LA ESCUELA PRIMARIA,9612817304,PRIMER NIVEL,1,RURAL,6,SIN MODIFICACION,5,OTRO,"ESTABLECIMIENTO QUE PERTENECÍA A SECRETARIA DE SALUD DEL ESTADO, SE TTRANSFIERE A SERVICIOS DE SALUD IMSS BIENESTAR.",16.786087,-92.18393
CSIMB006014,CENTRO DE SALUD MICROREGIONAL TZOPILJA,CENTRO DE SALUD MICROREGIONAL TZOPILJA,OXCHUC,SERVICIOS DE SALUD IMSS BIENESTAR ,7,CHIAPAS,OXCHUC,TZOPILJA,2,SAN CRISTÓBAL DE LAS CASAS,DE CONSULTA EXTERNA,23,CAMINO,A NAVIL-TABJA,SIN NÚMERO,,25,PUEBLO,TZOPILJA,29451,CARRETERA A NAVIL TABJA,9612353667,PRIMER NIVEL,1,RURAL,6,SIN MODIFICACION,5,OTRO,"ESTABLECIMIENTO QUE PERTENECÍA A SECRETARIA DE SALUD DEL ESTADO, SE TTRANSFIERE A SERVICIOS DE SALUD IMSS BIENESTAR.",16.739755,-92.309207
CSIMB006026,CENTRO DE SALUD MICROREGIONAL TZAJALCHÉN,CENTRO DE SALUD MICROREGIONAL TZAJALCHÉN,CHAMULA,SERVICIOS DE SALUD IMSS BIENESTAR ,7,CHIAPAS,CHAMULA,TZAJALCHEN,2,SAN CRISTÓBAL DE LAS CASAS,DE CONSULTA EXTERNA,24,CARRETERA,A MITONTIC,SIN NÚMERO,,7,COLONIA,TZAJALCHEN,29335,A 600 MTS. DE LA ESCUELA PRIMARIA,9671202428,PRIMER NIVEL,1,RURAL,6,SIN MODIFICACION,5,OTRO,"ESTABLECIMIENTO QUE PERTENECÍA A SECRETARIA DE SALUD DEL ESTADO, SE TTRANSFIERE A SERVICIOS DE SALUD IMSS BIENESTAR.",16.838761,-92.644862
CSIMB006031,CENTRO DE SALUD MICROREGIONAL CATISHTIC,CENTRO DE SALUD MICROREGIONAL CATISHTIC,CHAMULA,SERVICIOS DE SALUD IMSS BIENESTAR ,7,CHIAPAS,CHAMULA,CATISHTIC,2,SAN CRISTÓBAL DE LAS CASAS,DE CONSULTA EXTERNA,23,CAMINO,CATISHTIC CENTRO,SIN NÚMERO,,21,PARAJE,CATISHTIC,29320,A UN COSTADO DE LA ESCUELA PRIMARIA,9671508329,PRIMER NIVEL,1,RURAL,6,SIN MODIFICACION,5,OTRO,"ESTABLECIMIENTO QUE PERTENECÍA A SECRETARIA DE SALUD DEL ESTADO, SE TTRANSFIERE A SERVICIOS DE SALUD IMSS BIENESTAR.",16.779973,-92.734575
CSIMB006043,CENTRO DE SALUD MICROREGIONAL JOLBON,CENTRO DE SALUD MICROREGIONAL JOLBON,CHAMULA,SERVICIOS DE SALUD IMSS BIENESTAR ,7,CHIAPAS,CHAMULA,JOLBON,2,SAN CRISTÓBAL DE LAS CASAS,DE CONSULTA EXTERNA,22,NINGUNO,SIN NOMBRE,SIN NÚMERO,,27,RANCHERÍA,JOLBÓN,29332,A UN COSTADO DE LA ESCUELA PRIMARIA,9671252085,PRIMER NIVEL,1,RURAL,6,SIN MODIFICACION,5,OTRO,"ESTABLECIMIENTO QUE PERTENECÍA A SECRETARIA DE SALUD DEL ESTADO, SE TTRANSFIERE A SERVICIOS DE SALUD IMSS BIENESTAR.",16.826508,-92.631614
CSIMB006055,CENTRO DE SALUD MICROREGIONAL LAS MINAS,CENTRO DE SALUD MICROREGIONAL LAS MINAS,CHAMULA,SERVICIOS DE SALUD IMSS BIENESTAR ,7,CHIAPAS,CHAMULA,LAS MINAS,2,SAN CRISTÓBAL DE LAS CASAS,DE CONSULTA EXTERNA,23,CAMINO,1 KM. ANTES DE LLEGAR A LA COMUNIDAD,SIN NÚMERO,,27,RANCHERÍA,LAS MINAS,29327,1 KM ANTES DE LLEGAR A LA COMUNIDAD,9611173007,PRIMER NIVEL,1,RURAL,6,SIN MODIFICACION,5,OTRO,"ESTABLECIMIENTO QUE PERTENECÍA A SECRETARIA DE SALUD DEL ESTADO, SE TTRANSFIERE A SERVICIOS DE SALUD IMSS BIENESTAR.",16.813115,-92.664244
CSIMB006060,CENTRO DE SALUD MICROREGIONAL PAJALTÓN ALTO,CENTRO DE SALUD MICROREGIONAL PAJALTÓN ALTO,SAN CRISTOBAL DE LAS CASAS,SERVICIOS DE SALUD IMSS BIENESTAR ,7,CHIAPAS,CHAMULA,PAJALTON ALTO,2,SAN CRISTÓBAL DE LAS CASAS,DE CONSULTA EXTERNA,24,CARRETERA,SIN NOMBRE,SIN NÚMERO,,7,COLONIA,PAJALTON ALTO,29326,A UN COSTADO DE LA ESCUELA PRIMARIA,9671264331,PRIMER NIVEL,1,RURAL,6,SIN MODIFICACION,5,OTRO,"ESTABLECIMIENTO QUE PERTENECÍA A SECRETARIA DE SALUD DEL ESTADO, SE TTRANSFIERE A SERVICIOS DE SALUD IMSS BIENESTAR.",16.828074,-92.571708
CSIMB006072,CENTRO DE SALUD MICROREGIONAL PINAR SALINAS,CENTRO DE SALUD MICROREGIONAL PINAR SALINAS,SAN CRISTOBAL DE LAS CASAS,SERVICIOS DE SALUD IMSS BIENESTAR ,7,CHIAPAS,ZINACANTAN,PINAR SALINAS,2,SAN CRISTÓBAL DE LAS CASAS,DE CONSULTA EXTERNA,5,CALLE,PINAR SALINAS ,SIN NÚMERO,,7,COLONIA,PINAR SALINAS,29350,FRENTE A LA ESCUELA PRIMARIA,2213499023,PRIMER NIVEL,1,RURAL,6,SIN MODIFICACION,5,OTRO,"ESTABLECIMIENTO QUE PERTENECÍA A SECRETARIA DE SALUD DEL ESTADO, SE TTRANSFIERE A SERVICIOS DE SALUD IMSS BIENESTAR.",16.764319,-92.7597
CSIMB006084,CENTRO DE SALUD MICROREGIONAL SAN JOAQUIN,CENTRO DE SALUD MICROREGIONAL SAN JOAQUIN,CHAMULA,SERVICIOS DE SALUD IMSS BIENESTAR ,7,CHIAPAS,PANTELHO,SAN JOAQUIN,2,SAN CRISTÓBAL DE LAS CASAS,DE CONSULTA EXTERNA,22,NINGUNO,SIN NOMBRE,SIN NÚMERO,,27,RANCHERÍA,SAN JOAQUIN,29881,"A 100 MTS DE LA CANCHA, A UN COSTADO DE LA ESCUELA PRIMARIA",,PRIMER NIVEL,1,RURAL,6,SIN MODIFICACION,5,OTRO,"ESTABLECIMIENTO QUE PERTENECÍA A SECRETARIA DE SALUD DEL ESTADO, SE TTRANSFIERE A SERVICIOS DE SALUD IMSS BIENESTAR.",17.023671,-92.44035
CSIMB006096,CENTRO DE SALUD MICROREGIONAL TOLBILJA,CENTRO DE SALUD MICROREGIONAL TOLBILJA,OXCHUC,SERVICIOS DE SALUD IMSS BIENESTAR ,7,CHIAPAS,OXCHUC,TOLBILJA,2,SAN CRISTÓBAL DE LAS CASAS,DE CONSULTA EXTERNA,23,CAMINO,SIN NOMBRE,SIN NÚMERO,,25,PUEBLO,TOLBILJA,29454,FRENTE A LA ESCUELA PRIMARIA,9161227922,PRIMER NIVEL,1,RURAL,6,SIN MODIFICACION,5,OTRO,"ESTABLECIMIENTO QUE PERTENECÍA A SECRETARIA DE SALUD DEL ESTADO, SE TTRANSFIERE A SERVICIOS DE SALUD IMSS BIENESTAR.",16.844671,-92.286835
CSIMB006101,CENTRO DE SALUD MICROREGIONAL ZANEMBOLOM,CENTRO DE SALUD MICROREGIONAL ZANEMBOLOM,CHAMULA,SERVICIOS DE SALUD IMSS BIENESTAR ,7,CHIAPAS,CHENALHO,TZANEMBOLOM,2,SAN CRISTÓBAL DE LAS CASAS,DE CONSULTA EXTERNA,22,NINGUNO,SIN NOMBRE,SIN NÚMERO,,27,RANCHERÍA,TZANEMBOLOM,29876,A UN COSTADO DE LA AGENCIA MUNICIPAL,,PRIMER NIVEL,1,RURAL,6,SIN MODIFICACION,5,OTRO,"ESTABLECIMIENTO QUE PERTENECÍA A SECRETARIA DE SALUD DEL ESTADO, SE TTRANSFIERE A SERVICIOS DE SALUD IMSS BIENESTAR.",17.049282,-92.507403
CSIMB006113,HOSPITAL BÁSICO COMUNITARIO DE OXCHUC,HOSPITAL BÁSICO COMUNITARIO DE OXCHUC,OXCHUC,SERVICIOS DE SALUD IMSS BIENESTAR ,7,CHIAPAS,OXCHUC,OXCHUC,2,SAN CRISTÓBAL DE LAS CASAS,DE HOSPITALIZACIÓN,25,LIBRAMIENTO,ORIENTE,SIN NÚMERO,,3,BARRIO,CALVARIO,29450,,9613603023,SEGUNDO NIVEL,2,URBANO,1,OBRA NUEVA,1,PROPIO,"ESTABLECIMIENTO QUE PERTENECÍA A SECRETARIA DE SALUD DEL ESTADO, SE TTRANSFIERE A SERVICIOS DE SALUD IMSS BIENESTAR.",16.790454,-92.343531
CSIMB006125,H. B. C. DE SAN JUAN CHAMULA,H. B. C. DE SAN JUAN CHAMULA,CHAMULA,SERVICIOS DE SALUD IMSS BIENESTAR ,7,CHIAPAS,CHAMULA,CHAMULA,2,SAN CRISTÓBAL DE LAS CASAS,DE HOSPITALIZACIÓN,5,CALLE,CENTRAL 1RA.,SIN NÚMERO,,25,PUEBLO,CHAMULA,29320,A UN COSTADO DE LA U.M.R.,9671674954,SEGUNDO NIVEL,2,URBANO,6,SIN MODIFICACION,1,PROPIO,"ESTABLECIMIENTO QUE PERTENECÍA A SECRETARIA DE SALUD DEL ESTADO, SE TTRANSFIERE A SERVICIOS DE SALUD IMSS BIENESTAR.",16.782468,-92.69619
CSIMB006130,SANTIAGO EL PINAR,SANTIAGO EL PINAR,CHAMULA,SERVICIOS DE SALUD IMSS BIENESTAR ,7,CHIAPAS,SANTIAGO EL PINAR,SANTIAGO EL PINAR,2,SAN CRISTÓBAL DE LAS CASAS,DE CONSULTA EXTERNA,5,CALLE,SOSPO,SIN NÚMERO,,25,PUEBLO,NUEVO BARRIO,29867,"CALLE SOSPO S/N. , COL. NUEVO BARRIO",9671381012,PRIMER NIVEL,2,URBANO,6,SIN MODIFICACION,5,OTRO,"ESTABLECIMIENTO QUE PERTENECÍA A SECRETARIA DE SALUD DEL ESTADO, SE TTRANSFIERE A SERVICIOS DE SALUD IMSS BIENESTAR.",16.942489,-92.721515
CSIMB006142,CLINICA PARA LA ATENCION DE PARTO HUMANIZADO PALENQUE,CLINICA PARA LA ATENCION DE PARTO HUMANIZADO PALENQUE,PALENQUE,SERVICIOS DE SALUD IMSS BIENESTAR ,7,CHIAPAS,PALENQUE,PALENQUE,6,PALENQUE,DE CONSULTA EXTERNA,5,CALLE,JORGE DE LA VEGA DOMINGUEZ,SIN NÚMERO,,3,BARRIO,NANDIUME,29960,"EN GOOGLE MAPS SE ENCUENTRA REGISTRADA LA CALLE COMO 5A. PONIENTE SUR, EL DOMICILIO ES VALIDADO DE MANERA CORRECTA CON EL H. AYUNTAMIENTO DE PALENQUE",9934042609,SEGUNDO NIVEL,2,URBANO,6,SIN MODIFICACION,1,PROPIO,"ESTABLECIMIENTO QUE PERTENECÍA A SECRETARIA DE SALUD DEL ESTADO, SE TTRANSFIERE A SERVICIOS DE SALUD IMSS BIENESTAR.",17.507543,-91.987503
CSIMB006154,ALDAMA,ALDAMA,CHAMULA,SERVICIOS DE SALUD IMSS BIENESTAR ,7,CHIAPAS,ALDAMA,ALDAMA,2,SAN CRISTÓBAL DE LAS CASAS,DE CONSULTA EXTERNA,23,CAMINO,A COTZILNAM,SIN NÚMERO,,25,PUEBLO,ALDAMA,29877,CAMINO A LA LOCALIDAD DE COTZILNAM,9612020883,PRIMER NIVEL,2,URBANO,6,SIN MODIFICACION,5,OTRO,"ESTABLECIMIENTO QUE PERTENECÍA A SECRETARIA DE SALUD DEL ESTADO, SE TTRANSFIERE A SERVICIOS DE SALUD IMSS BIENESTAR.",16.918052,-92.691385
CSIMB006166,CENTRO DE SALUD LLANOS DE MORELOS 2A. SECCIÓN,CENTRO DE SALUD LLANOS DE MORELOS 2A. SECCIÓN,PICHUCALCO,SERVICIOS DE SALUD IMSS BIENESTAR ,7,CHIAPAS,IXTAPANGAJOYA,LLANOS MORELOS 2DA. SECCION,5,PICHUCALCO,DE CONSULTA EXTERNA,24,CARRETERA,A NICOLAS BRAVO. TEAPA,SIN NÚMERO,,27,RANCHERÍA,LLANOS DE MORELOS 2DA SECCION,29596,"A 20 MIN DE TEAPA TABASCO , CARRETERA A LA GLORIA DE IXTAPANGAJOYA",9681271293,PRIMER NIVEL,1,RURAL,6,SIN MODIFICACION,5,OTRO,"ESTABLECIMIENTO QUE PERTENECÍA A SECRETARIA DE SALUD DEL ESTADO, SE TTRANSFIERE A SERVICIOS DE SALUD IMSS BIENESTAR.",17.476531,-92.954889
CSIMB006171,CENTRO DE SALUD NUEVO SAN ANTONIO,CENTRO DE SALUD NUEVO SAN ANTONIO,PICHUCALCO,SERVICIOS DE SALUD IMSS BIENESTAR ,7,CHIAPAS,SOLOSUCHIAPA,NUEVO SAN ANTONIO,5,PICHUCALCO,DE CONSULTA EXTERNA,23,CAMINO,A SAN LUIS,SIN NÚMERO,,13,EJIDO,NUEVO SAN ANTONIO,29580,A UN COSTADO DE UNA TIENDA PARTICULAR,9626284074,PRIMER NIVEL,1,RURAL,6,SIN MODIFICACION,5,OTRO,"ESTABLECIMIENTO QUE PERTENECÍA A SECRETARIA DE SALUD DEL ESTADO, SE TTRANSFIERE A SERVICIOS DE SALUD IMSS BIENESTAR.",17.390884,-93.019665
CSIMB006183,CENTRO DE SALUD PEÑITAS EL MICO,CENTRO DE SALUD PEÑITAS EL MICO,PICHUCALCO,SERVICIOS DE SALUD IMSS BIENESTAR ,7,CHIAPAS,OSTUACAN,PEÑITAS EL MICO,5,PICHUCALCO,DE CONSULTA EXTERNA,23,CAMINO,SIN NOMBRE,SIN NÚMERO,,27,RANCHERÍA,PEÑITAS EL MICO,29550,5 KM. DEL CRUCERO ANTES DE LLEGAR A LA PRESA PEÑITAS,9671596861,PRIMER NIVEL,1,RURAL,6,SIN MODIFICACION,5,OTRO,"ESTABLECIMIENTO QUE PERTENECÍA A SECRETARIA DE SALUD DEL ESTADO, SE TTRANSFIERE A SERVICIOS DE SALUD IMSS BIENESTAR.",17.469867,-93.456106
CSIMB006195,CENTRO DE SALUD RIVERA GALEANA,CENTRO DE SALUD RIVERA GALEANA,SIMOJOVEL,SERVICIOS DE SALUD IMSS BIENESTAR ,7,CHIAPAS,SAN ANDRES DURAZNAL,RIVERA GALEANA,5,PICHUCALCO,DE CONSULTA EXTERNA,24,CARRETERA,SIN NOMBRE,SIN NÚMERO,,25,PUEBLO,RIVERA GALEANA,29828,10 MIN. ANTES DE LLEGAR A SAN ANDRES DURAZNAL,9191067152,PRIMER NIVEL,1,RURAL,6,SIN MODIFICACION,5,OTRO,"ESTABLECIMIENTO QUE PERTENECÍA A SECRETARIA DE SALUD DEL ESTADO, SE TTRANSFIERE A SERVICIOS DE SALUD IMSS BIENESTAR.",17.125577,-92.78342
CSIMB006200,CENTRO DE SALUD SAN LORENZO,CENTRO DE SALUD SAN LORENZO,PICHUCALCO,SERVICIOS DE SALUD IMSS BIENESTAR ,7,CHIAPAS,AMATAN,SAN LORENZO,5,PICHUCALCO,DE CONSULTA EXTERNA,23,CAMINO,SAN LORENZO,SIN NÚMERO,,13,EJIDO,SAN LORENZO,29703,A UN COSTADO DE LA CASA EJIDAL,9621656878,PRIMER NIVEL,1,RURAL,6,SIN MODIFICACION,5,OTRO,"ESTABLECIMIENTO QUE PERTENECÍA A SECRETARIA DE SALUD DEL ESTADO, SE TTRANSFIERE A SERVICIOS DE SALUD IMSS BIENESTAR.",17.374469,-92.92
CSIMB006212,CENTRO DE SALUD FRANCISCO I. MADERO,CENTRO DE SALUD FRANCISCO I. MADERO,PICHUCALCO,SERVICIOS DE SALUD IMSS BIENESTAR ,7,CHIAPAS,AMATAN,FRANCISCO I. MADERO,5,PICHUCALCO,DE CONSULTA EXTERNA,5,CALLE,MIGUEL HIDALGO,SIN NÚMERO,,27,RANCHERÍA,FRANCISCO I. MADERO,29706,A UN LADO DEL JARDIN DE NIÑOS,9321176099,PRIMER NIVEL,1,RURAL,6,SIN MODIFICACION,5,OTRO,"ESTABLECIMIENTO QUE PERTENECÍA A SECRETARIA DE SALUD DEL ESTADO, SE TTRANSFIERE A SERVICIOS DE SALUD IMSS BIENESTAR.",17.44161,-92.91598
CSIMB006224,CENTRO DE SALUD LA ESPERANZA,CENTRO DE SALUD LA ESPERANZA,SIMOJOVEL,SERVICIOS DE SALUD IMSS BIENESTAR ,7,CHIAPAS,AMATAN,LA ESPERANZA,5,PICHUCALCO,DE CONSULTA EXTERNA,23,CAMINO,MIGUEL HIDALGO PONIENTE,SIN NÚMERO,,7,COLONIA,CENTRO,29702,A UN COSTADO DE LA CASA EJIDAL,9191104212,PRIMER NIVEL,1,RURAL,6,SIN MODIFICACION,5,OTRO,"ESTABLECIMIENTO QUE PERTENECÍA A SECRETARIA DE SALUD DEL ESTADO, SE TTRANSFIERE A SERVICIOS DE SALUD IMSS BIENESTAR.",17.313986,-92.801948
CSIMB006236,CENTRO DE SALUD MICROREGIONAL RIVERA EL VIEJO CARMEN,CENTRO DE SALUD MICROREGIONAL RIVERA EL VIEJO CARMEN,PICHUCALCO,SERVICIOS DE SALUD IMSS BIENESTAR ,7,CHIAPAS,FRANCISCO LEON,RIVERA EL VIEJO CARMEN,1,TUXTLA GUTIERREZ,DE CONSULTA EXTERNA,24,CARRETERA,SAN MARCOS,SIN NÚMERO,,25,PUEBLO,RIBERA VIEJO DEL CARMEN,29560,A UN LADO DE LA TELESECUNDARIA,9626964050,PRIMER NIVEL,2,URBANO,6,SIN MODIFICACION,5,OTRO,"ESTABLECIMIENTO QUE PERTENECÍA A SECRETARIA DE SALUD DEL ESTADO, SE TTRANSFIERE A SERVICIOS DE SALUD IMSS BIENESTAR.",17.2851903,-93.27538
CSIMB006241,H. B. C. DE OCOSINGO,H. B. C. DE OCOSINGO,OCOSINGO,SERVICIOS DE SALUD IMSS BIENESTAR ,7,CHIAPAS,OCOSINGO,OCOSINGO,9,OCOSINGO,DE HOSPITALIZACIÓN,24,CARRETERA,OCOSINGO A TONINA KM.2,SIN NÚMERO,,7,COLONIA,DOCTORES,29950,PASANDO LA UTS,9671362827,SEGUNDO NIVEL,2,URBANO,6,SIN MODIFICACION,1,PROPIO,"ESTABLECIMIENTO QUE PERTENECÍA A SECRETARIA DE SALUD DEL ESTADO, SE TTRANSFIERE A SERVICIOS DE SALUD IMSS BIENESTAR.",16.896883,-92.063021
CSIMB006253,CENTRO DE SALUD MICROREGIONAL TOMAS MUNZER,CENTRO DE SALUD MICROREGIONAL TOMAS MUNZER,OCOSINGO,SERVICIOS DE SALUD IMSS BIENESTAR ,7,CHIAPAS,OCOSINGO,TOMAS MUNZER (NUEVA PATRIA),9,OCOSINGO,DE CONSULTA EXTERNA,23,CAMINO,SIN NOMBRE,SIN NÚMERO,,13,EJIDO,TOMAS MUNZER,29953,A 30 METROS ,9637037318,PRIMER NIVEL,1,RURAL,6,SIN MODIFICACION,4,IRREGULAR,"ESTABLECIMIENTO QUE PERTENECÍA A SECRETARIA DE SALUD DEL ESTADO, SE TTRANSFIERE A SERVICIOS DE SALUD IMSS BIENESTAR.",16.788768,-92.15318
CSIMB006265,"CENTRO DE SALUD CON SERVICIOS AMPLIADOS DR. MANUEL VELASCO SUAREZ,  CHILÓN","CENTRO DE SALUD CON SERVICIOS AMPLIADOS DR. MANUEL VELASCO SUAREZ,  CHILÓN",YAJALON,SERVICIOS DE SALUD IMSS BIENESTAR ,7,CHIAPAS,CHILON,CHILON,9,OCOSINGO,DE CONSULTA EXTERNA,3,AVENIDA,UBILIO GARCIA,SIN NÚMERO,,3,BARRIO,CHILÓN,29940,SE ACTUALIZO EL NOMBRE DE LA CALLE,9626244049,PRIMER NIVEL,2,URBANO,2,SUSTITUCION DE OBRA,4,IRREGULAR,"ESTABLECIMIENTO QUE PERTENECÍA A SECRETARIA DE SALUD DEL ESTADO, SE TTRANSFIERE A SERVICIOS DE SALUD IMSS BIENESTAR.",17.103963,-92.266821
CSIMB006270,CENTRO DE SALUD MICROREGIONAL SANTO DOMINGO LAS PALMAS,CENTRO DE SALUD MICROREGIONAL SANTO DOMINGO LAS PALMAS,COMITAN,SERVICIOS DE SALUD IMSS BIENESTAR ,7,CHIAPAS,MARAVILLA TENEJAPA,SANTO DOMINGO DE LAS PALMAS,3,COMITÁN,DE CONSULTA EXTERNA,5,CALLE,PRIMERO DE MAYO,SIN NÚMERO,,7,COLONIA,SANTO DOMINGO LAS PALMAS,30180,EN LA ENTRADA DE LA LOCALIDAD,9626201100,PRIMER NIVEL,1,RURAL,6,SIN MODIFICACION,1,PROPIO,"ESTABLECIMIENTO QUE PERTENECÍA A SECRETARIA DE SALUD DEL ESTADO, SE TTRANSFIERE A SERVICIOS DE SALUD IMSS BIENESTAR.",16.140513,-91.323761
CSIMB006282,CENTRO DE SALUD MICROREGIONAL TACUBA NUEVA,CENTRO DE SALUD MICROREGIONAL TACUBA NUEVA,YAJALON,SERVICIOS DE SALUD IMSS BIENESTAR ,7,CHIAPAS,CHILON,TACUBA NUEVA,9,OCOSINGO,DE CONSULTA EXTERNA,24,CARRETERA,SIN NOMBRE,SIN NÚMERO,,25,PUEBLO,TACUBA NUEVA,29948,FRENTE A LA CANCHA DE FUTBOL,9611436746,PRIMER NIVEL,1,RURAL,6,SIN MODIFICACION,4,IRREGULAR,"ESTABLECIMIENTO QUE PERTENECÍA A SECRETARIA DE SALUD DEL ESTADO, SE TTRANSFIERE A SERVICIOS DE SALUD IMSS BIENESTAR.",17.086748,-92.370954
CSIMB006294,CENTRO DE SALUD MICROREGIONAL JOL HIC´BATIL,CENTRO DE SALUD MICROREGIONAL JOL HIC´BATIL,OCOSINGO,SERVICIOS DE SALUD IMSS BIENESTAR ,7,CHIAPAS,CHILON,JOL HIC'BATIL,9,OCOSINGO,DE CONSULTA EXTERNA,24,CARRETERA,SIN NOMBRE,SIN NÚMERO,,13,EJIDO,JOL HIC´BATIL,29940,A UN COSTADO DE LA CASA DE LA MUJER,9191411117,PRIMER NIVEL,1,RURAL,6,SIN MODIFICACION,4,IRREGULAR,"ESTABLECIMIENTO QUE PERTENECÍA A SECRETARIA DE SALUD DEL ESTADO, SE TTRANSFIERE A SERVICIOS DE SALUD IMSS BIENESTAR.",17.135224,-92.011039
CSIMB006306,CENTRO DE SALUD MICROREGIONAL CACATEEL,CENTRO DE SALUD MICROREGIONAL CACATEEL,OCOSINGO,SERVICIOS DE SALUD IMSS BIENESTAR ,7,CHIAPAS,CHILON,CACATEEL,9,OCOSINGO,DE CONSULTA EXTERNA,22,NINGUNO,SIN NOMBRE,SIN NÚMERO,,27,RANCHERÍA,SIN NOMBRE,29940,FRENTE A LA CANCHA DE BASQUETBOL,9619174878,PRIMER NIVEL,1,RURAL,6,SIN MODIFICACION,4,IRREGULAR,"ESTABLECIMIENTO QUE PERTENECÍA A SECRETARIA DE SALUD DEL ESTADO, SE TTRANSFIERE A SERVICIOS DE SALUD IMSS BIENESTAR.",17.063546,-92.013187
CSIMB006311,CENTRO DE SALUD MICROREGIONAL SULUPHUITZ,CENTRO DE SALUD MICROREGIONAL SULUPHUITZ,YAJALON,SERVICIOS DE SALUD IMSS BIENESTAR ,7,CHIAPAS,CHILON,SULUPHUITZ,9,OCOSINGO,DE CONSULTA EXTERNA,22,NINGUNO,SIN NOMBRE,SIN NÚMERO,,42,NINGUNO,SIN NOMBRE,29940,A UN COSTADO DE LA ESCUELA PRIMARIA 100 METROS DESPUES,9191346816,PRIMER NIVEL,1,RURAL,6,SIN MODIFICACION,4,IRREGULAR,"ESTABLECIMIENTO QUE PERTENECÍA A SECRETARIA DE SALUD DEL ESTADO, SE TTRANSFIERE A SERVICIOS DE SALUD IMSS BIENESTAR.",17.202229,-92.214151
CSIMB006323,CENTRO DE SALUD MICROREGIONAL TZASIBILTIC,CENTRO DE SALUD MICROREGIONAL TZASIBILTIC,YAJALON,SERVICIOS DE SALUD IMSS BIENESTAR ,7,CHIAPAS,CHILON,TZASIBILTIC,9,OCOSINGO,DE CONSULTA EXTERNA,24,CARRETERA,chilon-tzasibiltic,SIN NÚMERO,,27,RANCHERÍA,SIN NOMBRE,29940,A UN COSTADO DE LA ESCUELA PRIMARIA 50 METROS ANTES,9612817431,PRIMER NIVEL,1,RURAL,6,SIN MODIFICACION,4,IRREGULAR,"ESTABLECIMIENTO QUE PERTENECÍA A SECRETARIA DE SALUD DEL ESTADO, SE TTRANSFIERE A SERVICIOS DE SALUD IMSS BIENESTAR.",17.145944,-92.289237
CSIMB006335,CENTRO DE SALUD MICROREGIONAL FILADELFIA,CENTRO DE SALUD MICROREGIONAL FILADELFIA,YAJALON,SERVICIOS DE SALUD IMSS BIENESTAR ,7,CHIAPAS,CHILON,FILADELFIA,9,OCOSINGO,DE CONSULTA EXTERNA,22,NINGUNO,SIN NOMBRE,SIN NÚMERO,,13,EJIDO,SIN NOMBRE,29940,SOBRE LA CARRETERA DE TERRACERIA 100 MTS DESPUES DE LA ESC. PRIMARIA,9612337830,PRIMER NIVEL,1,RURAL,6,SIN MODIFICACION,4,IRREGULAR,"ESTABLECIMIENTO QUE PERTENECÍA A SECRETARIA DE SALUD DEL ESTADO, SE TTRANSFIERE A SERVICIOS DE SALUD IMSS BIENESTAR.",17.126402,-92.266967
CSIMB006340,CENTRO DE SALUD MICROREGIONAL XAXAJATIC,CENTRO DE SALUD MICROREGIONAL XAXAJATIC,OCOSINGO,SERVICIOS DE SALUD IMSS BIENESTAR ,7,CHIAPAS,CHILON,XAXAJATIC,9,OCOSINGO,DE CONSULTA EXTERNA,24,CARRETERA,SIN NOMBRE,SIN NÚMERO,,27,RANCHERÍA,SIN NOMBRE,29940,ENTRADA A XAXAJATIC 30 MTS ANTES DEL CRUCERO QUE LLEVA A LA ESCUELA,9621398397,PRIMER NIVEL,1,RURAL,6,SIN MODIFICACION,4,IRREGULAR,"ESTABLECIMIENTO QUE PERTENECÍA A SECRETARIA DE SALUD DEL ESTADO, SE TTRANSFIERE A SERVICIOS DE SALUD IMSS BIENESTAR.",17.152822,-92.165913
CSIMB006352,CENTRO DE SALUD MICROREGIONAL SAN ANTONIO LAS PALOMAS,CENTRO DE SALUD MICROREGIONAL SAN ANTONIO LAS PALOMAS,YAJALON,SERVICIOS DE SALUD IMSS BIENESTAR ,7,CHIAPAS,CHILON,SAN ANTONIO LAS PALOMAS,9,OCOSINGO,DE CONSULTA EXTERNA,22,NINGUNO,SIN NOMBRE,SIN NÚMERO,,25,PUEBLO,SIN NOMBRE,29940,"A UN COSTADO DE LA CHANCHA DE BASQUETBOL, EN EL CENTRO",9612453189,PRIMER NIVEL,1,RURAL,6,SIN MODIFICACION,4,IRREGULAR,"ESTABLECIMIENTO QUE PERTENECÍA A SECRETARIA DE SALUD DEL ESTADO, SE TTRANSFIERE A SERVICIOS DE SALUD IMSS BIENESTAR.",17.096364,-92.231145
CSIMB006364,CENTRO DE SALUD MICROREGIONAL CAMPO BOLONTINÁ,CENTRO DE SALUD MICROREGIONAL CAMPO BOLONTINÁ,OCOSINGO,SERVICIOS DE SALUD IMSS BIENESTAR ,7,CHIAPAS,CHILON,CAMPO BOLONTINA,9,OCOSINGO,DE CONSULTA EXTERNA,24,CARRETERA,SIN NOMBRE,SIN NÚMERO,,7,COLONIA,CAMPO BOLONTINA,29944,A UN COSTADO DE LA TELESECUNDARIA DE LA COMUNIDAD,9611855386,PRIMER NIVEL,1,RURAL,6,SIN MODIFICACION,4,IRREGULAR,"ESTABLECIMIENTO QUE PERTENECÍA A SECRETARIA DE SALUD DEL ESTADO, SE TTRANSFIERE A SERVICIOS DE SALUD IMSS BIENESTAR.",17.119407,-92.086792
CSIMB006376,CENTRO DE SALUD MICROREGIONAL MAPIL,CENTRO DE SALUD MICROREGIONAL MAPIL,OCOSINGO,SERVICIOS DE SALUD IMSS BIENESTAR ,7,CHIAPAS,CHILON,MAPIL,9,OCOSINGO,DE CONSULTA EXTERNA,23,CAMINO,SIN NOMBRE,SIN NÚMERO,,13,EJIDO,SIN NOMBRE,29940,A UN COSTADO DE LA ESCUELA PRIMARIA,9631825798,PRIMER NIVEL,1,RURAL,6,SIN MODIFICACION,4,IRREGULAR,"ESTABLECIMIENTO QUE PERTENECÍA A SECRETARIA DE SALUD DEL ESTADO, SE TTRANSFIERE A SERVICIOS DE SALUD IMSS BIENESTAR.",17.044754,-91.869715
CSIMB006381,CENTRO DE SALUD MICROREGIONAL RAMOSIL (TZAJALNABIL),CENTRO DE SALUD MICROREGIONAL RAMOSIL (TZAJALNABIL),OCOSINGO,SERVICIOS DE SALUD IMSS BIENESTAR ,7,CHIAPAS,CHILON,RAMOSIL (TZAJALNABIL),9,OCOSINGO,DE CONSULTA EXTERNA,5,CALLE,NORTE ORIENTE,SIN NÚMERO,,27,RANCHERÍA,RAMOSIL (TZAJALNABIL),29940,A UN COSTADO DE LA CASA DE LA MUJER,9671055047,PRIMER NIVEL,1,RURAL,6,SIN MODIFICACION,4,IRREGULAR,"ESTABLECIMIENTO QUE PERTENECÍA A SECRETARIA DE SALUD DEL ESTADO, SE TTRANSFIERE A SERVICIOS DE SALUD IMSS BIENESTAR.",17.116138,-92.058829
CSIMB006393,CENTRO DE SALUD MICROREGIONAL SANTA ISABEL,CENTRO DE SALUD MICROREGIONAL SANTA ISABEL,YAJALON,SERVICIOS DE SALUD IMSS BIENESTAR ,7,CHIAPAS,SITALA,SANTA ISABEL,9,OCOSINGO,DE CONSULTA EXTERNA,23,CAMINO,SIN NOMBRE,SIN NÚMERO,,7,COLONIA,SANTA ISABEL,29890,SOBRE EL CAMINO DE TERRACERIA 50 MTS DESPUES DE LA ESC. PRIMARIA,9626424214,PRIMER NIVEL,1,RURAL,6,SIN MODIFICACION,4,IRREGULAR,"ESTABLECIMIENTO QUE PERTENECÍA A SECRETARIA DE SALUD DEL ESTADO, SE TTRANSFIERE A SERVICIOS DE SALUD IMSS BIENESTAR.",17.024335,-92.36658
CSIMB006405,CENTRO DE SALUD MICROREGIONAL LA UNIÓN,CENTRO DE SALUD MICROREGIONAL LA UNIÓN,YAJALON,SERVICIOS DE SALUD IMSS BIENESTAR ,7,CHIAPAS,SITALA,LA UNION,9,OCOSINGO,DE CONSULTA EXTERNA,23,CAMINO,SIN NOMBRE,SIN NÚMERO,,7,COLONIA,SIN NOMBRE,29940,A UN COSTADO DE LA ESCUELA PRIMARIA,9323230199,PRIMER NIVEL,1,RURAL,6,SIN MODIFICACION,4,IRREGULAR,"ESTABLECIMIENTO QUE PERTENECÍA A SECRETARIA DE SALUD DEL ESTADO, SE TTRANSFIERE A SERVICIOS DE SALUD IMSS BIENESTAR.",17.011578,-92.365479
CSIMB006410,CENTRO DE SALUD MICROREGIONAL ARROYO AGUA AZUL (MIRAFLORES),CENTRO DE SALUD MICROREGIONAL ARROYO AGUA AZUL (MIRAFLORES),PALENQUE,SERVICIOS DE SALUD IMSS BIENESTAR ,7,CHIAPAS,SALTO DE AGUA,ARROYO AGUA AZUL (MIRAFLORES),6,PALENQUE,DE CONSULTA EXTERNA,5,CALLE,SIN NOMBRE,SIN NÚMERO,,13,EJIDO,ARROYO AGUA AZUL (MIRAFLORES),29900,CALLE PRINCIPAL S/N A UN COSTADO DE LA CASA EJIDAL,9932329562,PRIMER NIVEL,1,RURAL,6,SIN MODIFICACION,5,OTRO,"ESTABLECIMIENTO QUE PERTENECÍA A SECRETARIA DE SALUD DEL ESTADO, SE TTRANSFIERE A SERVICIOS DE SALUD IMSS BIENESTAR.",17.54266,-92.196428
CSIMB006422,CENTRO DE SALUD MICROREGIONAL CHUCHUCLUMIL,CENTRO DE SALUD MICROREGIONAL CHUCHUCLUMIL,PALENQUE,SERVICIOS DE SALUD IMSS BIENESTAR ,7,CHIAPAS,SALTO DE AGUA,CHUCHUCLUMIL,6,PALENQUE,DE CONSULTA EXTERNA,5,CALLE,SIN NOMBRE,SIN NÚMERO,,13,EJIDO,CHUCHUCLUMIL,29900,A UNA CUADRA DE LA PRIMARIA,9676780770,PRIMER NIVEL,1,RURAL,6,SIN MODIFICACION,5,OTRO,"ESTABLECIMIENTO QUE PERTENECÍA A SECRETARIA DE SALUD DEL ESTADO, SE TTRANSFIERE A SERVICIOS DE SALUD IMSS BIENESTAR.",17.3943,-92.2785
CSIMB006434,CENTRO DE SALUD MICROREGIONAL EL PROGRESO,CENTRO DE SALUD MICROREGIONAL EL PROGRESO,PALENQUE,SERVICIOS DE SALUD IMSS BIENESTAR ,7,CHIAPAS,SALTO DE AGUA,EL PROGRESO,6,PALENQUE,DE CONSULTA EXTERNA,5,CALLE,SIN NOMBRE,SIN NÚMERO,,13,EJIDO,EL PROGRESO,29900,CALLE PRINCIPAL EN LA ENTRADA DEL PUEBLO,9611437805,PRIMER NIVEL,1,RURAL,6,SIN MODIFICACION,5,OTRO,"ESTABLECIMIENTO QUE PERTENECÍA A SECRETARIA DE SALUD DEL ESTADO, SE TTRANSFIERE A SERVICIOS DE SALUD IMSS BIENESTAR.",17.4112,-92.374
CSIMB006446,CENTRO DE SALUD MICROREGIONAL TIENTIUL GRANDE 2A. SECCIÓN (AGUA POTABLE),CENTRO DE SALUD MICROREGIONAL TIENTIUL GRANDE 2A. SECCIÓN (AGUA POTABLE),PALENQUE,SERVICIOS DE SALUD IMSS BIENESTAR ,7,CHIAPAS,SALTO DE AGUA,TIENTIUL GRANDE 2DA. SECCION (AGUA POTABLE),6,PALENQUE,DE CONSULTA EXTERNA,5,CALLE,SIN NOMBRE,SIN NÚMERO,,13,EJIDO,TIENTIUL GRANDE 2A. SECCIÓN (AGUA POTABLE),29900,ATRÁS DE LA IGLESIA,9611755863,PRIMER NIVEL,1,RURAL,6,SIN MODIFICACION,5,OTRO,"ESTABLECIMIENTO QUE PERTENECÍA A SECRETARIA DE SALUD DEL ESTADO, SE TTRANSFIERE A SERVICIOS DE SALUD IMSS BIENESTAR.",17.3865,-92.2522
CSIMB006451,CENTRO DE SALUD MICROREGIONAL CUCTIEPA,CENTRO DE SALUD MICROREGIONAL CUCTIEPA,YAJALON,SERVICIOS DE SALUD IMSS BIENESTAR ,7,CHIAPAS,TUMBALA,CUCTIEPA,6,PALENQUE,DE CONSULTA EXTERNA,5,CALLE,SIN NOMBRE,SIN NÚMERO,,13,EJIDO,CUCTIEPA,29921,ATRÁS DE L PRIMARIA EJIDO CUCTIEPÁ,9616007142,PRIMER NIVEL,1,RURAL,6,SIN MODIFICACION,5,OTRO,"ESTABLECIMIENTO QUE PERTENECÍA A SECRETARIA DE SALUD DEL ESTADO, SE TTRANSFIERE A SERVICIOS DE SALUD IMSS BIENESTAR.",17.3083,-92.1768
CSIMB006463,CENTRO DE SALUD MICROREGIONAL ARROYO AGUA AZUL,CENTRO DE SALUD MICROREGIONAL ARROYO AGUA AZUL,YAJALON,SERVICIOS DE SALUD IMSS BIENESTAR ,7,CHIAPAS,TUMBALA,COLONIA AGUA AZUL,6,PALENQUE,DE CONSULTA EXTERNA,5,CALLE,SIN NOMBRE,SIN NÚMERO,,13,EJIDO,ARROYO AGUA AZUL,29921,FRENTE A LA ESCUELA PRIMARIA,9616558383,PRIMER NIVEL,1,RURAL,6,SIN MODIFICACION,5,OTRO,"ESTABLECIMIENTO QUE PERTENECÍA A SECRETARIA DE SALUD DEL ESTADO, SE TTRANSFIERE A SERVICIOS DE SALUD IMSS BIENESTAR.",17.254624,-92.111362
CSIMB006475,CENTRO DE SALUD MICROREGIONAL AMÉRICA LIBRE,CENTRO DE SALUD MICROREGIONAL AMÉRICA LIBRE,PALENQUE,SERVICIOS DE SALUD IMSS BIENESTAR ,7,CHIAPAS,MARQUES DE COMILLAS,AMERICA LIBRE,6,PALENQUE,DE CONSULTA EXTERNA,5,CALLE,SIN NOMBRE,SIN NÚMERO,,13,EJIDO,AMÉRICA LIBRE,29959,"CALLE DE LA CANCHA, A UN LADO DE LA PRIMARIA",9931477801,PRIMER NIVEL,1,RURAL,6,SIN MODIFICACION,5,OTRO,"ESTABLECIMIENTO QUE PERTENECÍA A SECRETARIA DE SALUD DEL ESTADO, SE TTRANSFIERE A SERVICIOS DE SALUD IMSS BIENESTAR.",16.2196,-90.7397
CSIMB006480,CENTRO DE SALUD MICROREGIONAL  LIC. ADOLFO LÓPEZ MATEOS,CENTRO DE SALUD MICROREGIONAL LIC. ADOLFO LÓPEZ MATEOS,PALENQUE,SERVICIOS DE SALUD IMSS BIENESTAR ,7,CHIAPAS,MARQUES DE COMILLAS,LICENCIADO ADOLFO LOPEZ MATEOS,6,PALENQUE,DE CONSULTA EXTERNA,5,CALLE,SIN NOMBRE,SIN NÚMERO,,13,EJIDO,LIC. ADOLFO LÓPEZ MATEOS,29959,FRENTE AAL CAMPO DE FUT BOL,9166418422,PRIMER NIVEL,1,RURAL,6,SIN MODIFICACION,5,OTRO,"ESTABLECIMIENTO QUE PERTENECÍA A SECRETARIA DE SALUD DEL ESTADO, SE TTRANSFIERE A SERVICIOS DE SALUD IMSS BIENESTAR.",16.2184,-90.8438
CSIMB006492,CENTRO DE SALUD MICROREGIONAL EMILIANO ZAPATA,CENTRO DE SALUD MICROREGIONAL EMILIANO ZAPATA,PALENQUE,SERVICIOS DE SALUD IMSS BIENESTAR ,7,CHIAPAS,MARQUES DE COMILLAS,EMILIANO ZAPATA,6,PALENQUE,DE CONSULTA EXTERNA,5,CALLE,SIN NOMBRE,SIN NÚMERO,,13,EJIDO,EMILIANO ZAPATA,29959,CALLE PRINCIPAL JUNTO A LA ESCUELA SECUNDARIA,9611788314,PRIMER NIVEL,1,RURAL,6,SIN MODIFICACION,5,OTRO,"ESTABLECIMIENTO QUE PERTENECÍA A SECRETARIA DE SALUD DEL ESTADO, SE TTRANSFIERE A SERVICIOS DE SALUD IMSS BIENESTAR.",16.2921,-90.623
CSIMB006504,CENTRO DE SALUD MICROREGIONAL EL IXCÁN,CENTRO DE SALUD MICROREGIONAL EL IXCÁN,COMITAN,SERVICIOS DE SALUD IMSS BIENESTAR ,7,CHIAPAS,OCOSINGO,EL IXCAN,3,COMITÁN,DE CONSULTA EXTERNA,24,CARRETERA,COMITAN-LA TRINITARIA- MARAVILLA TENEJAPA,SIN NÚMERO,,25,PUEBLO,IXCAN,29934,"CARRETERA COMITAN - LA TRINITARIA - MARAVILLA TENEJAPA, A 30 KM DE MARAVIILLA TENEJAPA",9931509495,PRIMER NIVEL,1,RURAL,6,SIN MODIFICACION,1,PROPIO,"ESTABLECIMIENTO QUE PERTENECÍA A SECRETARIA DE SALUD DEL ESTADO, SE TTRANSFIERE A SERVICIOS DE SALUD IMSS BIENESTAR.",16.088617,-91.094338
CSIMB006516,CENTRO DE SALUD MICROREGIONAL LAS MARAVILLAS,CENTRO DE SALUD MICROREGIONAL LAS MARAVILLAS,TUXTLA,SERVICIOS DE SALUD IMSS BIENESTAR ,7,CHIAPAS,BERRIOZABAL,LAS MARAVILLAS,1,TUXTLA GUTIERREZ,DE CONSULTA EXTERNA,23,CAMINO,"SECTOR 4, MANZANA 11",SIN NÚMERO,,7,COLONIA,LAS MARAVILLAS,29130,"SECTOR 4, MANZANA 11, LAS MARAVILLAS",9621844177,PRIMER NIVEL,1,RURAL,6,SIN MODIFICACION,5,OTRO,"ESTABLECIMIENTO QUE PERTENECÍA A SECRETARIA DE SALUD DEL ESTADO, SE TTRANSFIERE A SERVICIOS DE SALUD IMSS BIENESTAR.",16.9588,-93.3201
CSIMB006521,CENTRO DE SALUD MICROREGIONAL  EL RETIRO,CENTRO DE SALUD MICROREGIONAL EL RETIRO,OXCHUC,SERVICIOS DE SALUD IMSS BIENESTAR ,7,CHIAPAS,OXCHUC,EL RETIRO,2,SAN CRISTÓBAL DE LAS CASAS,DE CONSULTA EXTERNA,23,CAMINO,SIN NOMBRE,SIN NÚMERO,,25,PUEBLO,EL RETIRO,29450,A UN LADO DE LA CASA COMUNAL,9932851304,PRIMER NIVEL,1,RURAL,6,SIN MODIFICACION,5,OTRO,"ESTABLECIMIENTO QUE PERTENECÍA A SECRETARIA DE SALUD DEL ESTADO, SE TTRANSFIERE A SERVICIOS DE SALUD IMSS BIENESTAR.",16.796002,-92.36272
CSIMB006533,HOSPITAL CHIAPAS NOS UNE DR. JESUS GILBERTO GOMEZ MAZA,HOSPITAL CHIAPAS NOS UNE DR. JESUS GILBERTO GOMEZ MAZA,TUXTLA,SERVICIOS DE SALUD IMSS BIENESTAR ,7,CHIAPAS,TUXTLA GUTIERREZ,TUXTLA GUTIERREZ,1,TUXTLA GUTIERREZ,DE HOSPITALIZACIÓN,25,LIBRAMIENTO,CENTENARIO DEL EJERCITO MEXICANO1913-2013,SIN NÚMERO,,5,CIUDAD,LAS TORRES,29045,,9651182349,TERCER NIVEL,2,URBANO,6,SIN MODIFICACION,1,PROPIO,"ESTABLECIMIENTO QUE PERTENECÍA A SECRETARIA DE SALUD DEL ESTADO, SE TTRANSFIERE A SERVICIOS DE SALUD IMSS BIENESTAR.",16.7484597,-93.0727995
CSIMB006545,CENTRO DE SALUD MICROREGIONAL REVOLUCIÓN FIU,CENTRO DE SALUD MICROREGIONAL REVOLUCIÓN FIU,CHAMULA,SERVICIOS DE SALUD IMSS BIENESTAR ,7,CHIAPAS,ALDAMA,REVOLUCION FIU,2,SAN CRISTÓBAL DE LAS CASAS,DE CONSULTA EXTERNA,22,NINGUNO,SIN NOMBRE,SIN NÚMERO,,27,RANCHERÍA,REVOLUCION FIU,29878,A UN COSTADO DE LA ESCUELA PRIMARIA RAFAEL RAMÍREZ,9191311421,PRIMER NIVEL,1,RURAL,6,SIN MODIFICACION,5,OTRO,"ESTABLECIMIENTO QUE PERTENECÍA A SECRETARIA DE SALUD DEL ESTADO, SE TTRANSFIERE A SERVICIOS DE SALUD IMSS BIENESTAR.",16.898141,-92.674189
CSIMB006550,CENTRO DE SALUD MICROREGIONAL TZUNUNIL,CENTRO DE SALUD MICROREGIONAL TZUNUNIL,CHAMULA,SERVICIOS DE SALUD IMSS BIENESTAR ,7,CHIAPAS,CHALCHIHUITAN,TZUNUNIL,2,SAN CRISTÓBAL DE LAS CASAS,DE CONSULTA EXTERNA,16,PEATONAL,Zona centro ,SIN NÚMERO,,7,COLONIA,TZUNUNIL,29852,CAMINO A LA ESCUELA PRIMARIA,9676744204,PRIMER NIVEL,1,RURAL,6,SIN MODIFICACION,5,OTRO,"ESTABLECIMIENTO QUE PERTENECÍA A SECRETARIA DE SALUD DEL ESTADO, SE TTRANSFIERE A SERVICIOS DE SALUD IMSS BIENESTAR.",17.054592,-92.60516
CSIMB006562,ZAMORA PICO DE ORO,ZAMORA PICO DE ORO,PALENQUE,SERVICIOS DE SALUD IMSS BIENESTAR ,7,CHIAPAS,MARQUES DE COMILLAS,ZAMORA PICO DE ORO,6,PALENQUE,DE CONSULTA EXTERNA,23,CAMINO,SIN NOMBRE,SIN NÚMERO,,25,PUEBLO,ZAMORA PICO DE ORO,29959,A LA VUELTA E LA U.M.R. ZAMORA PICO DE ORO SOBRE LA MISMA MANZANA,9161277283,PRIMER NIVEL,2,URBANO,6,SIN MODIFICACION,5,OTRO,"ESTABLECIMIENTO QUE PERTENECÍA A SECRETARIA DE SALUD DEL ESTADO, SE TTRANSFIERE A SERVICIOS DE SALUD IMSS BIENESTAR.",16.335,-90.7642
CSIMB006574,CENTRO DE SALUD PANTEPEC,CENTRO DE SALUD PANTEPEC,PICHUCALCO,SERVICIOS DE SALUD IMSS BIENESTAR ,7,CHIAPAS,PANTEPEC,PANTEPEC,5,PICHUCALCO,DE CONSULTA EXTERNA,5,CALLE,LUIS DONALDO COLOSIO,SIN NÚMERO,,7,COLONIA,LA ESPERANZA,29660,A UN COSTADO DE LA ERMITA CATÓLICA,9186452524,PRIMER NIVEL,2,URBANO,6,SIN MODIFICACION,5,OTRO,"ESTABLECIMIENTO QUE PERTENECÍA A SECRETARIA DE SALUD DEL ESTADO, SE TTRANSFIERE A SERVICIOS DE SALUD IMSS BIENESTAR.",17.187963,-93.045538
CSIMB006586,CENTRO DE SALUD MICROREGIONAL JOLJÁ,CENTRO DE SALUD MICROREGIONAL JOLJÁ,YAJALON,SERVICIOS DE SALUD IMSS BIENESTAR ,7,CHIAPAS,TILA,JOLJA,6,PALENQUE,DE CONSULTA EXTERNA,5,CALLE,SIN NOMBRE,SIN NÚMERO,,13,EJIDO,JOLJA TIONTIEPA,29910,AL FINAL DE LA CALLE PRINCIPAL DE LA LOCALIDAD A MANO IZQUIERDA,9651004052,PRIMER NIVEL,1,RURAL,6,SIN MODIFICACION,5,OTRO,"ESTABLECIMIENTO QUE PERTENECÍA A SECRETARIA DE SALUD DEL ESTADO, SE TTRANSFIERE A SERVICIOS DE SALUD IMSS BIENESTAR.",17.203906,-92.498581
CSIMB006591,CENTRO DE SALUD MARAVILLA TENEJAPA,CENTRO DE SALUD MARAVILLA TENEJAPA,COMITAN,SERVICIOS DE SALUD IMSS BIENESTAR ,7,CHIAPAS,MARAVILLA TENEJAPA,MARAVILLA TENEJAPA,3,COMITÁN,DE CONSULTA EXTERNA,24,CARRETERA,MARAVILLA TENEJAPA,SIN NÚMERO,,25,PUEBLO,MARAVILLA TENEJAPA,30180,"SOBRE LA CARRETERA MARAVILLA TENEJAPA, LADO IZQUIERDO, SOBRE LA ENTRADA",9621026738,PRIMER NIVEL,2,URBANO,6,SIN MODIFICACION,1,PROPIO,"ESTABLECIMIENTO QUE PERTENECÍA A SECRETARIA DE SALUD DEL ESTADO, SE TTRANSFIERE A SERVICIOS DE SALUD IMSS BIENESTAR.",16.147107,-91.294892
CSIMB006603,CENTRO DE SALUD MICROREGIONAL YIBELJOJ,CENTRO DE SALUD MICROREGIONAL YIBELJOJ,CHAMULA,SERVICIOS DE SALUD IMSS BIENESTAR ,7,CHIAPAS,CHENALHO,NUEVO YIBELJOJ,2,SAN CRISTÓBAL DE LAS CASAS,DE CONSULTA EXTERNA,16,PEATONAL,SIN NOMBRE,SIN NÚMERO,,25,PUEBLO,NUEVO YIBELJOJ,29870,FRENTE A LA ESCUELA PRIMARIA 16 DE NOVIEMBRE DE 1997,9611429502,PRIMER NIVEL,1,RURAL,6,SIN MODIFICACION,5,OTRO,"ESTABLECIMIENTO QUE PERTENECÍA A SECRETARIA DE SALUD DEL ESTADO, SE TTRANSFIERE A SERVICIOS DE SALUD IMSS BIENESTAR.",16.954634,-92.515593
CSIMB006615,CENTRO DE SALUD MICROREGIONAL CRUSILJÁ,CENTRO DE SALUD MICROREGIONAL CRUSILJÁ,OXCHUC,SERVICIOS DE SALUD IMSS BIENESTAR ,7,CHIAPAS,SAN JUAN CANCUC,CRUSILJA,2,SAN CRISTÓBAL DE LAS CASAS,DE CONSULTA EXTERNA,23,CAMINO,SIN NOMBRE,SIN NÚMERO,,25,PUEBLO,CRUSILJA,29790,A UN COSTADO DE LA ESCUELA PRIMARIA MELCHOR OCAMPO,2227701662,PRIMER NIVEL,1,RURAL,6,SIN MODIFICACION,5,OTRO,"ESTABLECIMIENTO QUE PERTENECÍA A SECRETARIA DE SALUD DEL ESTADO, SE TTRANSFIERE A SERVICIOS DE SALUD IMSS BIENESTAR.",16.872571,-92.361815
CSIMB006620,CENTRO DE SALUD RAMOS CUBILETE,CENTRO DE SALUD RAMOS CUBILETE,SIMOJOVEL,SERVICIOS DE SALUD IMSS BIENESTAR ,7,CHIAPAS,HUITIUPAN,RAMOS CUBILETE,5,PICHUCALCO,DE CONSULTA EXTERNA,5,CALLE,SIN NOMBRE,SIN NÚMERO,,25,PUEBLO,PANTEPEC,29716,A UN COSTADO DE LA ESCUELA PRIMARIA SEBASTIAN LERDO DE TEJADA,9632528654,PRIMER NIVEL,1,RURAL,6,SIN MODIFICACION,5,OTRO,"ESTABLECIMIENTO QUE PERTENECÍA A SECRETARIA DE SALUD DEL ESTADO, SE TTRANSFIERE A SERVICIOS DE SALUD IMSS BIENESTAR.",17.259167,-92.681667
CSIMB006632,CENTRO DE SALUD SAN ISIDRO LAS BANDERAS,CENTRO DE SALUD SAN ISIDRO LAS BANDERAS,PICHUCALCO,SERVICIOS DE SALUD IMSS BIENESTAR ,7,CHIAPAS,PANTEPEC,SAN ISIDRO LAS BANDERAS,5,PICHUCALCO,DE CONSULTA EXTERNA,23,CAMINO,SIN NOMBRE,SIN NÚMERO,,7,COLONIA,RAMOS CUBILETE,29661,A 100 METROS DE LA ESCUELA PRIMARIA GUADALUPE VICTORIA,9616721946,PRIMER NIVEL,1,RURAL,6,SIN MODIFICACION,5,OTRO,"ESTABLECIMIENTO QUE PERTENECÍA A SECRETARIA DE SALUD DEL ESTADO, SE TTRANSFIERE A SERVICIOS DE SALUD IMSS BIENESTAR.",17.226382,-93.058136
CSIMB006644,CENTRO DE SALUD MICROREGIONAL JOLXIC,CENTRO DE SALUD MICROREGIONAL JOLXIC,CHAMULA,SERVICIOS DE SALUD IMSS BIENESTAR ,7,CHIAPAS,CHENALHO,JOLXIC,2,SAN CRISTÓBAL DE LAS CASAS,DE CONSULTA EXTERNA,23,CAMINO,SIN NOMBRE,SIN NÚMERO,,25,PUEBLO,JOLXIC,29870,A UN COSTADO DE LA ESCUELA PRIMARIA NIÑOS HEROES,9161219376,PRIMER NIVEL,1,RURAL,6,SIN MODIFICACION,5,OTRO,"ESTABLECIMIENTO QUE PERTENECÍA A SECRETARIA DE SALUD DEL ESTADO, SE TTRANSFIERE A SERVICIOS DE SALUD IMSS BIENESTAR.",16.921213,-92.648677
CSIMB006656,CENTRO DE SALUD MIGUEL ALDAMA,CENTRO DE SALUD MIGUEL ALDAMA,PICHUCALCO,SERVICIOS DE SALUD IMSS BIENESTAR ,7,CHIAPAS,REFORMA,MIGUEL ALDAMA,5,PICHUCALCO,DE CONSULTA EXTERNA,4,BOULEVARD,BENITO JUÁREZ,SIN NÚMERO,,3,BARRIO,GUADALUPE,29503,CERCA DE LA ESCUELA PRIMARIA CUAHUTEMOC,9933295887,PRIMER NIVEL,1,RURAL,6,SIN MODIFICACION,5,OTRO,"ESTABLECIMIENTO QUE PERTENECÍA A SECRETARIA DE SALUD DEL ESTADO, SE TTRANSFIERE A SERVICIOS DE SALUD IMSS BIENESTAR.",17.802126,-93.317856
CSIMB006661,SAN PEDRO EL PUY,SAN PEDRO EL PUY,ACALA,SERVICIOS DE SALUD IMSS BIENESTAR ,7,CHIAPAS,VENUSTIANO CARRANZA,SAN PEDRO EL PUY,1,TUXTLA GUTIERREZ,DE CONSULTA EXTERNA,5,CALLE,SIN NOMBRE,SIN NÚMERO,,7,COLONIA,SAN PEDRO EL PUY,30205,A 20 METROS DEL PARQUE CENTRAL,9611560519,PRIMER NIVEL,1,RURAL,6,SIN MODIFICACION,5,OTRO,"ESTABLECIMIENTO QUE PERTENECÍA A SECRETARIA DE SALUD DEL ESTADO, SE TTRANSFIERE A SERVICIOS DE SALUD IMSS BIENESTAR.",16.310156,-92.549656
CSIMB006673,CENTRO DE SALUD CON SERVICIOS AMPLIADOS LA INDEPENDENCIA,CENTRO DE SALUD CON SERVICIOS AMPLIADOS LA INDEPENDENCIA,COMITAN,SERVICIOS DE SALUD IMSS BIENESTAR ,7,CHIAPAS,LA INDEPENDENCIA,LA INDEPENDENCIA,3,COMITÁN,DE CONSULTA EXTERNA,24,CARRETERA,Comitan- La Independencia km 8,SIN NÚMERO,,3,BARRIO,16 DE SEPTIEMBRE,30170,"CARRETERA COMITAN-LA INDEPENDENCIA-EL TRIUNFO KM. 1, COL. BARRIO 16 DE SEPTIEMBRE",9616559021,PRIMER NIVEL,2,URBANO,6,SIN MODIFICACION,1,PROPIO,"ESTABLECIMIENTO QUE PERTENECÍA A SECRETARIA DE SALUD DEL ESTADO, SE TTRANSFIERE A SERVICIOS DE SALUD IMSS BIENESTAR.",16.250093,-92.028327
CSIMB006685,CENTRO DE SALUD CON SERVICIOS AMPLIADOS IXHUATÁN,CENTRO DE SALUD CON SERVICIOS AMPLIADOS IXHUATÁN,PICHUCALCO,SERVICIOS DE SALUD IMSS BIENESTAR ,7,CHIAPAS,IXHUATAN,IXHUATAN,5,PICHUCALCO,DE CONSULTA EXTERNA,5,CALLE,KANG,3,,7,COLONIA,MIGUEL ALDAMA,29750,"MANZANA 2 LOTE 2 CALLE KANG (TIGRE), COL. CIUDAD RURAL IXHUATÁN",9611196572,PRIMER NIVEL,2,URBANO,6,SIN MODIFICACION,5,OTRO,"ESTABLECIMIENTO QUE PERTENECÍA A SECRETARIA DE SALUD DEL ESTADO, SE TTRANSFIERE A SERVICIOS DE SALUD IMSS BIENESTAR.",17.292002,-93.016719
CSIMB006690,CENTRO DE SALUD MICROREGIONAL MUCTAHUITZ,CENTRO DE SALUD MICROREGIONAL MUCTAHUITZ,CHAMULA,SERVICIOS DE SALUD IMSS BIENESTAR ,7,CHIAPAS,LARRAINZAR,MUCTAHUITZ,2,SAN CRISTÓBAL DE LAS CASAS,DE CONSULTA EXTERNA,23,CAMINO,PARAJE MUCTAHUITZ,SIN NÚMERO,,21,PARAJE,MUCTAHUITZ,29863,"SOBRE EL CERRO AL FINAL DE LA LOCALIDAD, RUMBO A LA LOCALIDAD DE CORRALITO, SIN COLONIA",9621900776,PRIMER NIVEL,1,RURAL,6,SIN MODIFICACION,5,OTRO,"ESTABLECIMIENTO QUE PERTENECÍA A SECRETARIA DE SALUD DEL ESTADO, SE TTRANSFIERE A SERVICIOS DE SALUD IMSS BIENESTAR.",16.865256,-92.76138
CSIMB006702,CENTRO DE SALUD URBANO CHICOASÉN,CENTRO DE SALUD URBANO CHICOASÉN,TUXTLA,SERVICIOS DE SALUD IMSS BIENESTAR ,7,CHIAPAS,CHICOASEN,CHICOASEN,1,TUXTLA GUTIERREZ,DE CONSULTA EXTERNA,24,CARRETERA,A COPAINALÁ,SIN NÚMERO,,3,BARRIO,CHICOASÉN,29640,A 50 MT DE LA CURVA,9191219154,PRIMER NIVEL,2,URBANO,1,OBRA NUEVA,1,PROPIO,"ESTABLECIMIENTO QUE PERTENECÍA A SECRETARIA DE SALUD DEL ESTADO, SE TTRANSFIERE A SERVICIOS DE SALUD IMSS BIENESTAR.",16.9680345,-93.1096692
CSIMB006714,CENTRO DE SALUD URBANO PICHUCALCO,CENTRO DE SALUD URBANO PICHUCALCO,PICHUCALCO,SERVICIOS DE SALUD IMSS BIENESTAR ,7,CHIAPAS,PICHUCALCO,PICHUCALCO,5,PICHUCALCO,DE CONSULTA EXTERNA,5,CALLE,CAOBA,SIN NÚMERO,,16,FRACCIONAMIENTO,VIDA MEJOR,29520,FRENTE AL DOMO VIDA MEJOR,9625295865,PRIMER NIVEL,2,URBANO,2,SUSTITUCION DE OBRA,1,PROPIO,,17.505996,-93.124298
CSIMB006726,MATZAM,MATZAM,SAN CRISTOBAL DE LAS CASAS,SERVICIOS DE SALUD IMSS BIENESTAR ,7,CHIAPAS,TENEJAPA,MATZAM,2,SAN CRISTÓBAL DE LAS CASAS,DE CONSULTA EXTERNA,24,CARRETERA,SAN CRISTOBAL -TENEJAPA-MATZAM,SIN NÚMERO,,7,COLONIA,MATZAM,29480,FRENTE A LA ESCUELA PRIMARIA,0,PRIMER NIVEL,1,RURAL,6,SIN MODIFICACION,1,PROPIO,,16.7890559,-92.477114
CSIMB006731,"COORDINACIÓN ESTATAL DE SERVICIOS DE SALUD IMSS BIENESTAR, CHIAPAS","COORDINACIÓN ESTATAL DE SERVICIOS DE SALUD IMSS BIENESTAR, CHIAPAS",#N/D,SERVICIOS DE SALUD IMSS BIENESTAR ,7,CHIAPAS,TUXTLA GUTIERREZ,TUXTLA GUTIERREZ,1,TUXTLA GUTIERREZ,DE APOYO,4,BOULEVARD,BELISARIO DOMÍNGUEZ,333,,7,COLONIA,XAMAIPAK,29067,ESQUINA CON 16 PONIENTE SUR,0,NO APLICA,2,URBANO,6,SIN MODIFICACION,2,RENTADO,,16.7540464,-93.1318065
